Date,Close,High,Low,Open,Volume,RSI,EMA_9,SMA_5,SMA_10,SMA_15,SMA_30,MACD,MACD_signal,target
2020-02-18,5544.31298828125,5565.016173450336,5523.609803112164,5536.031714213616,98436500,45.00000982696034,5577.542117569836,5593.1720703125,5580.336328125,5555.078450520833,5594.690608723959,-4.421402057070736,-3.370644123766633,0
2020-02-19,5544.31298828125,5598.141269720873,5519.4691660783465,5519.4691660783465,74594000,47.368410164037755,5570.896291712119,5579.094140625,5588.203515625,5549.833658854167,5593.448404947917,-6.328244275226098,-3.962164154058526,0
2020-02-20,5461.50048828125,5544.313232606971,5436.656664983534,5540.172595390684,136724500,58.27344538057518,5565.579631025945,5561.703515625,5585.305126953125,5544.864876302084,5593.862483723959,-14.356217588308937,-6.040974840908609,1
2020-02-21,5478.06201171875,5515.327739689626,5461.499465953916,5465.640102395125,98261000,62.96287237685271,5544.763802477006,5529.406640625,5573.297265625,5536.859635416667,5589.85986328125,-19.16118948145504,-8.665017769017895,0
2020-02-24,5403.5302734375,5465.639816810344,5391.108364762931,5436.65536323635,84910000,43.80154899145979,5531.423444325355,5518.64091796875,5561.28935546875,5544.31279296875,5586.823372395834,-28.652959238049334,-12.662606062824183,1
2020-02-25,5407.67138671875,5432.515206259571,5391.1088403582025,5424.2339330792975,86446500,29.166835567118582,5505.844810147784,5486.34375,5539.75791015625,5549.00546875,5580.750406901042,-35.432656315645545,-17.216616113388458,0
2020-02-26,5316.578125,5411.812779887072,5316.578125,5382.82831970405,92824500,22.413859707264308,5486.210125461977,5459.0154296875,5519.05478515625,5545.1408203125,5571.364957682292,-47.60729278060717,-23.2947514468322,0
2020-02-27,5208.9208984375,5362.124454273897,5134.389438841416,5357.98381762967,129254500,15.942162736306557,5452.2837253695825,5413.46845703125,5487.585986328125,5528.026236979166,5559.909212239583,-65.19133323784808,-31.674067805035378,0
2020-02-28,5208.9208984375,5208.9208984375,4997.748429581926,5134.389438841416,169946500,12.782041551698455,5403.6111599831665,5362.9525390625,5446.17958984375,5503.182356770833,5544.450813802084,-78.22508193525482,-40.98427063107927,0
2020-03-02,5035.0146484375,5208.921404386821,4997.748915019788,5208.921404386821,144871500,9.77021738025448,5364.673107674033,5309.12431640625,5413.8826171875,5477.234342447917,5528.302311197916,-101.41811773025711,-53.07104005091484,1
2020-03-03,5233.7646484375,5258.608467971222,5134.389370302611,5134.389370302611,114663500,27.981605967187818,5298.741415826727,5235.42119140625,5360.882470703125,5438.312337239583,5507.461116536459,-102.57883674081222,-62.972599388894324,1
2020-03-04,5333.14013671875,5382.82777774408,5184.07721364276,5229.624217915979,83025000,35.41664619369851,5285.746062348881,5200.63984375,5329.82763671875,5412.916471354167,5493.382942708334,-94.39185300595364,-69.25645011230618,0
2020-03-05,5329.0,5415.95337995338,5250.327894327895,5415.95337995338,77583000,38.812797436032746,5295.224877222856,5203.95224609375,5308.7103515625,5393.04140625,5482.341227213542,-87.23212619402966,-72.85158532865088,0
2020-03-06,5134.38916015625,5258.608252740676,5134.38916015625,5258.608252740676,77835500,29.844906675247415,5301.979901778285,5227.96806640625,5295.460302734375,5373.442415364583,5471.161507161459,-96.15306675690772,-77.51188161430225,0
2020-03-09,4790.716796875,5001.889274524633,4790.716796875,4968.764179991357,140889500,22.916626451899347,5268.461753453878,5213.06171875,5261.093017578125,5346.942317708334,5454.322900390625,-129.46210538835658,-87.90192636911311,1
2020-03-10,4906.654296875,4977.045118011603,4836.263475738397,4836.263475738397,133667000,28.84610712000584,5172.912762138103,5164.2021484375,5199.811669921875,5295.32236328125,5425.200406901042,-144.8350034000232,-99.28854177529514,0
2020-03-11,4844.54541015625,4952.201974826389,4794.857764923879,4927.358152210203,93204500,29.24787243407731,5119.661069085482,5098.780078125,5149.7099609375,5252.811783854167,5401.322721354167,-160.18331043060243,-111.46749550635661,0
2020-03-12,4604.38818359375,4670.638373285747,4521.575446478754,4637.513278439748,129845500,24.455207055582576,5064.637937299636,5001.0611328125,5102.506689453125,5206.160611979167,5375.512744140625,-189.5407279104793,-127.08214198718116,0
2020-03-13,4604.38818359375,4604.38818359375,4604.38818359375,4604.38818359375,0,25.56962652633578,4972.587986558459,4856.13876953125,5042.05341796875,5149.019791666667,5342.939713541667,-210.38154527607549,-143.74202264496003,0
2020-03-16,4604.38818359375,4604.38818359375,4604.38818359375,4604.38818359375,0,25.380695011202818,4898.948025965517,4750.13857421875,4981.600146484375,5090.774869791667,5317.543831380209,-224.31231050238512,-159.85608021644506,0
2020-03-17,4240.01220703125,4558.84124994278,4240.01220703125,4550.559976100922,212200000,21.739105913670727,4840.036057491164,4712.8728515625,4938.5375,5037.49873046875,5293.252099609375,-261.73749152510754,-180.23236247817758,0
2020-03-18,4140.63720703125,4455.325634765625,3946.027258300781,4240.012500000001,180053500,21.834047530708588,4720.031287399181,4579.54443359375,4839.162255859375,4959.65478515625,5252.397802734375,-296.00380153977585,-203.38665029049724,0
2020-03-19,3850.7919921875,4136.495914188508,3850.7919921875,4136.495914188508,264419000,18.939373974025386,4604.152471325595,4438.76279296875,4719.911962890625,4881.258723958334,5204.64248046875,-342.5989185298022,-231.22910393835824,1
2020-03-20,3921.182861328125,4459.4656194829895,3581.650660030441,3809.385673095961,335132000,23.26041528321568,4453.480375497976,4288.0435546875,4572.091162109375,4790.716796875,5146.949576822916,-369.5855771115703,-258.90039857300064,0
2020-03-23,3668.604248046875,4140.636848811371,3647.9010638028185,3941.8862800684255,217843500,13.372092159604946,4347.020872664006,4151.402490234375,4450.770532226563,4704.867594401042,5091.050968424479,-406.66589042614305,-288.45349694362915,1
2020-03-24,3726.5732421875,4136.496298828125,3685.166872829861,3685.166872829861,253971000,11.660072465136025,4211.33754774058,3964.245703125,4338.55927734375,4613.773567708334,5026.042952473958,-426.45874160524727,-316.0545458759528,1
2020-03-26,4372.51220703125,4467.74684790409,3850.792000510476,3850.792000510476,331633000,32.52645935673323,4114.384686629964,3861.55791015625,4220.551171875,4513.294140625,4963.105305989583,-385.57813787934356,-329.95926427663096,1
2020-03-27,4562.98193359375,4881.810979770446,4434.622187730405,4438.762824693738,269683000,39.54546282938829,4166.010190710222,3907.93291015625,4173.3478515625,4449.252278645833,4921.146842447916,-333.96095577139204,-330.75960257558324,0
2020-03-30,4550.56005859375,4600.247702545638,4268.996742866385,4538.138147605779,159964500,45.000003049764224,4245.4045392869275,4050.3708984375,4169.2072265625,4398.184407552083,4885.813411458334,-290.70523952417716,-322.74872996530206,1
2020-03-31,4575.4033203125,4728.606870404412,4542.278228400735,4687.200505514706,182638500,42.831538264510385,4306.435643148292,4176.246337890625,4163.8244140625,4359.262467447917,4853.102392578125,-251.52075446946037,-308.50313486613373,0
2020-04-01,4538.1376953125,4761.732070811474,4492.590692896042,4604.38788064553,152831500,43.297088019947985,4360.229178581134,4357.60615234375,4160.925927734375,4344.908235677083,4820.115299479166,-220.92708236711042,-290.9879243663291,0
2020-04-02,4480.1689453125,4529.85658611079,4438.762577980591,4529.85658611079,136623500,47.047240027568265,4395.8108819274075,4519.91904296875,4190.7384765625,4320.340462239584,4786.576123046875,-199.06428134826456,-272.60319576271615,1
2020-04-03,4550.56005859375,4579.544517565685,4442.9034966979925,4521.575599621816,110506000,48.7619080990797,4412.682494604426,4541.450390625,4224.691650390625,4296.048697916666,4751.104654947917,-174.05152186834857,-252.89286098384264,1
2020-04-06,4749.31005859375,4753.450695087729,4550.559506882765,4571.262689352659,78184000,53.05409367917857,4440.258007402291,4538.966015625,4294.66845703125,4292.46015625,4720.739973958333,-136.6164365565237,-229.63757609837887,0
2020-04-07,4683.06103515625,5051.577774439103,4620.951472355769,4749.311235476763,149153500,60.67866968201393,4502.068417640583,4578.716015625,4377.481176757812,4302.121614583333,4696.4482421875,-111.01489367695649,-205.9130396140944,0
2020-04-08,4666.49755859375,4687.200742083518,4538.137820957188,4683.060105385564,106111500,63.201655352313985,4538.266941143716,4600.24755859375,4478.92685546875,4307.366471354167,4672.432600911458,-91.01288079137612,-182.93300784955076,0
2020-04-09,4633.37255859375,4716.185294225453,4554.700459743633,4637.513195375335,89997000,72.55372521162344,4563.9130646337235,4625.91953125,4572.919287109375,4335.798828125,4647.726806640625,-76.94705439052177,-161.73581715774495,0
2020-04-13,4554.70068359375,4649.93533425071,4538.138135653408,4587.825779474431,58043000,68.17105131766415,4577.804963425729,4656.56025390625,4599.005322265625,4368.6478515625,4624.953287760417,-71.32574961047249,-143.65380364829048,1
2020-04-14,4567.12255859375,4629.232112881064,4509.153641258925,4558.841284688775,95796000,79.8898430940612,4573.184107459333,4657.38837890625,4598.177197265625,4415.57509765625,4603.145947265625,-65.11784558495856,-127.9466120356241,0
2020-04-15,4542.2783203125,4662.356780922401,4509.153227730458,4567.122139749031,95342000,77.74649000832446,4571.971797686217,4620.95087890625,4599.833447265625,4458.637744140625,4581.752669270833,-61.49389596250512,-114.65606882100032,0
2020-04-16,4339.38720703125,4571.262859315363,4293.840203904014,4542.278402779849,176990500,48.38709984194339,4566.033102211473,4592.7943359375,4596.520947265625,4516.882682291666,4565.328125,-74.1388801273215,-106.55263108226457,1
2020-04-17,4492.591796875,4509.154347278226,4372.513306451613,4389.075856854839,160935500,46.44354808866521,4520.703923175429,4527.372265625,4576.6458984375,4557.736946614584,4535.515543619792,-70.97958271760672,-99.438021409333,0
2020-04-20,4434.62060546875,4554.699034561741,4413.917428038924,4496.730137758228,90744000,44.399932075792094,4515.081497915343,4499.21611328125,4577.88818359375,4565.742252604166,4507.497265625,-72.3199480761059,-94.01440674268758,0
2020-04-21,4347.00830078125,4511.284777264263,4347.00830078125,4511.284777264263,73431000,39.598836767159085,4498.989319426025,4475.20009765625,4566.29423828125,4557.184830729167,4477.684619140625,-79.53494868161215,-91.1185151304725,0
2020-04-22,4334.3720703125,4410.191989909803,4250.127715204386,4347.008723578718,107263500,40.507524611941115,4468.59311569707,4431.17724609375,4526.0640625,4543.614713541667,4451.438590494791,-85.28936413720385,-89.95268493181878,0
2020-04-23,4313.31005859375,4418.6154799461365,4313.31005859375,4363.856660842896,105419500,41.95002673689716,4441.748906620156,4389.59599609375,4491.195166015625,4527.545963541666,4436.227099609375,-90.50601120804095,-90.06335018706322,0
2020-04-24,4144.82177734375,4330.159336493268,4144.82177734375,4313.310467479675,131149500,32.118050922813524,4416.061137014875,4384.38056640625,4455.876416015625,4512.557454427083,4416.448958333333,-107.0023809363829,-93.45115633692716,1
2020-04-27,4178.52001953125,4229.066632670741,4090.063446537141,4161.671148484753,151103500,20.560820625643444,4361.813265080651,4314.8265625,4407.021337890625,4490.2009765625,4393.124837239583,-116.01930791729137,-97.964786653,0
2020-04-28,4069.00146484375,4191.155753125809,4047.9403806571886,4178.519102613872,180488000,19.68232830029295,4325.154615970771,4263.6064453125,4369.403271484375,4465.398307291666,4378.929231770833,-130.49821737407365,-104.47147279721473,1
2020-04-29,4085.8515625,4085.8515625,4043.7293814432983,4064.79047197165,121161000,21.34015226921622,4273.923985745367,4208.005078125,4319.591162109375,4420.044401041667,4361.0830078125,-139.01076579784512,-111.37933139734082,1
2020-04-30,4355.43212890625,4422.827597051801,4111.123556878627,4111.123556878627,174081000,38.87749933955377,4236.309501096293,4158.3009765625,4273.948486328125,4380.230436197917,4343.798453776041,-122.59097062397268,-113.62165924266719,1
2020-05-04,4397.5546875,4464.950161637931,4212.21713362069,4338.583647629311,114497500,43.52189975696682,4260.134026658285,4166.725390625,4275.552978515625,4359.492740885416,4347.645784505208,-104.96920653298821,-111.8911687007314,1
2020-05-05,4452.31396484375,4498.648358044584,4380.706266260643,4397.555136515492,118643500,45.42682428726471,4287.618158826628,4217.27197265625,4266.049267578125,4343.771549479166,4356.209700520833,-85.59848939117,-106.63263283881913,1
2020-05-06,4511.2841796875,4523.920830050771,4464.949795022176,4477.586445385446,86395500,48.79808529814967,4320.557320030053,4272.03076171875,4267.818603515625,4336.945768229167,4376.260432942709,-64.74234355872068,-98.25457498279945,0
2020-05-08,4418.615234375,4549.193949594853,4338.583118595091,4502.859566774905,123028000,53.359559564948235,4358.702691961543,4360.4873046875,4284.24619140625,4333.223209635416,4395.930476888021,-55.05664837522181,-89.61498966128393,1
2020-05-11,4460.73876953125,4486.012077007348,4418.61659040442,4418.61659040442,40615500,48.508839983340884,4370.685200444234,4427.0400390625,4292.6705078125,4324.97900390625,4420.930843098959,-43.48043255374614,-80.38807823977638,0
2020-05-12,4397.5546875,4498.647898706897,4237.490436422414,4498.647898706897,118660000,48.27323279954614,4388.695914261638,4448.1013671875,4307.41337890625,4333.069108072917,4445.40302734375,-38.95556992056663,-72.10157657593443,0
2020-05-13,4304.88623046875,4355.4328398284615,4283.825143235537,4347.008404935176,94973000,48.04688596654081,4390.46766890931,4448.1013671875,4332.686669921875,4326.73330078125,4446.237776692708,-42.35886705181565,-66.15303467111067,0
2020-05-14,4144.82177734375,4304.886032972879,4132.185125583555,4271.188294945694,131268000,42.26804575448492,4373.351381221199,4418.6158203125,4345.323291015625,4318.084342447916,4437.634586588541,-57.31122012983906,-64.38467176285636,0
2020-05-15,4031.091552734375,4208.004661631809,3942.634998285658,4144.821408454153,205790000,39.29715483218552,4327.6454604457085,4345.32333984375,4352.905322265625,4304.605240885417,4424.109977213541,-77.44540390476595,-66.99681819123828,0
2020-05-18,4014.243408203125,4081.638890397511,4001.6067552916775,4043.728931663169,139997500,44.40436302522556,4268.334678903442,4267.818603515625,4347.4293212890625,4284.386539713541,4405.966251627604,-93.68149213656397,-72.33375298030342,0
2020-05-19,3942.634521484375,4178.518638154381,3942.634521484375,4077.425445295807,128504500,40.2097663302626,4217.516424763379,4178.51953125,4313.31044921875,4264.448763020833,4388.503108723959,-111.04686855628734,-80.07637609550021,1
2020-05-20,4014.243408203125,4043.728931663169,3951.060143645888,3976.333449468783,119158000,47.653470846894805,4162.540044107579,4087.535498046875,4267.818432617188,4250.969612630209,4370.585294596354,-117.67433924880606,-87.59596872616139,1
2020-05-26,4186.94287109375,4212.216168102364,4022.666440537758,4022.666440537758,176076500,53.82157974750089,4132.880716926688,4029.40693359375,4224.011376953125,4240.017838541667,4352.708072916666,-107.74918860068556,-91.62661270106622,0
2020-05-27,4182.7314453125,4212.216964060926,4090.06267210316,4186.943662276561,151753500,41.83269554229788,4143.693147760101,4037.83115234375,4191.57724609375,4247.880598958333,4333.9625,-99.08111663270665,-93.11751348739432,1
2020-05-28,4460.73876953125,4481.7998590946645,4212.217912682956,4212.217912682956,229233000,52.44302361671936,4151.500807270581,4068.159130859375,4167.9888671875,4254.3392578125,4317.284847005209,-68.98354017729253,-88.29071882537397,0
2020-05-29,4372.28125,4460.7378070809245,4372.28125,4460.7378070809245,399414000,46.98411197206733,4213.348399722715,4157.458203125,4167.9888671875,4261.359700520833,4310.426220703125,-51.673120977654435,-80.96719925583007,1
2020-06-02,4515.49609375,4633.438155900187,4414.4028976212685,4431.251763642724,181369500,50.14924262740383,4245.1349697781725,4243.387548828125,4165.4615234375,4259.6748046875,4301.723177083333,-26.09741331722398,-69.99324206810886,1
2020-06-03,4869.322265625,4869.322265625,4549.193812175606,4557.618245161116,279673500,63.47603857187699,4299.207194572538,4343.6380859375,4186.522509765625,4263.886946614583,4300.416357421875,22.463390307811096,-51.501915592924874,1
2020-06-04,4877.748046875,5046.236753157384,4717.683775906736,4869.323611560881,236158500,62.72490420953572,4413.230208783031,4480.11396484375,4258.97255859375,4287.75615234375,4310.489680989584,60.92575301622492,-29.016381871094914,0
2020-06-05,4822.98828125,4932.505919077511,4705.04620974345,4877.747100163756,88157500,63.04905872651535,4506.133776401425,4619.11728515625,4343.638208007813,4318.365006510417,4321.672005208334,85.99747180610757,-6.013611135654418,1
2020-06-08,4970.41650390625,4991.477590787209,4848.26219999669,4848.26219999669,173557500,69.7499490676703,4569.50467737114,4691.5671875,4424.5126953125,4342.514973958333,4337.792041015625,116.42118409775503,18.473347911027474,0
2020-06-09,4890.3837890625,5050.448030220446,4881.959355317345,5004.1136446220935,100110000,73.22826608152972,4649.6870426781625,4811.19423828125,4527.2908935546875,4380.70576171875,4353.71953125,132.54631266808792,41.28794086243957,0
2020-06-10,4886.171875,4940.930697737069,4713.470972521552,4886.171875,115382500,78.5914813212979,4697.82639195503,4886.17177734375,4614.904931640625,4419.738932291667,4368.911637369792,143.33346797412742,61.697046284777144,0
2020-06-11,4785.0791015625,4894.596757056008,4721.895838777784,4844.050146828236,85187500,74.3999327355265,4735.495488564024,4889.54169921875,4684.82783203125,4469.162272135417,4386.883756510417,142.08713230750072,77.77506348932187,0
2020-06-12,4776.654296875,4785.078731261023,4616.590043540565,4785.078731261023,96044000,77.49996337250516,4745.412211163719,4871.00791015625,4745.06259765625,4519.428108723959,4401.90732421875,138.81936772401878,89.98392433626125,0
2020-06-15,4633.439453125,4810.352595880682,4633.439453125,4785.079289772727,100844500,69.49600421494173,4751.6606283059755,4861.74111328125,4776.654150390625,4570.255501302084,4417.352132161458,123.25262027001918,96.63766352301285,1
2020-06-16,4852.4736328125,4881.959149678549,4700.833831787109,4700.833831787109,91518500,70.36081326914706,4728.016393269781,4794.345703125,4802.769970703125,4616.309163411458,4433.639388020833,127.12467440198543,102.73506569880738,0
2020-06-17,4818.7763671875,4886.171840854458,4785.078630354021,4886.171840854458,79800000,69.11390101892286,4752.907841178325,4786.763671875,4836.467724609375,4672.191178385417,4456.104508463542,126.02151984694956,107.39235652843581,0
2020-06-18,4705.04638671875,4835.625113655438,4705.04638671875,4818.776245663607,68032000,58.146026804902505,4766.08154638016,4773.2845703125,4831.413134765625,4714.313411458334,4481.097005208333,114.64860521690025,108.84360626612872,0
2020-06-19,4696.62255859375,4759.805821713845,4671.349253345712,4717.683646300448,110071000,61.424353778983075,4753.874514447878,4757.27802734375,4814.14296875,4749.134407552084,4501.736832682292,103.7596789159561,107.82682079609421,0
2020-06-22,4667.13671875,4768.229932874549,4658.712284239621,4713.471108557085,51590500,55.8064791152972,4742.424123277053,4741.2716796875,4801.506396484375,4764.859993489584,4513.109847005208,91.69387559957977,104.60023175679133,1
2020-06-23,4734.53173828125,4768.229473073287,4650.287401301157,4692.409569791204,69954000,43.38845291077066,4727.366642371642,4748.0111328125,4771.17841796875,4784.517024739584,4522.095914713542,86.57190731602714,100.99456686863849,1
2020-06-24,4806.1396484375,4852.474035933392,4751.380826851446,4759.805260941608,57333000,46.6925720780861,4728.799661553564,4724.42275390625,4755.593212890625,4799.119401041667,4531.503173828125,87.28470668108184,98.25259483112717,1
2020-06-25,4822.98828125,4839.837148608079,4751.380594978166,4801.927197052401,51415000,50.0,4744.267658930352,4721.89541015625,4747.589990234375,4794.9072265625,4541.331689453125,88.19252069081267,96.24058000306427,0
2020-06-26,4755.5927734375,4852.4737599645705,4751.380556631975,4818.776025520372,57467500,38.86456582186403,4760.011783394282,4745.4837890625,4751.380908203125,4791.256575520833,4554.810791015625,82.52244818700274,93.49695363985197,1
2020-06-29,4780.86669921875,4797.71556864331,4705.046786808232,4751.381177725771,48796500,43.98149564358721,4759.127981402926,4757.27783203125,4749.274755859375,4786.763541666666,4564.6392578125,79.15581055332586,90.62872502254675,1
2020-06-30,4797.7158203125,4835.625778506365,4768.230297272827,4801.928037889596,74474000,45.2054968542673,4763.475724966091,4780.023828125,4764.01748046875,4774.126888020834,4577.416324869791,76.96016040845552,87.89501209972852,1
2020-07-01,4886.171875,4886.171875,4780.866446659483,4801.927532327586,63959000,55.55554362957819,4770.323744035372,4792.66064453125,4758.54169921875,4767.9490234375,4593.843977864583,81.41920627676518,86.59985093513586,1
2020-07-02,4945.14306640625,4945.14306640625,4852.474286626916,4865.110938415008,75585500,58.771954353755845,4793.493370228298,4808.66708984375,4765.28125,4767.9490234375,4618.555647786458,88.6891611145229,87.01771297101328,0
2020-07-03,4945.14306640625,4974.628587245129,4919.869762830068,4945.14306640625,52219000,69.07217603660698,4823.823309463888,4833.098046875,4789.29091796875,4778.619954427083,4649.024031575521,93.37429198610516,88.28902877403166,1
2020-07-06,4999.90185546875,4999.90185546875,4928.294162509214,4936.718596975043,67800000,61.29038048050855,4848.0872608523605,4871.00810546875,4814.14296875,4789.8525390625,4680.054020182291,100.3491065601529,90.70104433125591,1
2020-07-07,5046.236328125,5050.448545427274,4970.416416684057,5004.114155102254,74168000,67.0886261689237,4878.450179775638,4914.81513671875,4847.419482421875,4814.283365885417,4715.2962646484375,108.36632256014582,94.23409997703389,1
2020-07-08,5223.14892578125,5277.907745164441,5037.811383253528,5046.235817004788,106444500,85.54915425045765,4912.007409445511,4964.51923828125,4878.58994140625,4827.20087890625,4749.696028645833,127.52535915311546,100.89235181225021,0
2020-07-09,5138.9052734375,5256.847361680328,5079.934229316086,5231.574057056865,93543500,77.48693164886691,4974.23571271266,5031.9146484375,4920.290869140625,4854.159049479166,4784.23623046875,134.36242855718774,107.58636716123772,1
2020-07-10,5223.14892578125,5256.84666078629,5122.0557207661295,5138.90458826865,67224000,82.35298128736517,5007.169624857628,5070.66708984375,4951.882568359375,4883.082975260417,4816.10869140625,144.90820245324448,115.05073421963908,0
2020-07-13,5202.08837890625,5256.847203947368,5172.602857730263,5248.422769325658,86006000,78.75657533571902,5050.365485042353,5126.26826171875,4998.63818359375,4918.184733072917,4841.52236328125,149.83914176692724,122.00841572909673,1
2020-07-14,5223.14892578125,5223.14892578125,5147.32902201991,5202.0878414031,45616500,77.34814555790172,5080.710063815132,5166.70556640625,5040.7603515625,4953.848177083333,4869.182600911458,153.67488836719804,128.341710256717,0
2020-07-15,5181.02734375,5256.847256097561,5181.02734375,5223.149517276423,61468000,72.72739670661281,5109.197836208356,5202.0880859375,5083.303662109375,4986.42265625,4892.771028645833,151.568695959023,132.9871073971782,1
2020-07-16,5206.30078125,5223.149651092233,5172.603041565534,5181.027476486651,66520500,80.2261566854803,5123.563737716686,5193.66376953125,5112.789208984375,5011.415169270834,4903.161197916666,150.2073812978133,136.43116217730523,0
2020-07-17,5155.75341796875,5206.300020105698,5088.357948452819,5168.390068502988,73348000,74.31698662034907,5140.111146423349,5207.14287109375,5138.90498046875,5036.9693359375,4914.112955729167,143.3967909020912,137.8242879222624,1
2020-07-20,5172.6025390625,5189.451407267916,5105.207066240839,5155.753670857085,59794500,74.31698662034907,5143.23960073243,5193.66376953125,5159.966015625,5063.646712239583,4925.205126953125,137.77079622457768,137.81358958272546,1
2020-07-21,5223.14892578125,5252.634443910661,5138.90458826865,5138.90458826865,84159500,72.98856049891174,5149.112188398444,5187.7666015625,5177.236083984375,5089.762434895833,4931.944661458333,135.82511846648777,137.41589535947793,0
2020-07-22,5206.30078125,5265.271825697815,5164.178606644417,5231.574086013349,44725500,68.90254806649048,5163.919535875006,5187.7666015625,5194.92734375,5118.124641927084,4943.036832682292,131.40885093310953,136.21448647420425,1
2020-07-23,5223.14892578125,5235.7855764081405,5172.60232327369,5206.30005827873,84026500,69.64293600061825,5172.395784950005,5192.8212890625,5193.242529296875,5139.466569010417,4953.707796223958,127.79528703414599,134.5306465861926,0
2020-07-24,5138.9052734375,5223.149622182377,5138.9052734375,5223.149622182377,58366500,59.42864864614225,5182.546413116254,5196.19091796875,5201.66689453125,5158.00029296875,4968.310123697916,116.7874993248115,130.9820171339164,0
2020-07-27,5138.9052734375,5172.603012935451,5054.660924692623,5138.9052734375,41972500,56.70737568881136,5173.818185180504,5192.8212890625,5193.242529296875,5170.9177734375,4980.38515625,106.83225255168873,126.15206421747087,1
2020-07-28,5210.51171875,5223.148368027486,5105.206308104284,5155.752905214228,65279000,48.920805711669445,5166.835602831903,5186.0818359375,5186.92421875,5180.18466796875,4997.234016927084,103.52729128654482,121.62710963128566,0
2020-07-29,5168.39013671875,5210.512305722163,5138.904618416361,5210.512305722163,50262500,52.713144857717715,5175.5708260155225,5183.55439453125,5185.660498046875,5191.136360677084,5009.168619791667,96.39800977675623,116.58128966037978,1
2020-07-30,5256.84619140625,5256.84619140625,5100.9941809238535,5168.389644916241,80533500,53.076909358419904,5174.134688156168,5175.972265625,5184.39677734375,5187.485774739584,5020.822412109375,96.77016099314096,112.61906392693201,0
2020-08-03,5164.177734375,5252.63428610573,4907.232512680975,5239.997635858484,137079000,46.93869504291055,5190.676988806184,5182.71171875,5189.451318359375,5195.348502604166,5039.215738932292,88.56658305484598,107.80856775251482,1
2020-08-04,5231.57275390625,5239.997186682267,5164.177291698118,5185.23837363816,79357000,50.63287052933391,5185.377137919948,5187.7662109375,5190.29375,5191.41708984375,5054.800911458334,86.50621348682398,103.54809689937666,0
2020-08-05,5227.361328125,5239.997979200241,5138.904770598308,5223.14911109992,49393000,53.69127307920919,5194.616261117209,5206.29970703125,5196.190771484375,5193.38271484375,5073.615445963542,83.57018383717059,99.55251428693546,1
2020-08-06,5273.6962890625,5303.181811445437,5210.513026813349,5235.7863317130095,55258500,55.194845275463116,5201.165274518768,5209.66962890625,5196.61201171875,5193.663541666667,5090.043098958334,84.01374513986684,96.44476045752174,0
2020-08-07,5206.30078125,5294.757347921724,5189.451911407767,5277.90847807949,43621000,53.79755611722714,5215.671477427514,5230.730859375,5203.3515625,5199.841471354167,5105.6283203125,78.02756325648261,92.76132101731392,0
2020-08-10,5155.75341796875,5223.148887484682,5143.116767434513,5206.300020105698,37774500,48.79515422039945,5213.797338192012,5220.62177734375,5201.666748046875,5199.841471354167,5118.405403645834,68.41606341935676,87.89226949772248,1
2020-08-11,5202.08837890625,5223.149465460526,5164.178423108552,5172.602857730263,38795500,48.48487829004682,5202.188554147359,5218.9369140625,5203.3515625,5199.841471354167,5131.744091796875,63.80225201583107,83.0742660013442,1
2020-08-12,5273.6962890625,5273.6962890625,5189.451939396965,5202.088591846796,35612000,54.49440324265466,5202.1685190991375,5213.0400390625,5209.669873046875,5201.807194010416,5145.784814453125,65.17266324187767,79.49394544945089,1
2020-08-13,5307.39404296875,5307.39404296875,5206.300823102679,5273.696303013393,48581000,55.49457338666531,5216.47407309181,5222.30703125,5215.988330078125,5205.177018229167,5161.650830078125,68.19177875062451,77.23351210968562,1
2020-08-14,5395.85009765625,5395.85009765625,5256.8469335480095,5307.393538678279,57316000,66.66668778152707,5234.658067067198,5229.04658203125,5229.888720703125,5211.916569010416,5175.691569010417,76.8363918023415,77.1540880482168,0
2020-08-18,5357.93994140625,5412.698761562132,5307.393338185437,5395.849893821861,81563500,63.541662264302445,5266.896473185008,5266.9564453125,5243.789111328125,5223.42998046875,5190.71513671875,79.70943638072549,77.66515771471855,0
2020-08-19,5332.6669921875,5400.062467602192,5315.818123333826,5357.940295468009,58793500,58.01112579863406,5285.105166829257,5307.39375,5263.16533203125,5238.032291666666,5204.475032552084,79.03595186621806,77.93931654501846,0
2020-08-24,5320.03076171875,5374.789589828286,5290.545238890539,5341.091849453187,66882500,60.3448965044003,5294.617531900905,5333.50947265625,5273.274755859375,5250.949739583333,5215.567203776041,76.59958006542183,77.67136924909914,1
2020-08-25,5362.15185546875,5374.788505560192,5311.60525510298,5324.241905194423,49211000,57.66874612413024,5299.700177864474,5342.7763671875,5282.54169921875,5258.251009114583,5224.693684895833,77.17789932331198,77.57267526394172,0
2020-08-26,5341.09130859375,5383.213479797171,5311.605788751356,5379.001262676829,42983000,64.38363995385409,5312.19051338533,5353.7279296875,5291.387255859375,5271.16845703125,5229.327115885417,75.07143461142186,77.07242713343776,1
2020-08-27,5560.1259765625,5560.1259765625,5341.090710819129,5362.151794063683,68326000,71.4286442201191,5317.970672427014,5342.776171875,5304.86630859375,5276.784798177084,5236.066650390625,90.0384066026163,79.66562302727347,0
2020-08-28,5471.67041015625,5560.126975678407,5412.699366474812,5526.429236431871,52292500,64.35650041633836,5366.401733254111,5383.21337890625,5345.303564453125,5303.18134765625,5247.29921875,93.68230350231352,82.46895912228148,0
2020-08-31,5286.33251953125,5509.580028324203,5286.33251953125,5475.882291147908,97032000,50.63827814118725,5387.455468634538,5411.0140625,5372.261767578125,5319.187858072916,5256.285286458334,80.68481488666384,82.11213027515795,1
2020-09-01,5492.7314453125,5492.7314453125,5256.847272814417,5290.545011742714,67446000,62.68658653159913,5367.230878813881,5404.2744140625,5373.525390625,5323.119270833334,5258.39140625,86.04698381266098,82.89910098265855,0
2020-09-02,5421.123046875,5526.428467365967,5362.152011400058,5492.730732808857,66065000,61.53848113617343,5392.330992113605,5430.39033203125,5392.059130859375,5337.721614583334,5268.78154296875,83.55517003245768,83.03031479261838,1
2020-09-03,5475.8828125,5475.8828125,5307.394110576923,5446.397289663461,68208500,61.81821400765581,5398.089403065885,5446.3966796875,5394.58642578125,5352.043098958334,5275.94228515625,85.01899900058834,83.42805163421238,0
2020-09-04,5374.78857421875,5433.759608732122,5277.907588946782,5433.759608732122,80613500,54.25528372737344,5413.648084952708,5429.548046875,5406.380712890625,5373.38505859375,5286.613264973958,77.13249842611094,82.1689409925921,0
2020-09-07,5294.75732421875,5357.940585844272,5223.149627709825,5336.879498635765,64249500,49.488051096773376,5405.876182805917,5410.1716796875,5410.59287109375,5384.898404947917,5293.352799479167,63.69035411931418,78.47322361793653,1
2020-09-08,5336.87841796875,5357.939500912589,5294.7562520810725,5294.7562520810725,39649000,47.51769842750982,5383.652411088484,5411.856640625,5408.06552734375,5386.302473958333,5295.73974609375,55.79303082630486,73.9371850596102,0
2020-09-09,5261.05908203125,5324.242337620096,5231.573562756455,5307.393469463071,49285000,46.04810503756463,5374.297612464537,5380.68603515625,5405.53818359375,5388.268098958333,5300.092333984375,42.921585142166805,67.73406507612152,0
2020-09-10,4894.595703125,5239.99746530766,4894.595703125,5239.99746530766,175735000,36.02146148232307,5351.64990637788,5348.6732421875,5397.5349609375,5379.28203125,5301.356005859375,3.1144383812497836,54.81013973714718,1
2020-09-11,4974.62744140625,5033.59846950082,4734.5311127355,4886.170899264394,403032500,39.43292808990644,5260.2390657273045,5232.4158203125,5330.98193359375,5348.392415364583,5293.212353515625,-21.724691080009507,39.50317357371585,1
2020-09-14,5096.783203125,5151.542030927169,5042.024375322831,5054.661027892562,138115000,42.260473051393674,5203.116740863094,5152.38359375,5281.27763671875,5324.523111979167,5287.73642578125,-31.193353499956174,25.363868158981443,0
2020-09-15,4936.71826171875,5138.904675167982,4936.71826171875,5088.358071805674,170087000,39.09091196496261,5181.850033315475,5112.78876953125,5262.322705078125,5309.63994140625,5283.945475260417,-51.02505467049832,10.08608359308549,0
2020-09-16,4844.048828125,4945.142021059783,4839.8366117527175,4936.717588315218,158565500,29.26831819775397,5132.823678996131,5032.75673828125,5206.72138671875,5281.277701822916,5276.223079427084,-73.37366362731427,-6.605865850994462,1
2020-09-17,4848.26171875,4932.506057911599,4772.441813504562,4844.04950179192,138796000,31.02567448313826,5075.068708821906,4949.3546875,5149.01396484375,5248.141536458334,5262.463167317708,-89.71101938547781,-23.22689655789113,0
2020-09-18,4742.95654296875,4831.413103716835,4692.409936826987,4801.927583467474,316912000,32.614598292008324,5029.707310807525,4940.087890625,5086.25185546875,5200.683919270833,5251.932633463542,-109.889007071597,-40.55931866063231,0
2020-09-21,4721.89453125,4831.412156417262,4713.470098544826,4751.380045718109,112443000,22.018395456224468,4972.3571572397705,4893.7537109375,5023.06865234375,5152.102994791667,5235.645426432292,-126.12583588504822,-57.672622105515494,0
2020-09-22,4591.31640625,4688.197394638762,4574.467538704129,4650.28744266055,163442500,21.114436492838806,4922.264632041817,4818.7759765625,4965.782373046875,5114.473795572917,5218.796533203125,-147.82615520174022,-75.70332872476044,1
2020-09-23,4637.65087890625,4705.046350352663,4570.255407459837,4591.316492286841,100517000,20.648988229839063,4856.074986883454,4749.69560546875,4891.226171875,5054.379459635416,5196.050537109375,-159.44700408182052,-92.45206379617245,0
2020-09-24,4587.10400390625,4662.923904797262,4540.769620028409,4574.467353757747,88618500,21.406759809252904,4812.390165288013,4708.416015625,4828.8853515625,5002.147981770833,5177.095540364583,-170.7668272319479,-108.11501648332754,1
2020-09-25,4726.10693359375,4738.743583148814,4599.740438043114,4616.589304116533,100705000,30.20527031813772,4767.332933011661,4656.18447265625,4798.136181640625,4942.896061197916,5158.140559895834,-166.60102103852114,-119.81221739436626,0
2020-09-28,4646.0751953125,4797.715002231131,4633.438544735947,4759.8050505014735,93522000,26.571486389498574,4759.087733128079,4652.81455078125,4773.284130859375,4899.650618489583,5142.27451171875,-167.822923843446,-129.41435868418222,0
2020-09-29,4637.65087890625,4747.1685200066695,4599.7409262176425,4696.621916421861,117778500,27.844360423670153,4736.485225564963,4637.65068359375,4728.213330078125,4856.405143229166,5121.35380859375,-167.53976838861945,-137.0394406250697,0
2020-09-30,4566.04296875,4688.197254814345,4566.04296875,4688.197254814345,107377000,35.227321626005406,4716.718356233221,4646.917578125,4698.306591796875,4809.789973958334,5099.029036458333,-171.12094975825676,-143.8557424517071,1
2020-10-01,4692.4091796875,4692.4091796875,4616.589282708707,4620.801499207529,56893000,37.818226576690314,4686.583278736577,4632.59599609375,4670.506005859375,4763.45556640625,5071.368798828125,-161.8961268846606,-147.4638193382978,0
2020-10-02,4637.65087890625,4688.197482491059,4582.892058356039,4683.985265525658,66848000,28.957519971606274,4687.748458926762,4653.65703125,4654.920751953125,4749.97646484375,5049.184440104166,-157.19191498750115,-149.4094384681385,1
2020-10-05,4650.2880859375,4683.98582569067,4599.741476307744,4646.075868468353,58291000,34.821475238891196,4677.72894292266,4635.9658203125,4644.390185546875,4727.511360677084,5026.017236328125,-150.70682174378635,-149.66891512326808,1
2020-10-06,4801.927734375,4814.564386307566,4717.683388157894,4742.956692023026,141955500,47.89921369066637,4672.240771525629,4636.8083984375,4637.229541015625,4697.74501953125,5003.69248046875,-131.81184144393865,-146.0975003874022,1
2020-10-07,4848.26171875,4848.26171875,4700.834125217202,4717.682993049522,89937500,50.0,4698.178164095503,4669.66376953125,4658.290673828125,4688.758984375,4985.018343098958,-111.80979440481133,-139.23995919088404,1
2020-10-08,4869.322265625,4886.171131596021,4810.351234726428,4877.74669861051,77384500,56.5789145885309,4728.194875026403,4726.10751953125,4679.3517578125,4689.03984375,4968.590690104166,-93.18444561313117,-130.02885647533347,0
2020-10-09,4865.11083984375,4865.11083984375,4818.776450892858,4844.049753956981,54250500,57.58935848810546,4756.420353146123,4761.49013671875,4707.573583984375,4690.443880208333,4945.563899739584,-77.86595906529874,-119.59627699332653,1
2020-10-12,4932.505859375,4949.354726529142,4911.444775432323,4919.869209009394,82918500,69.37804430275136,4778.158450485648,4806.98212890625,4721.473974609375,4698.5875,4925.345247395833,-59.60069358441433,-107.59716031154409,0
2020-10-13,4932.505859375,4936.718076163535,4860.8981739698975,4919.869209009394,48250500,67.6768155778615,4809.027932263519,4863.42568359375,4750.117041015625,4712.628255208333,4913.551025390625,-44.611090218088066,-94.9999462928529,1
2020-10-14,4970.41650390625,4970.41650390625,4894.596591134799,4919.869895391949,83117500,73.33344826315283,4833.723517685815,4889.54130859375,4779.6025390625,4735.37421875,4894.876839192709,-29.334499524392413,-81.8668569391608,0
2020-10-15,4873.53466796875,4953.566784383103,4852.473584701815,4949.354567729715,82067000,59.45948486204213,4861.062114929902,4913.972265625,4820.039892578125,4757.55859375,4879.853287760417,-24.759829915806222,-70.44545153448989,0
2020-10-16,4852.4736328125,4877.746932983398,4827.200332641602,4873.534716288249,89051500,64.32749211944548,4863.5566255376725,4914.81474609375,4838.15244140625,4776.653971354167,4859.775016276041,-22.573606332758573,-60.871082494143636,1
2020-10-19,4970.41650390625,4970.41650390625,4810.352243610964,4844.049982620498,56871500,70.05079308291418,4861.340026992639,4912.2873046875,4859.634716796875,4785.07841796875,4842.364518229167,-11.194955901722096,-50.93585717565933,0
2020-10-20,4890.3837890625,4953.567042151163,4873.53492157219,4953.567042151163,74995500,69.34673425378256,4883.155322375361,4919.86943359375,4891.64755859375,4806.701171875,4831.553157552084,-8.536857108227196,-42.456057162172904,0
2020-10-21,4869.322265625,4940.929946001838,4827.200100697448,4936.717729509083,77944000,62.06894713910544,4884.601015712789,4911.44501953125,4900.4931640625,4823.550032552083,4816.670003255208,-8.03713648032226,-35.57227302580277,1
2020-10-22,4886.171875,4886.171875,4806.139749461207,4835.625269396552,96872500,67.87874359718336,4881.545265695232,4891.226171875,4902.59921875,4843.76865234375,4803.612109375,-6.2098977877449215,-29.699797978191203,0
2020-10-23,4860.89794921875,4919.868981531628,4844.049082843641,4919.868981531628,66328000,64.88083368465794,4882.470587556186,4893.75361328125,4904.2841796875,4856.686165364584,4803.331315104167,-6.723686079098115,-25.104575598372588,1
2020-10-26,4898.80859375,4915.657462516122,4822.988684302451,4822.988684302451,70452500,58.155973560459074,4878.156059888699,4895.4384765625,4903.862890625,4871.569303385417,4799.54033203125,-4.025392600268788,-20.88873899875183,0
2020-10-27,4877.748046875,4911.445788131477,4848.262523275583,4898.809135160298,89482000,52.592649836853866,4882.28656666096,4881.11689453125,4900.4931640625,4888.137337239584,4792.941178385417,-3.545515208305005,-17.42009424066247,1
2020-11-02,4903.0205078125,4907.232724743611,4818.776169190292,4852.473904639175,151006500,52.94120655355404,4881.3788627037675,4878.58974609375,4895.0173828125,4893.192024739584,4790.975504557292,-1.1131013910026013,-14.158695670730495,1
2020-11-03,4961.99169921875,4966.203916280905,4915.657311535044,4919.869528597199,78152000,57.71806493674215,4885.707191725514,4885.32939453125,4888.277783203125,4896.842610677083,4792.941227213541,5.50957543149525,-10.225041450285348,0
2020-11-04,4903.0205078125,5004.11371415915,4873.534989294727,4970.415978710266,78626000,47.61907765972044,4900.964093224162,4900.493359375,4897.123486328125,4903.020572916666,4796.7322265625,5.931240574191179,-6.993785045390043,1
2020-11-05,5181.02734375,5206.3006478658535,4970.416476117886,4970.416476117886,161090000,63.84972897664193,4901.37537614183,4908.91787109375,4902.178173828125,4905.547884114583,4802.067692057291,28.37119601064387,0.07921116581673981,1
2020-11-06,5307.39404296875,5307.39404296875,5105.207603236607,5189.451953125,137303500,67.09395146628569,4957.305769663464,4965.36162109375,4923.2392578125,4922.115983072917,4817.372119140625,55.709573614935834,11.205283655640558,0
2020-11-09,5294.75732421875,5391.638325377884,5235.786280034929,5307.393976543855,82739500,73.36444750674934,5027.3234243245215,5051.2908203125,4964.940283203125,4947.108528645834,4841.241373697917,75.48560615545011,24.06134815560247,1
2020-11-10,5459.03369140625,5560.126907913773,5374.789344316648,5387.425996380088,191073500,79.03220001411606,5080.810204303368,5129.63818359375,5007.4837890625,4968.73125,4863.144921875,103.22408138413994,39.89389480130997,1
2020-11-11,5509.58056640625,5530.641654198323,5459.033955705276,5509.58056640625,131383500,77.58613797865675,5156.454901723944,5229.04658203125,5064.769970703125,5007.764518229166,4892.209244791667,127.81239153329261,57.4775941477065,0
2020-11-12,5408.48681640625,5471.670073607257,5395.850164966048,5400.062382112782,83082500,75.94930827115476,5227.080034660406,5350.35859375,5129.638232421875,5051.571647135416,4918.325032552083,137.5557269318224,73.49322070452968,0
2020-11-13,5383.212890625,5433.759490536972,5324.241857394366,5408.486190580986,82374500,75.63018047460916,5263.3613910095755,5395.85048828125,5180.6060546875,5080.776334635417,4943.738753255208,141.605654011576,87.11570736593895,1
2020-11-16,5459.03369140625,5463.24590876073,5379.001561671127,5463.24590876073,54905000,76.98405871434716,5287.33169093266,5411.0142578125,5231.1525390625,5113.631608072917,4968.5908203125,149.21331712485517,99.5352293177222,1
2020-11-17,5518.00390625,5530.6405564169845,5467.457305582061,5475.881739026718,119784000,79.99995541536164,5321.672091027378,5443.86953125,5286.753857421875,5152.945703125,4998.357177734375,158.17747696325205,111.26367884682817,1
2020-11-18,5534.853515625,5539.065732912386,5509.580211900685,5518.004646475457,99789000,79.60779928284128,5360.938454071903,5455.66357421875,5342.355078125,5195.067838541667,5025.877001953125,164.74221516896705,121.95938611125595,1
2020-11-19,5572.7626953125,5593.823778817083,5488.518361294171,5492.730577995088,147346500,81.85318162572763,5395.7214663825225,5460.7181640625,5405.53837890625,5239.998209635417,5055.783756510416,171.0322185226596,131.7739525935367,0
2020-11-20,5560.1259765625,5602.24814305161,5518.00381007339,5593.823709753788,68468500,80.46866085255522,5431.129712168518,5493.57333984375,5444.7119140625,5284.928483072917,5086.53291015625,173.00314138070644,140.01979035097065,0
2020-11-23,5560.1259765625,5568.550409860321,5518.00381007339,5560.1259765625,75265500,79.33874836119324,5456.928965047315,5528.95595703125,5469.985107421875,5330.420345052084,5111.806184895833,172.57576594036527,146.53098546884956,0
2020-11-24,5530.640625,5560.126142421935,5513.791757901751,5560.126142421935,72349500,81.70205104426665,5477.568367350352,5549.1744140625,5496.52197265625,5374.227376302083,5135.534993489583,167.9221444201221,150.80921725910406,0
2020-11-25,5400.06103515625,5547.48859851855,5374.787738579856,5543.276382422485,170140500,62.99986843089057,5488.182818880282,5551.7017578125,5503.682666015625,5412.1373046875,5157.578938802083,151.94589652447485,151.03655311217824,1
2020-11-26,5459.03369140625,5467.45812611521,5307.393866644965,5349.516040189767,64339000,59.78254980451155,5470.558462135476,5524.74326171875,5492.730712890625,5445.27333984375,5175.410611979167,142.40168745780556,149.30957998130373,0
2020-11-27,5379.00146484375,5467.458027695527,5374.789247565094,5459.033593138214,87361500,54.999965224084406,5468.2535079896315,5501.9974609375,5497.785400390625,5463.807096354167,5192.961539713541,126.91688236687878,144.83104045841876,0
2020-11-30,5227.361328125,5391.637792103143,5168.390289773872,5379.001141027901,393091500,36.04065543442508,5450.403099360456,5465.77255859375,5497.3642578125,5468.580924479166,5207.8447265625,101.24191724551929,136.11321581583888,1
2020-12-01,5387.42529296875,5421.123027404833,5239.997704810888,5239.997704810888,114563500,43.497731506894894,5405.794745113364,5399.21962890625,5474.197021484375,5464.087858072917,5216.409554036459,92.74108516081469,127.43878968483405,1
2020-12-02,5433.759765625,5463.245283733043,5341.090994428295,5442.184199370156,93897500,51.428546194324674,5402.120854684442,5370.5765625,5461.13916015625,5459.31396484375,5233.539241536459,88.72020786861594,119.69507332159044,1
2020-12-03,5442.1845703125,5496.9433933884,5412.699050194708,5475.882307589977,98210000,53.398083383509,5408.448636872554,5377.31630859375,5451.02978515625,5454.259244791667,5252.915445963542,85.23095557351826,112.80224977197602,0
2020-12-04,5383.212890625,5446.396140514965,5357.939590669013,5442.183923855633,64995500,45.54451638745471,5415.195823560543,5373.946484375,5437.97197265625,5456.50576171875,5268.641048177084,76.82162442053868,105.60612470168857,1
2020-12-07,5492.7314453125,5543.278053704946,5459.033706384203,5475.882575848351,96636000,48.598184502948364,5408.799236973435,5374.78876953125,5420.2806640625,5456.50576171875,5285.068684895833,78.09417988064797,100.10373573748046,0
2020-12-08,5467.45703125,5492.730330315871,5412.69821660728,5492.730330315871,70561500,46.29626051863301,5425.585678641249,5427.86279296875,5413.5412109375,5458.752278645833,5305.848990885416,76.1850415281051,95.3199968956054,1
2020-12-10,5555.84423828125,5576.96912131654,5526.269402031844,5568.519168102424,151420500,49.11912561860013,5433.959949163,5443.869140625,5407.2228515625,5455.382486979167,5325.225162760416,80.87190359025226,92.43037823453479,1
2020-12-11,5691.04296875,5729.06775473274,5572.743634581478,5576.968610801781,214160000,56.04483110329136,5458.33680698665,5468.28603515625,5422.801171875,5456.781868489584,5348.3900390625,94.40741329354114,92.82578524633607,1
2020-12-14,5762.86767578125,5771.317628385034,5741.742794271788,5745.96777057368,179785500,58.778912595889025,5504.878039339321,5518.05771484375,5446.002099609375,5464.667220052083,5374.7978515625,109.66589566421135,96.19380732991112,0
2020-12-15,5737.517578125,5830.467052881075,5581.193461489783,5771.317387127209,164024500,58.9901687932391,5556.475966627707,5593.988671875,5484.388720703125,5478.183333333333,5404.301839192708,118.3485632850161,100.62475852093212,1
2020-12-16,5872.71728515625,5872.71728515625,5779.767802945144,5796.667708801709,138674000,70.45788465472671,5592.684288927167,5642.9458984375,5535.404345703125,5490.009440104167,5432.118408203125,134.58768334044635,107.41734348483497,0
2020-12-17,5860.0419921875,5914.966682813626,5762.867539541276,5885.391849399558,91920000,68.08142071906929,5648.690888172983,5723.99794921875,5583.933544921875,5512.81455078125,5462.475927734375,144.7657433938839,114.88702346664476,0
2020-12-18,5745.9677734375,5860.042133645451,5707.942986701517,5860.042133645451,147238500,66.05364037053286,5690.961108975887,5784.8375,5626.561767578125,5543.479947916667,5494.376643880209,141.99031722898235,120.30768221911228,1
2020-12-21,5771.31787109375,5822.0175888486,5745.968012216325,5822.0175888486,93692500,76.75245365845458,5701.962441868211,5795.8224609375,5656.940087890625,5562.60888671875,5513.207991536458,140.21994477915632,124.2901347311211,0
2020-12-22,5674.14453125,5762.869054821295,5669.919553937081,5695.269417814594,61790500,65.03103729851354,5715.833527713319,5797.5125,5695.7505859375,5588.763313802084,5528.672119140625,129.48323333059943,125.32875445101678,1
2020-12-23,5682.59375,5834.692913568773,5593.869237918216,5834.692913568773,76948000,63.584538301844745,5707.495728420656,5784.837890625,5713.89189453125,5618.548860677083,5541.318359375,120.26969926599668,124.31694341401277,1
2020-12-28,5729.06787109375,5762.867681542681,5627.668439746958,5737.517823705983,60234000,65.03705152098836,5702.515332736525,5746.81318359375,5735.40556640625,5638.2267578125,5548.770361328125,115.3878608779496,122.53112690680014,0
2020-12-29,5716.39306640625,5754.417853987666,5695.268184416575,5724.843019202121,34212500,68.35451618369768,5707.82584040797,5720.618359375,5752.7279296875,5657.91396484375,5556.086604817709,109.23700181391814,119.87230188822375,1
2020-12-30,5720.6181640625,5745.968022987445,5661.468493237629,5745.968022987445,52675500,64.20153921617552,5709.539285607626,5714.70341796875,5755.262939453125,5676.19453125,5566.350146484375,103.51013139941915,116.59986779046284,1
2021-01-04,5775.54296875,5792.442875022861,5678.368507681053,5745.968132772495,47937000,68.51519281083726,5711.7550612986015,5704.5634765625,5751.03798828125,5698.688216145833,5577.596988932291,102.2251303785215,113.72492030807459,1
2021-01-05,5991.01708984375,5991.01708984375,5788.218203868785,5796.668157451075,104831000,72.687269750307,5724.512642788882,5724.8431640625,5754.84052734375,5717.542317708333,5588.147298177083,117.24222322286278,114.42838089103223,0
2021-01-06,5868.4921875,5978.341573299136,5813.567494600432,5957.216691414687,89753500,59.375012898459204,5777.813532199855,5786.52783203125,5766.6705078125,5752.446321614583,5603.914404296875,117.89759180883902,115.1222230745936,1
2021-01-07,5885.39306640625,5957.217676692615,5838.918318573897,5914.96790593593,71360000,56.872092946829,5795.949263259885,5814.4126953125,5767.51552734375,5773.289518229167,5615.035693359375,118.4157131857146,115.7809210968178,1
2021-01-08,5957.216796875,5982.566655585107,5893.842150099735,5944.541867519947,75033500,61.71174078952163,5813.838023889158,5848.2126953125,5781.458056640625,5786.24619140625,5625.456705729167,123.20171027694687,117.26507893284364,1
2021-01-11,6206.48974609375,6219.164674098026,6037.490706036738,6041.715682038163,169034500,65.8634450544248,5842.513778486326,5895.532421875,5800.04794921875,5799.202799479167,5638.69306640625,145.4324365934881,122.89855046497253,0
2021-01-12,6050.166015625,6236.06497141236,6050.166015625,6206.490137537098,95235000,57.950548938957596,5915.3089720078115,5981.72177734375,5853.282470703125,5830.467610677083,5660.238525390625,148.72205350958484,128.063251073895,0
2021-01-13,6016.3662109375,6147.340475360999,5974.116448220243,6121.990617730645,76581500,62.121233346262045,5942.280380731249,5993.5515625,5890.039697265625,5842.297526041667,5677.556038411459,146.90826976781318,131.83225481267866,0
2021-01-14,5931.86669921875,5991.016367159677,5910.741817811276,5957.216556907719,89319500,56.834534766739004,5957.097546772499,6023.1263671875,5918.76953125,5852.719140625,5698.099544270834,137.0723440237025,132.88027265488344,0
2021-01-15,5876.94189453125,5999.466204338156,5779.767441925773,5995.2412281379175,89853500,58.95516691929701,5952.05137726175,6032.42109375,5940.31689453125,5865.11240234375,5713.86064453125,123.42259049955555,130.98873622381788,1
2021-01-18,6016.3662109375,6020.5911872092265,5783.992515992582,5876.941993970549,86343000,63.210679460043636,5937.02948071565,6016.36611328125,5955.949267578125,5872.15400390625,5730.458658854167,122.44398160564197,129.2797853001827,0
2021-01-19,5995.2421875,6016.367071881607,5919.192603726216,6016.367071881607,73777000,60.75089093602024,5952.896826760019,5978.34140625,5980.031591796875,5894.968782552083,5756.758821614583,118.59678494325271,127.14318522879672,0
2021-01-20,5995.2421875,6164.241262552854,5974.1173031183935,6054.391863768499,107216000,61.37934250110689,5961.365898908016,5967.356640625,5980.4541015625,5915.81201171875,5777.019384765625,114.23106921125782,124.56076202528894,0
2021-01-21,5978.34228515625,6168.466244754859,5965.667354516343,6151.566337234983,66428000,60.40958404578632,5968.141156626412,5963.1318359375,5993.1291015625,5933.556966145833,5795.735465494791,108.1607177332844,121.28075316688803,1
2021-01-22,5982.56689453125,6050.166520458157,5978.341917910818,5978.341917910818,80829000,58.71887262633662,5970.18138233238,5972.426953125,6002.4240234375,5951.020247395833,5813.607389322917,102.50914945728528,117.52643242496748,0
2021-01-25,5944.5419921875,6083.966218017057,5914.967156405472,6083.966218017057,76836500,47.6987241326786,5972.658484772154,5993.551953125,6004.959033203125,5968.48349609375,5833.585856119792,93.87976159587743,112.79709825914948,0
2021-01-26,5762.86767578125,5914.966822649377,5762.86767578125,5876.942035932345,98658000,45.05927662103389,5967.035186255223,5979.187109375,5978.7642578125,5979.75009765625,5848.646207682292,71.55645228634694,104.54896906458899,0
2021-01-27,5737.517578125,5855.816909632732,5665.692983995305,5762.867434876657,97920000,43.13717936574048,5926.201684160429,5932.71220703125,5950.034423828125,5964.54013671875,5858.493229166666,51.228991877112094,93.88497362709361,1
2021-01-28,5830.46728515625,5851.592166624208,5737.517806697237,5737.517806697237,104627000,44.230752989381315,5888.464862953344,5881.16728515625,5922.149560546875,5955.80849609375,5864.549007161459,42.133904175764656,83.53475973682782,0
2021-01-29,5712.16845703125,5914.967337162537,5712.16845703125,5830.467803774501,132762500,24.454170069009095,5876.865347393926,5851.59228515625,5912.009619140625,5952.14677734375,5869.196484375,25.091021206894766,71.84601203084121,1
2021-02-01,5762.86767578125,5847.367201819098,5572.743742196091,5712.167960158541,113129000,33.33331444929324,5843.925969321392,5797.51259765625,5895.532275390625,5935.810221354167,5867.506510416667,15.496779679068823,60.57616556048673,0
2021-02-02,5745.9677734375,5898.066920381434,5745.9677734375,5885.39199146944,86741000,33.999981508747524,5827.7143106133635,5761.177734375,5870.182421875,5906.235416666666,5868.351513671875,6.455181945468212,49.75196883748303,1
2021-02-03,5767.09375,5914.967948717949,5767.09375,5914.967948717949,67291000,39.45953138479934,5811.365003178191,5757.79775390625,5845.25498046875,5885.955533854167,5864.126529947916,0.9830088378557775,39.99817683755758,1
2021-02-04,5792.44287109375,5914.967191488877,5775.542964832353,5847.367566443289,80950500,44.382049464091395,5802.510752542553,5763.71298828125,5822.44013671875,5869.337369791667,5861.028255208334,-1.293356544822018,31.73987016108166,1
2021-02-05,5843.142578125,5872.717414022957,5792.442859442787,5805.11778911334,51602000,36.94268594311289,5800.497176252792,5756.10810546875,5803.8501953125,5860.042447916667,5862.577425130208,0.9823264831502456,25.58836142549538,1
2021-02-08,5847.36767578125,5961.442045178716,5813.567862626445,5957.217068534366,45604000,38.562065337181636,5809.026256627234,5782.3029296875,5789.907763671875,5857.78916015625,5864.97158203125,3.0911192499152094,21.088912990379345,1
2021-02-09,5898.0673828125,5940.317149165025,5876.942499636237,5914.96728935351,75574000,43.03027798479236,5816.694540458037,5799.2029296875,5780.19033203125,5846.522591145834,5870.745686848958,8.752501958564608,18.6216307840164,0
2021-02-10,5847.36767578125,5957.217068534366,5830.467769203848,5957.217068534366,44984500,41.04043887272985,5832.96910892893,5829.6228515625,5793.710302734375,5840.044270833333,5877.928141276042,9.0438935259981,16.706083332412742,0
2021-02-11,5813.568359375,5902.292876487555,5779.768543332122,5902.292876487555,36926000,38.88892099172069,5835.848822299395,5845.67763671875,5804.6953125,5830.185970052084,5881.871468098959,6.472885684303037,14.6594438027908,0
2021-02-15,5745.9677734375,5822.017346909467,5678.368152573529,5771.31763126149,83922000,37.4331454959192,5831.392729714516,5849.902734375,5803.005419921875,5819.201041666666,5885.11064453125,-1.0078411118602162,11.525986819860599,1
2021-02-16,5864.26708984375,5868.492066133263,5771.317611474468,5813.567374369596,47221000,56.976739498237556,5814.307738459112,5830.4677734375,5806.3853515625,5803.427766927083,5885.955631510416,2.5796584746849476,9.736721150825469,0
2021-02-17,5830.46728515625,5881.167000679347,5788.217522220335,5822.017332569067,66011500,56.321853585896186,5824.299608736041,5833.84765625,5816.52529296875,5798.076106770834,5888.913102213542,2.664698990785837,8.322316718817543,0
2021-02-18,5691.04296875,5830.467184020044,5691.04296875,5788.217421817,91204000,41.08107466520569,5825.533144020083,5820.32763671875,5824.975244140625,5802.582747395833,5883.561442057292,-8.421208454828047,4.973611684088426,1
2021-02-19,5767.09375,5788.218635531136,5712.169047619048,5729.068956043956,70487500,53.714317790831664,5798.635108966066,5789.0626953125,5817.370166015625,5799.484440104166,5877.646468098958,-10.944051300197316,1.7900790872312773,0
2021-02-22,5737.517578125,5864.266861883284,5737.517578125,5830.467052881075,68913000,48.2352861197505,5792.326837172853,5779.7677734375,5814.83525390625,5795.259537760417,5873.703157552083,-15.155271783888566,-1.5989910869926913,1
2021-02-23,5767.09375,5783.993658424909,5724.843978937729,5762.868772893773,58360000,51.44515196374461,5781.364985363283,5778.077734375,5804.27275390625,5796.949479166667,5866.379850260417,-15.922598659612959,-4.463712601516745,0
2021-02-24,5682.59375,5775.543238847584,5682.59375,5767.093285315985,71869000,44.68084975589005,5778.510738290626,5758.64306640625,5796.245361328125,5797.231217447917,5851.733317057292,-23.08306730971526,-8.18758354315645,0
2021-02-25,5665.69384765625,5720.618545657392,5644.568963809657,5695.26868504148,78688000,41.93555201805369,5759.327340632502,5729.068359375,5774.697998046875,5793.006282552084,5839.480908203125,-29.778206555198267,-12.505708145564814,1
2021-02-26,5669.91845703125,5754.417986942297,5614.99376258907,5665.693480535698,173631500,38.28578145750908,5740.600642037252,5723.99853515625,5756.530615234375,5786.2462890625,5827.791829427083,-34.347327363707336,-16.87403198919332,1
2021-03-01,5952.99169921875,5952.99169921875,5745.967857301278,5771.317715495254,205539000,55.186681001782944,5726.464205036052,5704.5634765625,5742.165625,5778.077994791666,5819.060221354167,-14.954359077767549,-16.490097406908166,0
2021-03-02,5927.64208984375,6050.166409591055,5914.967160214718,6016.366597246971,81446500,51.489349145890756,5771.769703872592,5747.65830078125,5762.868017578125,5785.40126953125,5821.59521484375,-1.6122090708031465,-13.514519739687163,0
2021-03-03,5914.9677734375,5986.792382114955,5914.9677734375,5969.892474190848,84470000,53.53983500116848,5802.944181066823,5779.76796875,5769.205517578125,5790.752897135417,5818.637744140625,7.848358532682141,-9.241944085213301,0
2021-03-04,5678.369140625,5914.967854817708,5678.369140625,5834.693291073753,120802500,44.160604877044726,5825.348899540959,5826.2427734375,5777.65556640625,5791.87958984375,5815.961930338542,-3.7029208460135123,-8.134139437373344,1
2021-03-05,5745.9677734375,5851.592181037454,5678.368152573529,5678.368152573529,111871500,50.0,5795.952947757767,5828.77783203125,5776.38818359375,5780.613020833333,5805.399495442708,-7.318386450023354,-7.970988839903346,0
2021-03-08,5678.369140625,5872.718084426153,5678.369140625,5872.718084426153,90883000,41.60310680570951,5785.955912893714,5843.9876953125,5774.2755859375,5776.106315104166,5797.653678385416,-15.460099310571422,-9.468810934036963,0
2021-03-09,5581.193359375,5674.14283243045,5576.968383327025,5661.4679042865255,135582000,39.35018818708312,5764.4385584399715,5789.06318359375,5768.3607421875,5771.599739583334,5787.513753255208,-29.41466487868729,-13.457981722967029,1
2021-03-10,5665.69384765625,5678.368777964206,5593.8692425778345,5678.368777964206,50302000,48.86367267819534,5727.789518626978,5719.7734375,5749.770703125,5752.728157552084,5775.402132161458,-33.2717395221116,-17.420733282795943,1
2021-03-12,5716.39306640625,5813.567523558758,5674.143302426898,5809.342547160823,74328000,47.67437745614275,5715.370384432832,5669.91865234375,5748.080712890625,5741.74326171875,5772.163004557292,-31.870116855027845,-20.310609997242324,0
2021-03-15,5631.89404296875,5762.86832303779,5631.89404296875,5758.6433462613695,57416000,45.38749069787773,5715.574920827516,5677.5234375,5753.150634765625,5743.433268229167,5771.458854166666,-37.14945006124344,-23.678378010042547,0
2021-03-16,5598.09375,5669.918349056604,5593.868773584906,5669.918349056604,70755500,42.64701008605738,5698.838745255763,5654.70869140625,5749.348193359375,5734.419954427083,5764.83974609375,-43.558643891981774,-27.654431186430394,0
2021-03-17,5585.41845703125,5631.893194570845,5581.193480891287,5619.218266150955,71474500,45.49015182313301,5678.689746204611,5638.65361328125,5713.8583984375,5725.125032552083,5761.037255859375,-49.094831729617,-31.942511295067717,1
2021-03-18,5665.69384765625,5678.368777964206,5585.419289039197,5593.8692425778345,70067500,50.0,5660.035488369939,5639.4986328125,5679.63603515625,5713.013346354167,5755.122281901042,-46.46908070662994,-34.847825177380166,1
2021-03-19,5712.16845703125,5720.618410370053,5598.094086957401,5720.618410370053,125853000,51.78572460448164,5661.167160227202,5639.4986328125,5654.708642578125,5711.886686197917,5752.446484375,-40.174929946949305,-35.913246131293995,0
2021-03-22,5593.8701171875,5644.569846346299,5585.4201623277,5610.770026907099,67523500,32.365196366393306,5671.367419588012,5638.6537109375,5658.08857421875,5714.984993489584,5750.615641276042,-44.222685892604204,-37.57513408355604,0
2021-03-23,5547.39404296875,5678.368312071591,5538.944090123406,5678.368312071591,127762500,31.70731821901758,5655.867959107911,5631.04892578125,5642.87880859375,5709.915104166666,5743.996549479167,-50.597535521121245,-40.17961437106908,0
2021-03-24,5441.77001953125,5534.719507442498,5424.870112638296,5505.144670379828,152050000,29.1044740719786,5634.173175880079,5620.908984375,5629.781298828125,5682.875260416667,5734.138264973958,-63.44131376045971,-44.831954248947206,0
2021-03-25,5382.61962890625,5441.769295157967,5348.819819619554,5407.969485871271,119101500,34.51323813298218,5595.692544610313,5592.179296875,5615.83896484375,5650.4837890625,5720.618343098959,-77.49967472421122,-51.36549834400001,1
2021-03-26,5420.6455078125,5445.995369891125,5323.471036511107,5382.620714694564,134467500,32.420209397559844,5553.077961469501,5535.564453125,5587.53154296875,5614.993912760417,5703.436751302083,-84.59746947281292,-58.011892569762594,0
2021-03-29,5374.16943359375,5505.1436886577485,5374.16943359375,5416.419193291814,113370500,33.17760264751168,5526.591470738102,5477.25986328125,5557.956787109375,5597.812337239583,5689.212679036458,-92.90183914830959,-64.989881885472,1
2021-03-30,5403.74560546875,5454.445329679559,5382.620720380913,5382.620720380913,83115500,39.39408973668282,5496.107063309232,5433.3197265625,5532.184326171875,5573.02578125,5674.566048177084,-95.99004852628241,-71.1899152136341,0
2021-03-31,5251.6455078125,5403.744653654214,5192.495839985167,5399.519677380833,223390500,27.102917803684292,5477.634771741135,5404.5900390625,5512.74951171875,5554.717545572917,5663.158642578125,-109.4490232248927,-78.84173681588581,1
2021-04-01,5260.095703125,5298.120491340362,5200.946032567771,5251.645750188253,112286000,23.529621708895718,5432.436918955408,5366.56513671875,5479.372216796875,5532.747688802084,5642.737923177084,-118.072432001155,-86.68787585293965,0
2021-04-05,5200.9462890625,5315.020659334383,5200.9462890625,5281.220845920491,73311500,24.242627647074954,5397.968675789327,5342.0603515625,5438.81240234375,5505.7078125,5623.725537109375,-128.20158094479575,-94.99061687131088,1
2021-04-06,5209.39599609375,5213.620972570711,5137.571395985401,5184.04613723198,80215000,26.041854140721256,5358.564198443962,5298.1205078125,5387.690185546875,5471.344694010417,5607.388981119791,-134.00248646857563,-102.79299079076382,1
2021-04-07,5281.220703125,5302.3455859375,5184.0462421875,5200.946148437501,107908000,32.52442244761369,5328.7305579739195,5265.1658203125,5349.2427734375,5443.178157552084,5588.799055989583,-131.29065534689562,-108.4925237019902,0
2021-04-08,5256.71484375,5325.262062576406,5248.1464413967,5312.409459046455,123697500,24.896374252740728,5319.228587004136,5240.66083984375,5322.625439453125,5422.053287760416,5573.58916015625,-129.62469489860723,-112.7189579413136,1
2021-04-09,5312.40966796875,5415.230500252016,5265.283453172253,5410.946298906881,116961000,25.736954596697615,5306.725838353309,5241.67470703125,5304.119921875,5400.139713541666,5556.576529947916,-122.39935877040534,-114.65503810713196,0
2021-04-12,5196.73583984375,5393.809086861733,5192.451638821621,5393.809086861733,110411500,25.819210820022462,5307.862604276397,5252.1375,5297.09892578125,5376.587434895833,5544.237060546875,-124.57116024380412,-116.63826253446639,0
2021-04-13,5141.04052734375,5192.450932617187,5123.9037255859375,5183.882531738282,119211500,25.532560453284972,5285.637251389868,5251.29541015625,5274.707958984375,5342.225260416667,5528.605126953125,-129.29603065465744,-119.1698161585046,1
2021-04-14,5402.37744140625,5402.37744140625,5192.451593167625,5231.00940202778,135519500,48.00262632504635,5256.717906580645,5237.62431640625,5251.395068359375,5312.03662109375,5510.975862630208,-110.67700400683862,-117.4712537281714,0
2021-04-15,5380.95703125,5406.66223999801,5295.273002089968,5402.378038540008,102686500,49.91234533005266,5285.849813545767,5261.8556640625,5251.258251953125,5302.36884765625,5492.622054036458,-96.5369217851794,-113.28438733957302,0
2021-04-16,5376.67236328125,5458.072183920568,5325.261950245892,5458.072183920568,79293500,47.59614537638954,5304.871257086614,5286.7041015625,5264.189404296875,5298.3146484375,5474.39921875,-84.70017080235266,-107.56754403212895,0
2021-04-19,5372.38818359375,5380.956585800439,5338.114574766996,5376.672384697095,47095000,49.897916351852786,5319.2314783255415,5299.556640625,5275.8470703125,5297.9181640625,5456.456038411458,-74.80287686435622,-101.01461059857441,0
2021-04-20,5342.3994140625,5355.252018907879,5299.557397911237,5312.410002756616,72721000,46.485904403353075,5329.862819379183,5334.687109375,5292.991259765625,5294.701009114583,5446.256673177083,-68.58839882010761,-94.52936824288106,0
2021-04-21,5282.42041015625,5333.830827773342,5282.42041015625,5312.409820432887,68397000,51.9708859120761,5332.370138315847,5374.95888671875,5306.2916015625,5292.5830078125,5432.80439453125,-67.72252147516701,-89.16799888933826,1
2021-04-22,5325.26220703125,5376.672622545631,5295.272797981194,5312.409603152655,63758000,53.9973103867592,5322.380192683928,5350.96748046875,5306.411572265625,5284.494661458333,5419.606103515625,-62.85478167955807,-83.90535544738223,1
2021-04-23,5475.2099609375,5479.494162784869,5333.831299974325,5380.957520295384,108498500,65.13717162352992,5322.956595553393,5339.828515625,5313.26630859375,5289.40244140625,5411.075065104166,-46.36308743486825,-76.39690184487944,0
2021-04-26,5385.24072265625,5483.777346857598,5380.956521604017,5479.493145805365,108742000,58.904005949684816,5353.407268630214,5359.53603515625,5329.546337890625,5303.743391927083,5404.725602213542,-40.090923346109776,-69.13570614512551,1
2021-04-27,5488.06103515625,5513.766239067989,5445.219028636686,5458.071630592555,132650000,60.15473414866732,5359.773959435422,5362.10654296875,5348.396826171875,5316.0296875,5393.687190755209,-26.51776788231291,-60.61211849256299,0
2021-04-28,5415.23095703125,5488.062386041955,5410.946755324738,5483.778184335442,87660000,57.42974332403092,5385.431374579588,5391.2388671875,5383.098876953125,5334.607356770834,5388.892757161459,-21.391139288087288,-52.76792265166785,1
2021-04-29,5492.34619140625,5535.188205379778,5449.504177432723,5535.188205379778,57355000,58.267716888748495,5391.39129106992,5417.8009765625,5384.384228515625,5343.541373697916,5382.797330729167,-10.979133638330495,-44.41016484900039,0
2021-04-30,5488.06103515625,5526.618841023858,5466.640031896468,5526.618841023858,65829500,64.91224123762049,5411.582271137187,5451.2177734375,5395.52314453125,5359.250130208334,5379.694921875,-3.038296848482787,-36.135791248896865,0
2021-05-03,5475.2099609375,5552.325594190141,5436.65214431118,5552.325594190141,42065500,67.8900257693287,5426.878023941,5453.78798828125,5406.66201171875,5370.960221354167,5373.773828125,2.1926240246721136,-28.47010819418307,1
2021-05-04,5483.77734375,5509.482550048828,5432.366931152344,5440.935333251953,50123500,55.97487432503241,5436.5444113403,5471.7818359375,5416.944189453125,5389.525162760417,5365.875211588542,6.9493746308498885,-21.38621162917648,1
2021-05-05,5505.19873046875,5509.482931815418,5483.7777237354085,5500.914529122081,51685000,59.11951308501587,5445.99099782224,5470.92509765625,5431.081982421875,5412.374283854167,5362.205452473959,12.305806956493143,-14.647807912042556,0
2021-05-06,5505.19873046875,5526.619737202092,5483.7777237354085,5483.7777237354085,38115500,59.49372932437131,5457.832544351542,5488.91865234375,5453.359814453125,5419.229036458333,5360.798942057291,16.362204853147887,-8.445805359004467,0
2021-05-07,5483.77734375,5535.187756347656,5470.924740600586,5535.187756347656,48864000,58.02470959785168,5467.305781574984,5491.48916015625,5471.353466796875,5427.51181640625,5362.913232421875,17.64500193019194,-3.2276439011651865,1
2021-05-10,5500.91552734375,5500.91552734375,5479.494516723253,5483.778718847352,68180500,61.6352692654793,5470.6000940099875,5490.632421875,5472.210205078125,5434.6521484375,5366.28515625,19.816108280879234,1.3811065352436973,1
2021-05-11,5552.32470703125,5552.32470703125,5402.377666332104,5483.777488425926,70680000,70.06370860138713,5476.66318067674,5495.77353515625,5483.777685546875,5443.220638020834,5368.960823567709,25.39231011724769,6.183347251644497,1
2021-05-17,5569.4619140625,5569.4619140625,5462.3568772536055,5569.4619140625,129058500,68.87421417352076,5491.795485947643,5509.4830078125,5490.204052734375,5457.215657552083,5374.899332682292,30.838828810717132,11.114443563459025,0
2021-05-18,5475.2099609375,5530.904584953296,5453.788951700655,5483.778364632238,73563000,50.0,5507.328771570615,5522.33564453125,5505.6271484375,5476.3517578125,5380.423209635416,27.235930343370455,14.33874091944131,0
2021-05-19,5436.6513671875,5483.777580772262,5428.082964717543,5466.6407758323485,64912500,54.76194568191584,5500.905009443992,5516.337890625,5503.913525390625,5486.348274739584,5387.875358072916,21.026866454783885,15.676366026509825,1
2021-05-20,5466.64111328125,5513.767329775053,5440.93590428463,5475.209516280123,64950000,47.70653137704315,5488.054280992694,5506.9126953125,5498.77255859375,5483.777701822916,5393.760546875,18.314937268015456,16.204080274810952,0
2021-05-21,5449.50390625,5526.619527564859,5363.819882566824,5526.619527564859,92620000,54.16658257242889,5483.771647450405,5500.0578125,5497.915673828125,5489.20439453125,5402.617041015625,14.61441854349141,15.886147928547045,0
2021-05-24,5419.5146484375,5466.640862771739,5389.525239315712,5445.219856256175,59210000,39.99999999999999,5476.918099210325,5479.49365234375,5494.488330078125,5486.633919270834,5410.620638020833,9.156300189734793,14.540178380784596,1
2021-05-25,5445.22021484375,5518.051641792879,5398.0939974060775,5398.0939974060775,87470000,44.44459922194756,5465.437409055759,5449.50419921875,5485.919921875,5486.919498697916,5415.230436197917,6.826237828859121,12.997390270399501,0
2021-05-27,5372.38818359375,5552.324629934211,5372.38818359375,5518.051021107456,537971500,38.46148788225818,5461.3939702133575,5443.50625,5479.9220703125,5483.777766927084,5421.513948567708,-0.8870640958011791,10.220499397159367,1
2021-05-28,5432.36767578125,5458.072885603559,5423.799272507147,5423.799272507147,102108500,44.82770139821595,5443.592812889436,5430.65361328125,5468.783154296875,5476.066243489583,5423.513232421875,-2.1354515363955215,7.7493092104483905,1
2021-05-31,5462.357421875,5475.210027573529,5419.515402879903,5449.504816176471,101442000,45.76281336172966,5441.347785467799,5423.79892578125,5461.928369140625,5473.210091145834,5431.367626953125,-0.6968528167162731,6.060076805015458,1
2021-06-02,5539.47216796875,5582.314180095345,5500.914357054815,5569.461576457367,141732500,52.941146893090945,5445.54971274924,5426.36962890625,5452.931640625,5471.782096354166,5442.078190104166,6.5897994619263045,6.166021336397628,1
2021-06-03,5655.14599609375,5655.14599609375,5509.483144679214,5565.177764337714,133810500,62.65821734755339,5464.3342037931425,5450.3611328125,5449.932666015625,5474.0669921875,5446.648014322916,21.451159479815033,9.223048965081109,0
2021-06-04,5638.00927734375,5672.282889971979,5569.46205208729,5672.282889971979,62108500,60.12650923103335,5502.4965622532645,5492.3462890625,5467.92626953125,5484.0634765625,5455.787646484375,31.48318581030071,13.67507633412503,0
2021-06-07,5595.1669921875,5629.440603165677,5509.482964742056,5620.872200421133,62576000,53.20513429337713,5529.599105271362,5545.4705078125,5488.062060546875,5494.34560546875,5464.498876953125,35.56663456604656,18.05338798050934,0
2021-06-08,5509.48291015625,5633.724748721204,5509.48291015625,5633.724748721204,64348000,45.93023448438549,5542.71268265459,5578.03037109375,5500.9146484375,5500.629036458334,5471.924837239583,31.525402579412912,20.747790900290056,1
2021-06-09,5595.1669921875,5599.451193559772,5449.504145530244,5449.504145530244,77198000,58.23521682173567,5536.066728154923,5587.45546875,5506.912548828125,5497.772916666667,5477.494287109375,34.83512876241184,23.56525847271441,1
2021-06-10,5672.28271484375,5672.28271484375,5560.893477241078,5616.588096042414,73262500,65.36309683367514,5547.8867809614385,5598.59443359375,5524.477783203125,5499.486588541667,5487.919173177083,43.18291913178473,27.488790604528475,0
2021-06-11,5543.75634765625,5638.008773968798,5535.1879452642,5629.4403715767485,72780500,54.45541035070713,5572.765967737901,5602.02177734375,5547.184033203125,5512.624772135417,5499.4865234375,38.97828207708517,29.786688899039817,0
2021-06-14,5492.34619140625,5586.598622148011,5483.777788611545,5586.598622148011,61478500,52.38096271857581,5566.96404372157,5583.17119140625,5564.320849609375,5519.765104166667,5501.771402994792,31.13875873420602,30.05710286607306,1
2021-06-15,5543.75634765625,5543.75634765625,5488.061732107926,5522.335341676126,87799000,56.74416607515917,5552.040473258507,5562.60703125,5570.318701171875,5521.478776041667,5505.341585286458,28.742919477144824,29.794266188287413,0
2021-06-16,5470.9248046875,5513.766815687402,5449.503799187549,5500.914212387432,48984000,51.327399710631255,5550.383648138055,5569.46171875,5578.45859375,5527.762272135416,5507.198095703125,20.728359144593014,27.98108477954853,0
2021-06-17,5423.79833984375,5475.208750647956,5376.672129939894,5475.208750647956,68448500,52.72725577270175,5534.4918794479445,5544.61328125,5571.603857421875,5531.189615885417,5509.054557291666,10.453548478909397,24.475577519420707,0
2021-06-18,5419.5146484375,5436.651453649951,5380.956836709486,5398.093641921936,118043000,49.27533838005932,5512.3531715271065,5494.91640625,5548.469091796875,5529.761490885417,5506.76962890625,1.942635412375239,19.968989098011615,0
2021-06-21,5355.25146484375,5398.0934765625,5320.97785546875,5398.0934765625,60823500,44.18599473393769,5493.785466909185,5470.06806640625,5526.61962890625,5532.903255208334,5504.484749348959,-9.874004973868978,14.000390283635497,1
2021-06-22,5432.36767578125,5475.209692151765,5346.683643040221,5355.252046314324,65824000,44.18608349563354,5466.078666496098,5442.64912109375,5502.628076171875,5527.762174479167,5500.4861328125,-12.867811754699687,8.62674987596846,0
2021-06-23,5338.11474609375,5432.367173392356,5338.11474609375,5393.809362224744,52451000,32.380958583529804,5459.336468353129,5420.37138671875,5494.916552734375,5525.762858072917,5498.772477213542,-22.58549736427085,2.384300427920599,0
2021-06-24,5320.978515625,5406.662549693036,5312.410112218196,5406.662549693036,56010000,32.380976157512066,5435.092123901254,5393.809375,5469.211328125,5512.339029947917,5493.203011067709,-31.308676869399278,-4.354295031543376,0
2021-06-25,5303.84130859375,5363.820127915489,5303.84130859375,5338.114919634743,68939500,33.333351956274825,5412.269402246004,5373.24541015625,5434.080908203125,5490.061197916667,5487.062337239583,-39.153353374549624,-11.314106700144626,0
2021-06-28,5188.16748046875,5269.5673005586805,5188.16748046875,5226.725289985033,84420500,32.22749531957095,5390.5837835155535,5350.1107421875,5410.089404296875,5467.783333333334,5481.064469401042,-54.08081722901716,-19.867448805919132,0
2021-06-29,5179.599609375,5218.157422844292,5175.315407878412,5183.883810871588,53704000,24.87049661271577,5350.100522906193,5316.6939453125,5379.671533203125,5440.650032552084,5470.639534505209,-65.84329495462225,-29.062618035659757,0
2021-06-30,5162.462890625,5201.020704745851,5141.041882780083,5141.041882780083,65795000,16.759807838630294,5316.000340199955,5266.14033203125,5343.255859375,5418.6578125,5458.215364583333,-75.67559216180962,-38.38521286088973,0
2021-07-01,5162.462890625,5205.304906314834,5141.041882780083,5192.452301607884,58153000,20.134273364169644,5285.2928502849645,5231.0099609375,5312.40966796875,5389.810872395833,5444.64873046875,-82.51655900890182,-47.211482090492154,1
2021-07-02,5226.72509765625,5260.998704853996,5175.314686859631,5201.019892257941,67392500,29.60520494820996,5260.726858352972,5199.3068359375,5286.276123046875,5355.822884114584,5434.223828125,-81.80960131670781,-54.13110593573529,1
2021-07-05,5235.29443359375,5252.431240250357,5201.020820280533,5226.726030265446,39710500,24.647969847084397,5253.926506213627,5183.88359375,5266.99716796875,5334.687467447917,5427.226285807292,-79.63982018602383,-59.232848785793,0
2021-07-06,5188.16748046875,5235.293692099763,5188.16748046875,5235.293692099763,34279500,25.735351424192118,5250.200091689652,5193.308984375,5255.00146484375,5317.55068359375,5419.514729817708,-80.79168798037699,-63.5446166247098,1
2021-07-07,5196.73583984375,5295.272463352741,5166.74643268884,5295.272463352741,35595000,29.13391833123039,5237.793569445472,5195.02255859375,5230.5814453125,5293.844759114583,5410.803515625,-80.08992965851303,-66.85367923147045,0
2021-07-08,5153.89453125,5175.3155392768085,5123.905120012469,5141.041926433915,47297000,27.205951367332844,5229.582023525128,5201.8771484375,5216.4435546875,5275.565494791666,5403.377555338541,-82.04495354306619,-69.8919340937896,1
2021-07-09,5158.17822265625,5158.17822265625,5132.473015566601,5149.609820293033,40707500,31.147553235416666,5214.444525070103,5200.1634765625,5199.73515625,5257.571907552084,5393.66669921875,-82.2999632145893,-72.37353991794954,1
2021-07-12,5286.7041015625,5295.272503672001,5158.178069919975,5201.020080467483,65981500,37.313359206818625,5203.191264587333,5186.4541015625,5185.16884765625,5240.149479166666,5386.5263671875,-71.30908913320945,-72.16064976100152,0
2021-07-13,5179.599609375,5290.98884828629,5153.894400395471,5286.704646789703,65946500,36.496342470847495,5219.8938319823665,5196.73603515625,5195.022509765625,5235.579654947916,5381.670914713542,-70.42931435354421,-71.81438267951006,0
2021-07-14,5132.47265625,5166.746263303423,5123.904254486644,5158.177861540067,59321000,34.72213647897601,5211.834987460893,5195.0224609375,5195.022509765625,5218.728450520834,5372.245654296875,-72.69683391388116,-71.99087292638428,1
2021-07-15,5239.57861328125,5239.57861328125,5136.757773772869,5141.041975419052,49724000,45.45457057244574,5195.962521218715,5182.16982421875,5192.023486328125,5205.018977864584,5358.67900390625,-65.10086168186353,-70.61287067748013,0
2021-07-16,5235.29443359375,5286.704853563574,5188.168215288078,5286.704853563574,47998500,53.95689706065635,5204.6857396312225,5199.306640625,5199.73505859375,5199.592317708333,5344.8267578125,-58.74946914829616,-68.24019037164334,0
2021-07-19,5145.32568359375,5235.293909535023,5145.32568359375,5235.293909535023,47119000,47.46833479886403,5210.807478423728,5214.7298828125,5200.5919921875,5195.022526041666,5331.4029296875,-60.280791588967986,-66.64831061510827,1
2021-07-21,5149.60986328125,5243.862290063436,5149.60986328125,5183.883473020227,55009500,49.03222770351601,5197.711119457733,5186.45419921875,5191.5951171875,5192.16640625,5316.408219401042,-60.451827126229546,-65.40901391733253,1
2021-07-22,5273.8515625,5273.8515625,5183.883339256702,5239.57795364541,60792000,57.06517362827407,5188.090868222436,5180.45625,5187.73935546875,5190.16708984375,5304.412451171875,-49.98590087585035,-62.3243913090361,0
2021-07-23,5171.03125,5303.841497514499,5162.462846934549,5295.273094449048,79938000,46.63217575601175,5205.243007077949,5208.73203125,5195.450927734375,5197.593001302083,5293.701936848958,-49.41865138195499,-59.743243323619886,0
2021-07-26,5145.32568359375,5192.451897182036,5145.32568359375,5175.315092240841,48171500,44.67002374329471,5198.40065566236,5195.02255859375,5197.164599609375,5198.164225260417,5276.9935546875,-50.46163611992051,-57.88692188288002,0
2021-07-27,5145.32568359375,5192.451897182036,5141.041482358452,5145.32568359375,53107500,47.31184113452927,5187.7856612486385,5177.02880859375,5195.879345703125,5192.73759765625,5263.712532552084,-50.70372802436759,-56.45028311117754,0
2021-07-28,5123.90478515625,5149.609993108539,5115.336382505487,5145.325791783157,74133000,45.50266719894059,5179.2936657176615,5177.02880859375,5181.74150390625,5186.739680989584,5252.145182291667,-52.0243705254361,-55.56510059402926,1
2021-07-29,5175.31591796875,5213.873735238384,5123.90549494257,5188.168523725295,84605000,51.308921767824586,5168.21588960538,5171.88779296875,5176.172021484375,5182.455501302084,5238.150130208333,-48.365018636382956,-54.125084202500005,0
2021-07-30,5115.33642578125,5226.725661183522,5106.768023057998,5175.315244844011,105685000,47.54903877848607,5169.635895278054,5152.1806640625,5180.45634765625,5181.027506510417,5228.296500651041,-49.73152558001402,-53.24637247800281,0
2021-08-02,5106.76806640625,5196.736295764078,5059.64185102834,5192.452094366086,119981500,38.068249886513534,5158.776001378694,5141.04169921875,5168.03212890625,5178.456966145834,5218.014436848958,-50.918925493628194,-52.7808830811279,1
2021-08-03,5265.283203125,5295.272611116761,5128.188766591233,5162.4623757246745,110071500,55.31910379102845,5148.374414384205,5133.33017578125,5155.1794921875,5175.029622395833,5207.58955078125,-38.62386978463837,-49.949480421829996,0
2021-08-04,5243.8623046875,5269.567512063419,5192.451889935662,5265.283310834099,41112000,57.142866088873305,5171.756172132365,5157.3216796875,5167.175244140625,5173.6015625,5204.590608723958,-30.259622938881876,-46.01150892524038,1
2021-08-05,5398.09423828125,5406.6626418340775,5260.999781436011,5286.704992094494,93768000,59.58548335473021,5186.177398643392,5181.31318359375,5176.60048828125,5177.8857421875,5198.307096354167,-11.05819697032257,-39.02084653425682,0
2021-08-06,5278.1357421875,5449.503785765016,5256.71473674031,5449.503785765016,67285000,52.27268370896676,5228.560766570964,5225.86884765625,5189.024755859375,5195.59384765625,5200.306412760417,-5.457664096790722,-32.3082100467636,1
2021-08-09,5312.40966796875,5312.40966796875,5231.009842411165,5256.715050481981,52858500,59.42027230001453,5238.475761694272,5258.4287109375,5199.735205078125,5198.164322916667,5198.8783203125,1.7265157279480263,-25.501264891821275,1
2021-08-10,5398.09423828125,5398.09423828125,5239.578772553943,5355.252220517113,60446000,62.83185572937153,5253.262542949167,5299.55703125,5216.443603515625,5203.305338541667,5199.163932291666,14.17070763006086,-17.56687038744485,0
2021-08-12,5398.09423828125,5415.231045386904,5243.862974330357,5243.862974330357,118325500,57.360428997976854,5282.2288820155845,5326.11923828125,5241.720458984375,5220.156575520833,5206.161490885416,23.75894108465036,-9.301708093025809,1
2021-08-13,5492.34619140625,5513.767198393014,5419.514767651253,5440.935774638017,86929000,69.2306883038321,5305.401953268718,5356.965625,5269.139404296875,5236.722200520833,5213.444645182291,38.51900696263601,0.26243491810655595,1
2021-08-16,5500.91552734375,5500.91552734375,5402.378878489461,5500.91552734375,69282000,71.7277202613599,5342.790800896225,5375.816015625,5300.842431640625,5251.288509114584,5224.440755208333,50.3277918482363,10.275506304132506,1
2021-08-18,5655.14599609375,5792.240444483902,5535.188353752367,5586.598771898674,186354500,76.21139380453218,5374.41574618573,5420.37197265625,5339.400341796875,5273.280794270833,5235.722509765625,71.30943800534988,22.48229264437598,0
2021-08-19,5655.14599609375,5655.14599609375,5595.167174923059,5655.14599609375,100926000,77.92785253849898,5430.561796167335,5488.91923828125,5394.238134765625,5307.268815104167,5250.003206380208,86.93540649875376,35.37291541525154,0
2021-08-20,5655.14599609375,5655.14599609375,5578.03036887429,5655.14599609375,120163500,76.66657259434459,5475.4786361526185,5540.32958984375,5433.2244140625,5341.2568359375,5263.998258463542,98.18725752351475,47.935783836904186,0
2021-08-23,5646.57666015625,5646.57666015625,5582.313648090739,5582.313648090739,68253000,81.31299409531988,5511.412108140846,5591.73994140625,5474.352783203125,5376.672916666666,5279.564208984375,105.20027346501138,59.38868176252563,1
2021-08-24,5655.14599609375,5655.14599609375,5569.461965849906,5629.440787020597,59561500,82.3231073156243,5538.445018543927,5622.58603515625,5499.201025390625,5408.090299479167,5294.558902994791,110.17953185903207,69.54685178182692,0
2021-08-25,5655.14599609375,5659.430197605942,5642.293391557174,5655.14599609375,80751500,78.26074645218242,5561.785214053893,5653.43212890625,5536.90205078125,5444.077604166667,5311.26728515625,112.82505302974369,78.20249203141027,0
2021-08-26,5620.87109375,5638.007895865091,5543.755484232088,5620.87109375,74337000,76.82900217797095,5580.457370461864,5653.43212890625,5571.17568359375,5480.6361328125,5327.832877604166,110.87781896764136,84.7375574186565,0
2021-08-27,5578.0302734375,5595.167079193068,5560.893467681932,5560.893467681932,71572500,65.21726921726922,5588.540115119492,5646.5771484375,5593.453369140625,5504.3419921875,5338.97177734375,104.67114201123422,88.72427433717205,1
2021-08-30,5625.15576171875,5638.008364373096,5586.597953755712,5595.166355525276,74564500,83.47093192472565,5586.4381467830935,5631.15400390625,5611.44697265625,5526.619856770833,5352.252799479166,102.37482560330864,91.45438459039937,0
2021-08-31,5612.30322265625,5629.440026389551,5582.313816122973,5586.598017056298,115373500,80.17227488524178,5594.181669770225,5626.86982421875,5624.7279296875,5541.757291666667,5368.675569661458,98.38377885589307,92.84026344349812,1
2021-09-01,5625.15576171875,5655.145167912224,5599.450556410058,5612.303159064404,67362500,76.76749187227733,5597.805980347431,5618.30126953125,5635.86669921875,5564.035123697917,5381.099723307291,95.16098148491619,93.30440705178174,0
2021-09-02,5603.7353515625,5633.724760936306,5530.903928797544,5590.882747545155,53257000,73.07685142262858,5603.275936621695,5612.30322265625,5632.86767578125,5584.88486328125,5394.095100911459,89.84279149251415,92.61208393992823,1
2021-09-03,5655.14599609375,5655.14599609375,5582.314570386482,5620.872383996212,35764500,70.21274016019167,5603.367819609856,5608.87607421875,5627.726611328125,5598.594270833333,5409.375423177084,88.75340298252559,91.8403477484477,0
2021-09-06,5633.724609375,5659.429816718156,5612.303603255704,5655.145615494297,36780000,65.97922881787088,5613.723454906635,5624.29921875,5627.726611328125,5615.7310546875,5426.226627604166,85.17963010417316,90.5082042195928,0
2021-09-07,5629.44091796875,5659.430329251689,5629.44091796875,5650.861926027992,53902000,45.1613259018515,5617.723685800308,5626.01298828125,5626.44140625,5625.156282552083,5438.222395833333,81.06723859038811,88.62001109375186,0
2021-09-08,5518.05078125,5650.861009680706,5500.913977581521,5612.30320142663,77888000,31.818152383246627,5620.067132233997,5629.44052734375,5623.8708984375,5633.724641927083,5453.502718098958,68.03561338019608,84.5031315510407,1
2021-09-09,5629.44091796875,5629.44091796875,5492.346466389603,5492.346466389603,110074000,47.36844736194896,5599.663862037198,5608.01953125,5610.161376953125,5624.5849609375,5465.926888020834,65.93613885541345,80.78973301191525,0
2021-09-10,5586.59912109375,5625.156937113569,5565.178112193851,5565.178112193851,41483500,44.262431383099965,5605.619273223509,5613.16064453125,5611.018359375,5622.8712890625,5482.0640625,60.12226317952445,76.65623904543709,1
2021-09-13,5616.587890625,5620.872091914569,5590.882682887585,5620.872091914569,29929000,46.456663941495265,5601.815242797557,5599.45126953125,5611.875244140625,5618.301497395833,5497.48720703125,57.27434489829193,72.77986021600806,0
2021-09-14,5608.0185546875,5650.860560452874,5565.176548922125,5646.576359876337,51990500,45.73632795071445,5604.769772363046,5596.02392578125,5611.01845703125,5616.30224609375,5512.196272786458,53.70677705446906,68.96524358370027,0
2021-09-15,5565.17724609375,5612.303458339347,5556.608843867278,5608.019257226111,44514000,45.038224390702254,5605.419528827937,5591.739453125,5610.589990234375,5613.160416666667,5528.619010416666,46.882090712890204,64.54861300953826,1
2021-09-16,5569.4619140625,5638.009137620193,5552.325108173077,5638.009137620193,58672500,49.18033246328125,5597.371072281099,5601.16474609375,5604.592138671875,5607.1625,5543.89931640625,41.34264226941286,59.907418861513186,1
2021-09-17,5586.59912109375,5599.45172643369,5552.325506853911,5560.893910413871,117540000,46.08708665256715,5591.789240637379,5589.1689453125,5601.164794921875,5603.735221354166,5554.038606770833,37.898547984058496,55.50564468602225,1
2021-09-20,5642.29345703125,5646.577658593157,5578.030433602648,5629.4408523455295,73157500,52.80007075398584,5590.751216728654,5589.1689453125,5594.310107421875,5604.306477864583,5565.463167317708,39.21114424001735,52.24674459682127,0
2021-09-21,5560.8935546875,5599.451368240803,5543.756748663809,5578.03036071119,57115500,44.68093017541222,5601.059664789173,5594.31005859375,5595.1669921875,5605.448990885417,5573.603141276041,33.29924147022757,48.457243971502535,1
2021-09-22,5616.587890625,5638.008897072845,5569.461676439741,5569.461676439741,68722000,51.00670370891645,5593.026442768839,5584.88505859375,5588.312255859375,5602.0216796875,5583.028401692708,32.730783289818646,45.31195183516576,1
2021-09-23,5638.00927734375,5646.577680500807,5608.019866294049,5616.5882694511065,60998500,48.591560600296326,5597.738732340072,5595.1671875,5598.165966796875,5601.45048828125,5593.16767578125,33.62123826233619,42.973809120599846,1
2021-09-24,5642.29345703125,5642.29345703125,5569.462030478834,5569.462030478834,60539500,50.724673589242336,5605.792841340807,5608.87666015625,5599.022802734375,5603.735416666666,5601.16484375,34.27749807898272,41.23454691227642,0
2021-09-27,5638.00927734375,5650.861882079335,5616.5882694511065,5642.293478922278,55052500,50.72463169648388,5613.092964478896,5620.01552734375,5604.592236328125,5602.878580729167,5609.304817708334,34.05927707046976,39.79949294391509,0
2021-09-28,5586.59912109375,5620.872735333589,5569.462313973831,5603.7359282136695,80186000,56.451709263839604,5618.076227051866,5619.15869140625,5606.734375,5603.164225260417,5614.16025390625,29.399071199748505,37.719408595081774,1
2021-09-29,5638.00927734375,5638.00927734375,5582.314656822877,5586.598858401406,74079000,50.90908714140067,5611.780805860243,5624.2998046875,5604.592431640625,5600.30810546875,5617.016373697917,29.51397568907305,36.078322013880026,1
2021-09-30,5997.88134765625,5997.88134765625,5650.86106968471,5655.145270647322,156848000,76.08692151122817,5617.026500156944,5628.58408203125,5611.875634765625,5608.305338541667,5616.445149739583,57.97540247128836,40.4577381053617,0
2021-10-01,5792.23974609375,5912.197373971431,5749.397736137436,5912.197373971431,103954500,59.11109490167712,5693.197469656805,5700.55849609375,5654.717578125,5632.868033854166,5627.869661458333,63.20909452677006,45.00800938964338,1
2021-10-04,5963.6083984375,5963.6083984375,5775.1035352684985,5775.1035352684985,74719000,65.77952930612783,5713.005924944195,5730.54775390625,5675.281640625,5646.577408854167,5632.439453125,80.2596677540505,52.0583410625248,0
2021-10-05,5950.755859375,5950.755859375,5877.924434170266,5920.76644899658,54986500,67.57815021670365,5763.126419642856,5795.667578125,5707.413134765625,5669.712109375,5643.007177734375,91.67846511227253,59.982365872474354,1
2021-10-06,6152.11376953125,6152.11376953125,5972.177294377829,5980.745697956563,174312000,72.51657791023416,5800.652307589285,5868.49892578125,5746.399365234375,5692.561263020833,5652.86083984375,115.64278675739206,71.1144500494579,0
2021-10-07,6134.9765625,6147.829167030377,6066.429338337988,6147.829167030377,107263500,71.19204335787265,5870.944599977678,5971.31982421875,5799.951953125,5731.690364583334,5669.426432291667,131.73331527164646,83.23822309389561,1
2021-10-08,6246.36572265625,6254.934125567987,6147.829089171275,6169.250096450617,94643500,72.38094755671852,5923.7509924821425,5998.7388671875,5849.648681640625,5769.391341145833,5686.56328125,151.72436531355015,96.93545153782652,0
2021-10-11,6216.3759765625,6246.365385133098,6194.9549704406445,6203.523372889387,47201000,75.2475046416524,5988.273938516964,6089.5640625,5910.055908203125,5813.37578125,5708.841129557291,163.26547189373468,110.20145560900815,1
2021-10-12,6272.0703125,6272.0703125,6207.8072970030735,6216.375699069331,91067000,75.2475046416524,6033.8943461260715,6140.117578125,5967.892578125,5851.64794921875,5728.548470052084,174.8899272448043,123.13914993616739,1
2021-10-13,6447.72265625,7068.931815822259,6340.617628737541,6340.617628737541,210893300,77.87608328534047,6081.529539400857,6204.38046875,6036.439697265625,5899.059733072917,5750.540706380209,196.01651168231183,137.71462228539627,1
2021-10-14,6640.51171875,6769.037752016128,6511.985685483871,6511.985685483871,138811900,80.41773460113633,6154.768162770686,6263.50224609375,6117.41103515625,5954.468717447917,5777.959602864584,225.71405704865174,155.31450923804738,0
2021-10-15,6554.82861328125,6747.617690142463,6383.460544960171,6683.354664522059,142378200,76.61693643958716,6251.916873966549,6364.60927734375,6181.674072265625,6021.302213541667,5812.518815104167,239.57400518091345,172.1664084266206,0
2021-10-18,6447.72265625,6576.24868926495,6404.880645245016,6554.827683762458,116644300,74.21683722721093,6312.49922182949,6426.30185546875,6257.932958984375,6082.137890625,5842.508235677084,239.15868586117904,185.5648639135323,0
2021-10-19,6426.30224609375,6447.723253580729,6297.776201171875,6404.88123860677,134601200,72.54901796464057,6339.543908713593,6472.57119140625,6306.344384765625,6136.118782552084,5869.64150390625,234.39908745449247,195.33170862172432,0
2021-10-21,6340.61767578125,6469.143709749789,6297.775664458404,6426.301698426943,106120100,61.627903894742495,6356.895576189625,6503.417578125,6353.8990234375,6192.098990885416,5896.203548177084,221.163606313733,200.49808816012606,1
2021-10-22,6447.72265625,6469.143661752491,6362.038634240033,6383.459639742525,96730700,73.83175612317685,6353.6399961079505,6481.99658203125,6372.7494140625,6238.93955078125,5923.622444661459,216.81753142530397,203.76197681316165,0
2021-10-25,6447.72265625,6447.72265625,6340.617628737541,6340.617628737541,60329800,70.10672851193344,6372.456528136361,6443.43876953125,6404.0240234375,6268.928971354167,5950.898502604166,210.9416319380698,205.1979078381433,0
2021-10-26,6447.72265625,6511.985672757475,6426.301650747509,6511.985672757475,70103000,70.86327159962381,6387.50975375909,6422.017578125,6424.159716796875,6312.62783203125,5979.602620442708,203.93411374222524,204.94514901895968,0
2021-10-27,6383.4599609375,6490.564993839136,6362.038954357173,6490.564993839136,57067000,60.97557698589011,6399.552334257272,6422.017578125,6447.294384765625,6344.902115885417,6007.307112630208,190.99348859243491,202.15481693365473,0
2021-10-28,6319.19677734375,6362.0387893935385,6297.775771318856,6297.775771318856,75271900,58.365740118646755,6396.333859593318,6413.44912109375,6458.433349609375,6373.749055989583,6033.155159505209,173.55185038392483,196.43422362370876,1
2021-10-29,6404.880859375,6404.880859375,6319.196834500418,6383.459853156355,60639200,57.37050381762579,6380.906443143405,6409.16494140625,6445.58076171875,6384.887923177083,6058.289143880208,164.74414778563187,190.0962084560934,0
2021-11-01,6340.61767578125,6469.143709749789,6340.61767578125,6469.143709749789,38593400,55.598450501369214,6385.701326389724,6400.59658203125,6422.01767578125,6402.88154296875,6086.136442057292,150.83969209817315,182.24490518450935,0
2021-11-02,6254.9345703125,6362.039614324701,6212.092552707621,6319.1975967198205,90535400,49.24816636916672,6376.68459626803,6379.1755859375,6400.59658203125,6409.165006510417,6111.270393880209,131.39179740994132,172.07428362959575,1
2021-11-03,6297.77587890625,6340.617891687925,6212.091853342899,6254.933866124575,61621500,42.553192521255916,6352.334591076924,6340.61796875,6381.3177734375,6411.735579427083,6131.691764322916,118.07504074818007,161.27443505331263,1
2021-11-04,6319.19677734375,6404.880801443326,6319.19677734375,6362.0387893935385,61081400,30.769199297460148,6341.422848642789,6323.48115234375,6368.46513671875,6413.449283854166,6156.254508463541,108.00488949824557,150.62052594229922,1
2021-11-05,6383.4599609375,6404.880967517827,6319.196941196518,6404.880967517827,43120400,39.473638432048624,6336.977634382982,6323.48115234375,6366.323046875,6404.880891927083,6179.6748046875,104.01075271448462,141.29857129673633,1
2021-11-08,6490.56494140625,6511.985947813531,6383.459909369843,6426.301922184406,85441700,52.63160104734968,6346.2740996938865,6319.19697265625,6359.89677734375,6387.744108072917,6204.523160807292,108.24012259121628,134.6868815556323,1
2021-11-09,6576.2490234375,6576.2490234375,6490.564997073494,6511.986003664495,101785800,58.53657994181278,6375.13226803636,6349.18642578125,6364.181005859375,6383.45986328125,6232.798876953125,117.1554232254366,131.1805898895932,0
2021-11-10,6554.82861328125,6576.249621821385,6490.565587660845,6576.249621821385,47503900,63.157983136820185,6415.355619116588,6413.44931640625,6377.033642578125,6392.028287760417,6264.07353515625,121.0964901688385,129.16376994544225,1
2021-11-11,6576.2490234375,6640.512043210505,6511.986003664495,6597.670030028502,55790000,58.82358462357416,6443.250217949521,6464.85986328125,6394.1705078125,6400.596712239583,6296.3478515625,124.51295436580403,128.23360682951463,0
2021-11-12,6447.72265625,6640.511705772426,6447.72265625,6640.511705772426,52590100,50.0,6469.849979047117,6516.2703125,6419.875732421875,6416.30546875,6327.622509765625,115.51790466623879,125.69046639685946,0
2021-11-15,6426.30224609375,6533.407283528645,6426.30224609375,6533.407283528645,67344200,48.780517637169176,6465.424514487693,6529.1228515625,6424.159912109375,6416.30546875,6342.617220052083,105.44530702971224,121.64143452343002,0
2021-11-16,6404.880859375,6404.880859375,6276.354822063127,6340.617840719064,98616900,51.28204828473804,6457.600060808905,6516.2703125,6432.728369140625,6414.87744140625,6363.75263671875,94.6431862140762,116.24178486155927,1
2021-11-17,6512.34521484375,6512.34521484375,6383.387883856745,6447.866549350248,61968100,60.991602803141035,6447.056220522125,6481.9966796875,6447.722998046875,6412.021321614583,6378.46171875,93.67408645330306,111.72824517990803,0
2021-11-18,6361.89501953125,6447.86657384924,6361.89501953125,6383.387908110747,78839600,47.72172163157184,6460.11401938645,6473.5,6469.179931640625,6420.613671875,6397.181363932292,79.84558432003905,105.35171300793425,1
2021-11-19,6383.3876953125,6404.880583175505,6340.401919586489,6383.3876953125,68203700,52.374492872428036,6440.470219415411,6430.62919921875,6473.449755859375,6423.460221354167,6404.174072265625,69.81588203498814,98.24454681334504,1
2021-11-22,6426.37353515625,6469.359311311141,6361.894870923913,6383.387759001358,66328300,59.991587996218584,6429.053714594828,6417.76220703125,6473.442529296875,6422.02734375,6412.454443359375,64.59130043697132,91.5138975380703,0
2021-11-23,6426.37353515625,6447.866423233695,6361.894870923913,6361.894870923913,43477500,57.88869891941047,6428.517678707113,6417.77646484375,6467.023388671875,6427.744401041667,6418.454703776041,59.76188408026883,85.16349484651,0
2021-11-24,6426.37353515625,6512.345087466032,6383.387759001358,6512.345087466032,35181400,56.75210593796989,6428.088849996941,6422.075,6452.03583984375,6439.173665364583,6425.454622395833,55.29710620444439,79.19021711809688,0
2021-11-25,6383.3876953125,6469.35924676452,6383.3876953125,6404.880583175505,40216100,49.99532186811714,6427.745787028803,6404.8806640625,6439.19033203125,6447.746842447917,6430.598063151042,47.73982456258,72.90013860699351,0
2021-11-26,6254.4306640625,6404.880886222079,6232.93777518256,6361.8951084622,113288400,35.1343708060035,6418.874168685542,6409.17919921875,6419.90419921875,6452.026236979166,6428.453564453125,30.987663238469395,64.51764353328869,1
2021-11-29,6361.89501953125,6383.387908110747,6168.459022315773,6254.430576633762,87907900,36.865712813706665,6385.985467760935,6383.38779296875,6400.575,6443.424283854167,6415.584195963542,26.082269893854573,56.83056880540187,0
2021-11-30,6254.4306640625,6383.387997342139,6254.4306640625,6297.416441822379,144923700,33.349211461482454,6381.167378114998,6370.49208984375,6394.13427734375,6434.8462890625,6409.153076171875,13.369124017874128,48.13827984789632,1
2021-12-01,6275.92431640625,6404.881665373502,6254.431424911708,6254.431424911708,76538100,33.35462273112303,6355.8200353044995,6336.103515625,6379.0892578125,6413.391731770834,6402.710009765625,4.970920751945414,39.504808028706144,1
2021-12-02,6447.8671875,6447.8671875,6275.9240625,6340.402734374999,66831000,50.007642764780485,6339.84089152485,6306.013671875,6355.44716796875,6394.798111979167,6397.697412109375,12.050723627975458,34.01399114856001,0
2021-12-03,6340.40234375,6469.359679555085,6318.909454449152,6469.359679555085,63283700,45.83651844969283,6361.44615071988,6318.9095703125,6364.044384765625,6386.239322916666,6401.272395833334,8.88755346101334,28.988703611050678,0
2021-12-06,6318.9091796875,6426.37362151892,6318.9091796875,6404.880733152636,56944100,45.83332938919122,6357.237389325905,6336.10390625,6359.745849609375,6379.084635416667,6397.695052083333,4.5934491775142305,24.10965272434339,0
2021-12-07,6318.9091796875,6426.37362151892,6318.9091796875,6404.880733152636,51258200,39.534888635641984,6349.571747398224,6327.50673828125,6348.9994140625,6371.92509765625,6393.40126953125,1.1767754604979928,19.523077271574312,1
2021-12-08,6383.3876953125,6426.37347103851,6361.894807449495,6404.880583175505,74775000,51.28203783929572,6343.439233856079,6340.40244140625,6338.252978515625,6366.19365234375,6389.107486979166,3.6300690886419034,16.34447563498783,0
2021-12-09,6318.9091796875,6404.880733152636,6318.9091796875,6361.894956420068,54886400,46.341474226415684,6351.428926147363,6361.8951171875,6333.95439453125,6357.596484375,6389.105078125,0.3672116353236561,13.149022835054996,1
2021-12-10,6340.40234375,6340.40234375,6254.43078654661,6297.4165651483045,91092400,45.00002555803121,6344.924976855391,6336.103515625,6327.50654296875,6354.73076171875,6389.095491536458,-0.47878851411769574,10.42346056522046,0
2021-12-13,6275.92431640625,6361.895882384418,6275.92431640625,6340.402990889876,59977100,41.86052040681548,6344.020450234313,6336.103515625,6336.1037109375,6351.865071614583,6386.946207682292,-6.279699205470024,7.082828611082363,0
2021-12-14,6275.92431640625,6340.402990889876,6254.431424911708,6275.92431640625,49763600,41.86052040681548,6330.401223468701,6327.50654296875,6327.506640625,6341.835123697917,6384.789762369792,-10.753008730542206,3.5156611427574496,0
2021-12-15,6275.92431640625,6340.402990889876,6254.431424911708,6275.92431640625,52477600,43.90249984069507,6319.505842056211,6318.9095703125,6329.656005859375,6331.80517578125,6385.489420572917,-14.13519700539291,-0.014510486872622685,0
2021-12-16,6254.4306640625,6361.8951084622,6254.4306640625,6340.402219582259,95171400,50.0,6310.789536926219,6297.41689453125,6329.656005859375,6321.775227864583,6384.76103515625,-18.33856809709505,-3.679322008917108,1
2021-12-17,6447.8671875,6447.8671875,6275.9240625,6297.416953125,107096800,55.00002555800218,6299.5177623534755,6284.52119140625,6310.312353515625,6313.178092447916,6382.602164713541,-5.991987246895405,-4.141855056512767,0
2021-12-20,6340.40234375,6361.895233050847,6297.4165651483045,6318.909454449152,74753000,54.99999432044718,6329.187647382781,6306.01416015625,6321.058837890625,6326.073860677084,6384.749072265625,-4.823149475406353,-4.278113940291485,0
2021-12-21,6340.40234375,6361.895233050847,6297.4165651483045,6297.4165651483045,52386100,53.84610903702082,6331.430586656225,6318.909765625,6323.208154296875,6324.641015625,6379.74365234375,-3.8524287202471896,-4.192976896282627,0
2021-12-22,6297.416015625,6383.387565326366,6297.416015625,6383.387565326366,33232000,39.39390601550344,6333.224938074981,6331.80537109375,6325.357470703125,6330.3724609375,6371.882096354167,-6.477098990760169,-4.649801315178135,0
2021-12-23,6275.92431640625,6318.910099395333,6275.92431640625,6297.417207900792,37136400,44.82764293497803,6326.063153584985,6336.1037109375,6316.760302734375,6331.805240885416,6363.301676432292,-10.174089037918748,-5.754658859726257,0
2021-12-24,6275.92431640625,6318.910099395333,6275.92431640625,6275.92431640625,30802100,46.428649667461535,6316.035386149239,6340.40244140625,6312.46181640625,6320.3423828125,6353.290852864583,-12.95464717699815,-7.194656523180636,1
2021-12-27,6318.9091796875,6318.9091796875,6275.923402954932,6275.923402954932,20722100,50.0,6308.013172200641,6306.0138671875,6306.014013671875,6316.04384765625,6347.564241536458,-11.556523893989834,-8.067029997342475,0
2021-12-28,6318.9091796875,6361.894956420068,6297.416291321216,6340.402068053784,39343800,44.44445379353286,6310.192373698013,6301.715234375,6310.3125,6316.04384765625,6343.98447265625,-10.329429881444412,-8.519509974162862,0
2021-12-29,6275.92431640625,6340.402990889876,6275.92431640625,6318.910099395333,42079500,46.1539200891956,6311.935734895911,6297.4166015625,6314.610986328125,6316.04384765625,6341.11875,-12.6793090805877,-9.35146979544783,0
2021-12-30,6275.92431640625,6318.910099395333,6275.92431640625,6318.910099395333,49954700,44.000043619193534,6304.733451197979,6293.11826171875,6314.610986328125,6308.879622395833,6333.238053385417,-14.375888976433998,-10.356353631645064,1
2022-01-03,6297.416015625,6361.894677901024,6275.923128199659,6297.416015625,54287400,52.17380138423959,6298.9716242396335,6293.11826171875,6316.7603515625,6306.01396484375,6330.37236328125,-13.826852900443555,-11.050453485404763,1
2022-01-04,6361.89501953125,6404.880796690245,6297.416353792757,6297.416353792757,70624000,57.69225392109747,6298.660502516707,6297.4166015625,6301.715234375,6303.148209635417,6327.506640625,-8.095501214192154,-10.459463031162242,1
2022-01-05,6404.880859375,6469.359525744547,6340.402193005453,6404.880859375,76164900,60.714248043586736,6311.307405919617,6306.01376953125,6303.864501953125,6308.87958984375,6325.357356770834,-0.08379969225188688,-8.38433036338017,1
2022-01-06,6426.37353515625,6469.359311311141,6383.387759001358,6447.866423233695,63657100,64.28575485422517,6330.022096610694,6323.20810546875,6310.312353515625,6317.476692708334,6324.640934244791,7.908644863809968,-5.125735317942143,1
2022-01-07,6576.82470703125,6619.810489430147,6447.867359834559,6490.853142233456,143433300,61.53852203112589,6349.292384319805,6353.29794921875,6323.20810546875,6327.506640625,6324.640934244791,26.082207501876837,1.1158532460216524,0
2022-01-10,6533.8388671875,6576.82464920847,6490.853085166529,6512.345976177015,45351900,69.56536770196642,6394.798848862095,6413.47802734375,6353.29814453125,6348.999576822916,6331.088834635417,36.594450749272255,8.211572746671774,1
2022-01-11,6619.8095703125,6619.8095703125,6555.330905666599,6576.823793881899,110334600,74.07418314732294,6422.606852527177,6460.76259765625,6379.089599609375,6354.731022135416,6340.40244140625,51.27156977359391,16.8235721520562,0
2022-01-12,6619.8095703125,6619.8095703125,6576.823793881899,6619.8095703125,62606000,80.00023627170519,6462.047396084242,6512.3455078125,6409.179638671875,6373.358170572917,6348.999593098958,62.18644570691049,25.89614686302706,0
2022-01-13,6619.8095703125,6662.795346743101,6576.823793881899,6619.8095703125,50025200,83.33341221662361,6493.599830929894,6555.33125,6439.269677734375,6391.985319010417,6361.178889973959,70.02930923635358,34.722779337692366,1
2022-01-14,6748.7666015625,6748.7666015625,6576.823503433519,6619.8092779657645,65898700,86.66673734605462,6518.841778806415,6594.01845703125,6473.658203125,6413.47822265625,6372.641731770834,85.6631186627119,44.910847202696274,0
2022-01-17,6662.79541015625,6791.752740675403,6619.809633316532,6791.752740675403,63902600,75.00008874355456,6564.826743357633,6628.4068359375,6520.942431640625,6445.001041666666,6382.671712239583,90.07751113628001,53.94417998941303,0
2022-01-18,6598.31689453125,6684.288450160321,6490.852449994911,6684.288450160321,71476300,68.57150275378828,6584.420476717357,6654.19814453125,6557.48037109375,6470.792447916667,6393.418147786459,87.3659711026221,60.62853821205485,0
2022-01-19,6598.31689453125,6641.302672345786,6512.345338902178,6576.824005623982,60389700,72.72727272727272,6587.199760280136,6649.899609375,6581.12255859375,6489.41962890625,6402.73173828125,84.24592154801667,65.35201487924722,1
2022-01-20,6684.2880859375,6684.2880859375,6555.330759520699,6641.302310465233,59925500,75.67567069722548,6589.423187130359,6645.60107421875,6600.466162109375,6508.046809895834,6412.045328776042,87.69947153566955,69.8215062105317,1
2022-01-21,6834.7392578125,6834.7392578125,6619.81035033412,6684.289022577634,63370500,79.06981904636112,6608.396166891788,6658.49677734375,6626.2576171875,6535.271061197916,6422.075341796875,101.40762302559051,76.13872957354346,0
2022-01-24,6705.78173828125,6748.767518654848,6684.288848094451,6727.274628468049,40278300,67.39133011524089,6653.664785075931,6675.69130859375,6652.049072265625,6572.525390625,6439.269677734375,100.70477579126327,81.05193881708742,0
2022-01-25,6684.2880859375,6684.2880859375,6555.330759520699,6598.316534992966,106796900,64.44441751910605,6664.0881757169955,6684.28857421875,6669.243359375,6599.749772135417,6451.448990885417,97.29188588177476,84.29992823002489,0
2022-01-26,6619.8095703125,6662.795346743101,6576.823793881899,6619.8095703125,53350200,59.574462942903224,6668.128157761097,6701.4828125,6675.6912109375,6621.242643229167,6465.061116536458,88.36564455375083,85.11307149477008,1
2022-01-27,6705.78173828125,6705.78173828125,6555.331506973657,6555.331506973657,71945100,56.8181630427599,6658.464440271378,6705.78134765625,6675.6912109375,6635.571223958334,6476.523958333333,87.22331338481399,85.53511987277886,0
2022-01-28,6684.2880859375,6727.273861409767,6619.809422729099,6705.7809736736335,70595000,58.13947099250193,6667.927899873353,6710.080078125,6684.288427734375,6654.1984375,6490.8525390625,83.61973335455332,85.15204256913376,0
2022-01-31,6555.33056640625,6684.287889024078,6555.33056640625,6684.287889024078,68122000,46.666656569680065,6671.199937086183,6679.98984375,6677.840576171875,6661.362662760416,6505.181119791667,69.55627469753017,82.03288899481305,1
2022-02-02,6705.78173828125,6705.78173828125,6598.317287347255,6684.288848094451,65308100,53.84617064956161,6648.026062950197,6649.899609375,6667.094091796875,6662.795442708333,6508.763232421875,69.74703419333855,79.57571803451816,0
2022-02-03,6641.302734375,6727.274290807039,6619.80984526699,6705.781401699029,35100600,50.9090999212711,6659.577198016408,6654.19833984375,6677.840576171875,6668.526920572916,6520.942545572917,63.9580273990332,76.45217990742117,0
2022-02-04,6641.302734375,6705.781401699029,6619.80984526699,6662.79562348301,39324700,44.89800460112886,6655.922305288127,6658.49697265625,6682.13916015625,6669.959798177083,6530.97255859375,58.69361435621249,72.90046679717943,1
2022-02-07,6705.78173828125,6705.78173828125,6619.810177534054,6684.288848094451,56813200,52.08335108190564,6652.9983911055015,6645.601171875,6677.840625,6671.39267578125,6542.43544921875,59.04382536810499,70.12913851136454,0
2022-02-08,6641.302734375,6748.7671799150485,6641.302734375,6662.79562348301,61883100,52.08332643111404,6663.5550605406515,6649.89990234375,6664.944873046875,6668.527018229167,6556.764029947916,53.50171886503722,66.80365458209909,1
2022-02-09,6834.7392578125,6834.7392578125,6705.781913325472,6748.767694821147,108922200,59.6491039276526,6659.104595307522,6667.0943359375,6658.49697265625,6667.094173177084,6568.943310546875,63.9807402110373,66.23907170788674,0
2022-02-10,6662.79541015625,6834.738517515121,6662.79541015625,6834.738517515121,93277000,49.18034007963273,6694.231527808517,6692.88583984375,6673.54208984375,6682.8556640625,6586.137646484375,57.745356094032104,64.54032858511582,1
2022-02-11,6727.2744140625,6727.2744140625,6576.82418754992,6598.317077051717,71968800,45.61403998236752,6687.944304278064,6697.184375,6677.840673828125,6687.154231770834,6597.600520833334,57.345641144806905,63.101391097054034,0
2022-02-14,6619.8095703125,6684.288234958401,6619.8095703125,6662.795346743101,57710700,46.42856418426208,6695.810326234951,6714.3787109375,6679.98994140625,6690.019986979167,6612.645524088542,47.806268493479365,60.0423665763391,1
2022-02-15,6770.26123046875,6770.26123046875,6641.303873697916,6662.796766493055,55617000,53.225849594829064,6680.610175050461,6697.18427734375,6673.54208984375,6675.691341145834,6624.108365885417,51.7894420868879,58.391781678448865,1
2022-02-16,6856.23193359375,6856.23193359375,6727.27459314998,6748.767483223942,77055100,58.73014098606222,6698.540386134119,6722.9759765625,6695.03515625,6679.989973958333,6639.869873046875,61.17803085423748,58.94903151360659,0
2022-02-17,6791.75244140625,6813.245328879055,6705.780891515032,6748.766666460641,48704600,53.2257591713587,6730.078695626045,6727.27451171875,6710.08017578125,6691.452897135417,6656.347770182291,62.692914063223725,59.69780802353002,1
2022-02-18,6813.24560546875,6834.738493814078,6748.766940432768,6834.738493814078,56813400,54.838695493337895,6742.413444782087,6753.06591796875,6725.125146484375,6702.915755208333,6669.243489583333,64.87989360729262,60.73422514028255,1
2022-02-21,6834.7392578125,6856.232148560338,6791.753476316824,6813.246367064662,43821700,61.40349548646138,6756.57987691942,6770.26015625,6742.31943359375,6710.080013020834,6682.139225260416,67.5685604614664,62.101092204519325,0
2022-02-22,6791.75244140625,6834.73821635186,6748.766666460641,6791.75244140625,80095500,53.846093354070916,6772.211753098036,6813.24609375,6755.215185546875,6720.110091145833,6690.736376953125,65.47590599900741,62.77605496341695,1
2022-02-23,6920.7099609375,6963.695737092391,6770.25974439538,6791.752632472826,99240300,61.81810446382692,6776.119890759679,6817.5443359375,6770.26015625,6735.871549479167,6699.33349609375,73.37740726881566,64.8963254244967,0
2022-02-24,6877.724609375,7006.681945800781,6813.245941162109,6985.189056396484,124947700,59.649080153654474,6805.037904795244,6830.43994140625,6778.8572265625,6750.20009765625,6709.363509114583,75.30280150349336,66.97762064029602,1
2022-02-25,6920.7099609375,7028.174401324728,6813.245520550272,6834.738408627717,135899900,58.92850550530287,6819.575245711196,6847.634375,6800.350146484375,6765.961555989584,6717.960677083333,79.38218056979622,69.45853262619607,0
2022-03-01,6920.7099609375,7028.174401324728,6877.724184782608,6877.724184782608,136616800,62.264084624768635,6839.802188756457,6869.12724609375,6819.693701171875,6784.588704427083,6727.990690104167,81.67363504544846,71.90155311004655,0
2022-03-02,6856.23193359375,7071.1608343333655,6856.23193359375,7071.1608343333655,100301000,51.06381538910697,6855.983743192666,6886.32138671875,6849.783740234375,6798.917252604167,6733.722135416667,77.39463411951692,73.00016931194062,0
2022-03-04,6791.75244140625,6899.216878770273,6791.75244140625,6856.231103824664,132983400,57.14281077923343,6856.033381272883,6899.21728515625,6858.380810546875,6813.245865885417,6740.17001953125,68.01648718971774,72.00343288749605,0
2022-03-07,6619.8095703125,6748.766899604301,6619.8095703125,6705.781123173701,130990900,44.68084797851535,6843.177193299557,6873.42578125,6851.932861328125,6810.380078125,6746.61787109375,46.17757908408021,66.83826212681288,0
2022-03-08,6576.82470703125,6748.767836626838,6576.82470703125,6619.810489430147,119256500,47.72732553306509,6798.503668702146,6821.8427734375,6834.73857421875,6807.51435546875,6747.334293619791,25.112091285614042,58.493027958573116,1
2022-03-09,6748.7666015625,6834.73815062699,6576.823503433519,6619.8092779657645,132814500,48.88879801573419,6754.167876367967,6753.06572265625,6811.096484375,6797.484375,6743.752180989583,22.037776576652504,51.201977682188996,1
2022-03-10,6813.24560546875,6856.231382159405,6705.781163742114,6813.24560546875,86484000,47.72724456413985,6753.087621406875,6718.67705078125,6802.49921875,6806.081510416667,6740.88642578125,24.52160694162103,45.86590353407541,1
2022-03-11,6834.7392578125,6834.7392578125,6641.303241081958,6641.303241081958,61053900,52.381009047818154,6765.119218219251,6710.07978515625,6804.64853515625,6808.947135416666,6744.4685546875,27.902772720040048,42.273277371268335,1
2022-03-14,6942.20361328125,6963.696503724845,6834.739161063274,6920.710722837654,78432100,56.52177348698787,6779.043226137901,6718.6771484375,6796.05146484375,6807.514290364584,6749.48359375,38.80650904855793,41.57992370672626,1
2022-03-15,7006.68212890625,7049.66790883819,6942.203459008339,7006.68212890625,111214500,58.33332938918562,6811.675303566571,6783.15595703125,6802.499365234375,6817.544368489584,6760.230061848958,52.05066828402232,43.67407262218548,1
2022-03-16,7049.66796875,7114.146639195885,6942.20351800686,7114.146639195885,149761300,62.50006507849887,6850.676668634507,6869.12744140625,6811.09658203125,6830.44013671875,6770.260074869791,65.26304615365734,47.991867328479856,0
2022-03-17,6877.724609375,7135.6392822265625,6877.724609375,7135.6392822265625,132439400,48.00001635718271,6890.474928657606,6929.30771484375,6823.9923828125,6844.768717447917,6782.439404296875,61.15460645860003,50.62441515450389,0
2022-03-18,6791.75244140625,6963.695541188687,6791.75244140625,6877.723991297468,143981700,46.15381590760648,6887.924864801085,6942.203515625,6826.141650390625,6850.5001953125,6793.185872395833,50.380646216150126,50.575661366833145,0
2022-03-21,6791.75244140625,6834.73821635186,6705.780891515032,6705.780891515032,85485500,43.9999890952264,6868.690380122119,6933.60615234375,6826.141650390625,6841.90302734375,6796.0515625,41.36537085564214,48.73360326459495,1
2022-03-22,6813.24560546875,6834.738493814078,6770.259828778096,6791.752717123423,60010900,45.09804270946136,6853.302792378946,6903.51591796875,6843.3359375,6836.171549479167,6801.066552734375,35.54527508979481,46.095937629634925,0
2022-03-23,6791.75244140625,6834.73821635186,6727.2737789878365,6813.245328879055,82208000,46.93873860841892,6845.291354996907,6864.82861328125,6866.97802734375,6829.007259114584,6806.797981770834,28.865742241597218,42.64989855202739,1
2022-03-24,6813.24560546875,6834.738493814078,6705.781163742114,6748.766940432768,95245100,51.0638431569687,6834.583572278776,6813.2455078125,6871.276611328125,6820.410091145834,6809.663671875,25.018090080711772,39.123536857764265,1
2022-03-25,6834.7392578125,6834.7392578125,6791.753476316824,6791.753476316824,85101200,62.500028397796335,6830.315978916771,6800.34970703125,6871.276611328125,6817.5443359375,6815.395100911458,23.433034699112795,35.98543642603397,1
2022-03-28,6895.8408203125,6895.8408203125,6808.551696004747,6830.373977081685,83911500,68.17065051065106,6831.200634695917,6808.9470703125,6871.276611328125,6820.410123697917,6815.395100911458,26.798337779636313,34.14801669675444,0
2022-03-29,6852.1962890625,6895.840851413216,6830.3740078871415,6874.0185702378585,62180600,56.89957981824696,6844.128671819234,6829.76474609375,6866.64033203125,6838.81220703125,6823.16328125,25.64796205606217,32.448005768615985,1
2022-03-30,6874.01953125,6895.84181547619,6830.3749627976185,6895.84181547619,71430600,54.298741927662746,6845.742195267888,6837.5548828125,6851.191748046875,6857.1703125,6827.32734375,26.19527148353427,31.197458911599643,1
2022-03-31,6961.30859375,6983.130877742947,6874.019457778213,6917.664025764107,112691900,58.19032633148809,6851.397662464311,6854.00830078125,6833.626904296875,6865.5205078125,6835.801009114583,33.288783610658356,31.61572385141139,0
2022-04-01,6917.6630859375,7048.5967721066645,6852.196242852919,7048.5967721066645,105575400,48.26900703225579,6873.379848721449,6883.6208984375,6841.985302734375,6875.391373697917,6842.169254557291,34.98532629375495,32.289644339880105,0
2022-04-04,6895.8408203125,6917.663101389438,6830.373977081685,6917.663101389438,57321200,41.68108714660663,6882.23649616466,6900.2056640625,6854.5763671875,6880.91962890625,6844.216959635417,34.17502571021214,32.66672061394652,0
2022-04-05,6895.8408203125,6895.8408203125,6852.196258158623,6895.8408203125,48528300,37.65857793823609,6884.957360994228,6900.2056640625,6864.985205078125,6877.828776041667,6847.686572265625,33.15071584321686,32.763519659800586,0
2022-04-06,6764.9072265625,6852.196352066532,6764.9072265625,6830.374070690525,119263000,40.31119900432421,6887.134052857883,6908.9345703125,6873.2447265625,6870.43935546875,6850.43974609375,21.5255628466457,30.51592829716961,0
2022-04-07,6764.9072265625,6830.374070690525,6721.262663810484,6743.084945186492,68619400,47.29509930777292,6862.688687598807,6887.112109375,6870.560205078125,6851.455305989583,6848.11201171875,12.172231435125468,26.847188924760783,1
2022-04-08,6852.1962890625,6874.0185702378585,6786.729445536425,6808.551726711783,69791600,55.17922636067187,6843.132395391545,6847.8318359375,6865.7263671875,6843.934147135416,6847.217171223959,11.668637948205287,23.811478729449686,0
2022-04-11,6743.0849609375,6874.018649499393,6743.0849609375,6830.374086645429,62776200,44.77302572944972,6844.945174125736,6834.7384765625,6867.4720703125,6847.963736979166,6844.933382161458,2.437071144229776,19.536597212405706,1
2022-04-12,6808.55224609375,6808.55224609375,6721.263114733574,6743.085397573618,73471300,51.174623810388695,6824.5731314880895,6804.1873046875,6852.196484375,6844.71923828125,6840.445393880208,0.3990507131893537,15.709087912562437,0
2022-04-13,6808.55224609375,6852.196811773839,6764.907680413662,6808.55224609375,57622100,49.661677000794064,6821.368954409222,6786.72958984375,6847.832080078125,6844.40634765625,6836.706803385417,-1.2022365272350726,12.326823024602936,0
2022-04-14,6721.2626953125,6808.551821225649,6721.2626953125,6808.551821225649,93342900,42.52870533136671,6818.805612746128,6795.45859375,6841.2853515625,6845.526334635417,6832.968212890625,-9.406374609521663,7.980183497778017,0
2022-04-18,6721.2626953125,6743.084976790787,6655.795850877637,6721.2626953125,68464700,37.500052442051526,6799.297029259402,6786.7296875,6817.28076171875,6839.394140625,6828.46923828125,-15.726922969039151,3.2387622044145834,0
2022-04-19,6655.79541015625,6721.262250256147,6655.79541015625,6721.262250256147,98632000,36.363667183557844,6783.690162470022,6760.54296875,6797.64072265625,6831.829036458334,6826.119580078125,-25.722156847576116,-2.553421605983557,1
2022-04-20,6677.619140625,6743.085994944853,6655.796855851716,6743.085994944853,124388800,36.36371033139776,6758.1112120072685,6743.08505859375,6773.636181640625,6815.826009114583,6827.319108072917,-31.519126181144202,-8.346562521015686,1
2022-04-21,6917.6630859375,6917.6630859375,6764.907118740142,6808.5516807965305,129323400,47.49995245250005,6742.012797730816,6716.8984375,6751.814013671875,6804.187532552083,6830.678922526042,-16.552914196120582,-9.987832856036666,0
2022-04-22,6874.01953125,6917.664099702381,6808.552678571428,6852.197247023809,85956100,47.50005873527842,6777.1428553721535,6738.72060546875,6767.089599609375,6807.097102864584,6836.308805338542,-8.12014946274212,-9.614296177377758,1
2022-04-25,6983.13037109375,6983.13037109375,6830.3743942260735,6874.01895904541,91279600,54.5454776604936,6796.518190547723,6769.27197265625,6778.000830078125,6801.27783203125,6838.334602864584,7.283253429437536,-6.2347862560147,1
2022-04-26,7092.2412109375,7092.2412109375,6917.662965745192,6917.662965745192,128360900,59.183673469387756,6833.840626656929,6821.6455078125,6791.09423828125,6805.642317708333,6843.280973307292,27.97244515951388,0.6066600270910163,1
2022-04-27,7157.708984375,7157.708984375,7048.59756693026,7048.59756693026,89463100,69.56524699951456,6885.520743513043,6908.93466796875,6826.00986328125,6818.735677083333,6848.2822265625,49.085652001061135,10.302458421885042,0
2022-04-28,7092.2412109375,7201.352614182692,7048.596649639423,7201.352614182692,133730600,65.30609449146814,6939.958391685434,7004.95263671875,6860.925537109375,6836.1935546875,6853.316455078125,59.845457178186734,20.211058173145382,0
2022-05-09,6633.97412109375,6895.841520610608,6633.97412109375,6874.019237317537,456796600,42.424267080271555,6970.414955535848,7039.86826171875,6889.29443359375,6858.0158203125,6854.735563151042,31.036585609445865,22.376163660405478,0
2022-05-10,6568.50634765625,6633.973188330565,6328.461265183762,6328.461265183762,268445700,43.749993444727515,6903.126788647429,6991.8591796875,6880.565576171875,6849.286946614583,6846.610546875,2.889338657618282,18.47879865984804,1
2022-05-11,6677.619140625,6721.263710171569,6503.0408624387255,6568.507716758579,156535200,45.454573192540614,6836.202700449194,6908.934375,6865.28994140625,6830.374283854167,6839.169010416666,-10.492120212064037,12.684614885465624,0
2022-05-12,6350.2841796875,6590.329286136168,6350.2841796875,6568.507003731744,240529600,37.037055452932975,6804.485988484355,6826.0099609375,6867.472314453125,6826.009895833334,6835.364567057291,-46.96879147862819,0.753933612646863,1
2022-05-13,6393.92822265625,6524.861906396651,6328.46138078605,6328.46138078605,212968600,40.50633377470314,6713.645626724985,6664.525,6834.738818359375,6795.45869140625,6819.93251953125,-71.53054711756249,-13.70296253339501,1
2022-05-17,6459.3955078125,6524.862354175465,6350.284097207559,6350.284097207559,159657600,42.68294280213232,6649.702145911238,6524.86240234375,6782.36533203125,6767.81708984375,6806.671712239583,-84.73646343625569,-27.909662713967148,1
2022-05-18,6612.1513671875,6612.1513671875,6437.573113268359,6546.684521967823,153514300,48.83722442896731,6611.640818291491,6489.9466796875,6740.9029296875,6750.35927734375,6794.876708984375,-81.93166876786836,-38.71406392474739,0
2022-05-19,6503.0400390625,6524.8623210727765,6437.573193031669,6459.395475041946,140908900,45.555535113880566,6611.742928070693,6498.67568359375,6703.805029296875,6743.085188802083,6787.457112630208,-87.50452340781703,-48.472155821361326,0
2022-05-20,6459.3955078125,6524.862354175465,6459.3955078125,6481.217789933488,86520200,37.03705852226677,6590.002350269055,6463.75986328125,6644.884912109375,6732.901497395834,6774.363753255208,-94.35513254557918,-57.6487511662049,0
2022-05-23,6437.5732421875,6524.862370895127,6415.750960010593,6503.04008871822,71603500,37.5,6563.880981777745,6485.58212890625,6575.053564453125,6718.353255208333,6761.270393880209,-100.387954255556,-66.19659178407512,0
2022-05-24,6415.75048828125,6524.861891143177,6393.928207708866,6393.928207708866,108710800,32.89475776084451,6538.619433859696,6494.3111328125,6509.586767578125,6686.347265625,6746.722184244792,-105.7113481660881,-74.09954306047773,1
2022-05-25,6437.5732421875,6503.04008871822,6415.750960010593,6459.395524364407,76747400,29.166744358631078,6514.045644744007,6485.58212890625,6487.764404296875,6655.79599609375,6728.5369140625,-106.93656418704722,-80.66694728579162,1
2022-05-27,6612.1513671875,6612.1513671875,6524.86224022793,6568.506803707714,84336900,33.766251880833195,6498.751164232706,6450.66650390625,6474.67109375,6619.425520833333,6712.533919270833,-92.75138085091021,-83.08383399881535,0
2022-05-30,6612.1513671875,6633.973648927393,6524.86224022793,6612.1513671875,105411400,35.1351710925443,6521.431204823666,6472.48876953125,6468.12431640625,6587.41953125,6703.077604166667,-80.5806374297099,-82.58319468499425,1
2022-05-31,6764.9072265625,6764.9072265625,6568.506694178428,6633.973538306452,286292700,54.99996457245101,6539.5752372964325,6503.03994140625,6494.31103515625,6551.0490234375,6693.6212890625,-57.9412042301401,-77.65479659402342,0
2022-06-02,6612.1513671875,6699.440494147071,6568.506803707714,6655.795930667286,149226300,51.56251365680812,6584.641635149646,6568.50673828125,6531.408935546875,6529.2267578125,6693.6212890625,-51.72911054267024,-72.46965938375278,1
2022-06-03,6633.97412109375,6699.440970972964,6612.151837800679,6633.97412109375,80563100,48.33331779491147,6590.143581557217,6607.7869140625,6546.684521484375,6527.771907552084,6688.529427083334,-44.53173357514788,-66.8820742220318,0
2022-06-06,6503.0400390625,6612.151449113884,6481.217757052223,6590.329167103607,81140300,56.8627330544168,6598.9096894645245,6647.06708984375,6548.866796875,6532.13642578125,6681.255354817708,-48.830162909922365,-63.271691959609925,0
2022-06-07,6437.5732421875,6524.862370895127,6372.10639565678,6372.10639565678,129242500,51.923094300360276,6579.735759384121,6625.24482421875,6548.866796875,6520.497819010417,6673.253857421875,-56.8638316504439,-61.99011989777672,1
2022-06-08,6633.97412109375,6633.97412109375,6481.218138042249,6546.684987921463,108910500,56.89655771040233,6551.303255944797,6590.32919921875,6546.6845703125,6526.31708984375,6660.887890625,-46.84268910818446,-58.960633739858274,0
2022-06-09,6546.6845703125,6612.151416015626,6546.6845703125,6546.6845703125,107828300,47.27273392984566,6567.837428974588,6564.142578125,6566.324658203125,6542.320149739583,6655.068619791667,-45.420815792859685,-56.25267015045856,0
2022-06-10,6415.75048828125,6503.039610570791,6415.75048828125,6459.395049426021,111768600,46.42856143959526,6563.606857242171,6551.04921875,6579.41806640625,6548.139420572917,6649.249348958333,-54.2340803854222,-55.8489521974513,0
2022-06-13,6415.75048828125,6459.395049426021,6350.283646564095,6372.10592713648,85539500,48.148132801574555,6534.035583449987,6507.4044921875,6577.235791015625,6535.046028645834,6639.065608723959,-60.52100756893378,-56.783363271747795,1
2022-06-14,6459.3955078125,6459.3955078125,6328.461815086571,6372.106379328548,80865100,50.90908795037404,6510.37856441624,6489.94658203125,6557.595703125,6529.226725260417,6631.064111328125,-61.275310698037174,-57.68175275700567,0
2022-06-15,6393.92822265625,6437.572783903051,6372.105942032849,6372.105942032849,130367100,49.12280977227441,6500.181953095493,6494.31103515625,6542.3201171875,6529.226725260417,6623.789990234375,-66.39045628802705,-59.42349346320995,1
2022-06-16,6612.1513671875,6633.973648927393,6437.573113268359,6459.395395008251,132666300,56.060589623281174,6478.931207007645,6446.30185546875,6505.222216796875,6526.317057291667,6606.332161458334,-52.23334849663115,-57.98546446989419,0
2022-06-17,6546.6845703125,6590.329134114584,6481.217724609375,6481.217724609375,117839400,47.540990822457466,6505.5752390436155,6459.39521484375,6505.222216796875,6539.41044921875,6597.60322265625,-45.76876808603083,-55.54212519312152,1
2022-06-20,6655.79541015625,6677.617690189549,6546.684009989754,6633.97313012295,88138700,51.51513096848843,6513.797105297393,6485.58203125,6496.49326171875,6546.684537760417,6583.055029296875,-31.478345861291018,-50.72936932675542,1
2022-06-21,6677.619140625,6677.619140625,6590.330001531863,6633.974571078432,44295700,46.66671638952389,6542.196766269165,6533.591015625,6511.768798828125,6549.594140625,6568.5068359375,-18.182494156521898,-44.21999429270872,0
2022-06-22,6546.6845703125,6677.618261718751,6546.6845703125,6655.795979817709,53041800,47.45763868873348,6569.281241140333,6577.2357421875,6535.773388671875,6553.958658854167,6552.503841145834,-18.003231402426536,-38.97664171465228,1
2022-06-23,6568.50634765625,6612.150908105793,6503.039506981935,6503.039506981935,60443000,47.45759883618182,6564.761906974767,6607.78701171875,6527.04443359375,6539.410481770833,6534.318619791667,-15.916849782452118,-34.36468332821225,0
2022-06-24,6524.8623046875,6633.9737144648825,6524.8623046875,6633.9737144648825,57956600,50.90908795037404,6565.510795111064,6599.0580078125,6529.226611328125,6536.500813802083,6532.136360677084,-17.582407783883355,-31.008228219346474,0
2022-06-27,6415.75048828125,6546.684171715561,6415.75048828125,6524.861891143177,76354100,49.12279048916702,6557.381097026351,6594.6935546875,6540.13779296875,6529.226692708334,6530.681559244792,-27.391039346940488,-30.284790444865276,0
2022-06-28,6372.10693359375,6459.396069670377,6372.10693359375,6372.10693359375,146078100,38.00003222044512,6529.054975277331,6546.6845703125,6540.13779296875,6523.407389322917,6521.952604166667,-38.245253175153266,-31.876882990922876,0
2022-06-29,6350.2841796875,6459.395591709622,6350.2841796875,6393.928744496348,98517800,40.425559263614424,6497.665366940615,6485.58212890625,6531.408935546875,6519.04296875,6522.680029296875,-48.05426998265466,-35.112360389269234,0
2022-06-30,6328.46142578125,6459.395110452587,6328.46142578125,6372.105987338363,101343900,45.23811045938617,6468.189129489992,6446.30205078125,6527.04453125,6500.130305989584,6521.225227864584,-56.93261656814593,-39.47641162504458,0
2022-07-01,6328.46142578125,6393.928268116919,6328.46142578125,6372.105987338363,68738800,45.23811045938617,6440.243588748244,6398.29306640625,6498.675537109375,6485.582096354166,6516.860758463542,-63.239781367968135,-44.22908557362929,0
2022-07-04,6153.88330078125,6350.283831657248,6110.238738364362,6328.461550448804,102238600,35.416677349326704,6417.887156154846,6359.012890625,6476.85322265625,6479.762825520834,6507.404427083334,-81.3870710958281,-51.66068267806906,1
2022-07-05,6328.46142578125,6393.928268116919,6197.527741109914,6197.527741109914,69172900,47.16981610010638,6365.086385080127,6306.639453125,6426.66201171875,6462.305013020833,6495.765869140625,-80.75108502966941,-57.478763148389135,1
2022-07-06,6372.10693359375,6393.9292176129065,6262.995513497967,6372.10693359375,66801100,37.7778330254656,6357.761393220352,6297.9103515625,6391.746240234375,6453.57607421875,6491.401399739583,-75.85087213205588,-61.15318494512249,0
2022-07-07,6197.5283203125,6328.462017220511,6197.5283203125,6306.639734402509,86126800,34.000042960593504,6360.630501295032,6302.27490234375,6374.2884765625,6452.121321614583,6489.219189453125,-85.07377565485695,-65.93730308706938,1
2022-07-08,6241.17236328125,6262.994644271744,6175.705520309768,6219.350082290756,64312400,29.787291778741547,6328.010065098526,6276.08828125,6337.190673828125,6424.47978515625,6481.9451171875,-87.84861942416137,-70.31956635448778,0
2022-07-11,6219.35107421875,6284.817927631579,6219.35107421875,6284.817927631579,36830800,27.659561300151154,6310.642524735071,6258.63046875,6308.8216796875,6404.1123046875,6475.398421223958,-90.76224806408209,-74.40810269640664,1
2022-07-12,6262.99462890625,6328.461471717116,6241.172347969294,6262.99462890625,34269000,34.88367131467987,6292.384234631807,6271.7240234375,6289.18173828125,6375.016015625,6462.305078125,-88.52914080616665,-77.23231031835864,0
2022-07-13,6110.23828125,6219.349679129465,6110.23828125,6197.527399553572,71988200,28.57139595425741,6286.506313486696,6258.6306640625,6278.2705078125,6347.374381510416,6450.666520182292,-97.95636780110635,-81.3771218149082,1
2022-07-14,6132.0615234375,6197.528372442171,6110.239240435943,6132.0615234375,83316300,31.250017480740894,6251.252707039357,6206.25693359375,6254.26591796875,6318.277962239584,6428.844222005208,-102.48517455653018,-85.59873236323259,0
2022-07-15,6110.23828125,6197.527399553572,6110.23828125,6197.527399553572,57419900,34.09090793515831,6227.414470318986,6193.16357421875,6234.625927734375,6289.181640625,6412.841227213542,-106.60634817694518,-89.8002555259751,1
2022-07-18,6241.17236328125,6241.17236328125,6132.0609583287805,6132.0609583287805,60077700,43.749970865486176,6203.9792325051885,6166.9767578125,6212.80361328125,6261.5400390625,6395.383365885416,-98.17541671264644,-91.47528776330937,1
2022-07-19,6262.99462890625,6262.99462890625,6197.527786095383,6197.527786095383,59641000,45.83331973722055,6211.417858660401,6171.341015625,6221.53251953125,6249.901497395834,6386.654443359375,-88.71037039631301,-90.9223042899101,1
2022-07-20,6459.3955078125,6459.3955078125,6262.994968723607,6284.817250844595,105792900,55.357152132628144,6221.7332127095715,6171.341015625,6214.98583984375,6242.62734375,6380.83515625,-64.61648484659327,-85.66114040124674,0
2022-07-21,6459.3955078125,6459.3955078125,6328.461815086571,6459.3955078125,64337100,55.357152132628144,6269.265671730158,6241.1724609375,6223.714697265625,6249.901432291666,6375.015869140625,-45.003138790868434,-77.52954007917108,0
2022-07-22,6393.92822265625,6459.39506452645,6372.105942032849,6459.39506452645,38956500,60.78428533697656,6307.291638946627,6306.6392578125,6249.901416015625,6258.63037109375,6372.106233723958,-34.346162334707515,-68.89286453027837,0
2022-07-25,6372.10693359375,6437.5737856512205,6372.10693359375,6415.751501632064,31247600,52.272773502734864,6324.618955688552,6363.37724609375,6265.177001953125,6262.99482421875,6371.378824869792,-27.3459997106811,-60.58349156635892,0
2022-07-26,6372.10693359375,6437.5737856512205,6328.462365555437,6328.462365555437,44379900,50.0,6334.116551269592,6389.56416015625,6280.452587890625,6277.54306640625,6369.924039713542,-21.549906490025933,-52.77677455109232,1
2022-07-27,6393.92822265625,6415.75050327965,6350.283661409449,6393.92822265625,58465500,62.857119111837925,6341.714627734424,6411.38662109375,6291.363818359375,6280.452766927084,6367.014420572917,-15.022495221109239,-45.22591868509571,1
2022-07-28,6415.75048828125,6503.039610570791,6393.928207708866,6437.572768853635,86909700,61.76470588235294,6352.157346718789,6398.2931640625,6319.7328125,6281.90751953125,6367.014420572917,-7.996422522143803,-37.78001945250533,0
2022-07-29,6415.75048828125,6524.861891143177,6415.75048828125,6459.395049426021,131553000,63.63627734029094,6364.875975031282,6389.56416015625,6348.101708984375,6296.4556640625,6360.467724609375,-2.400537387374243,-30.704123039479114,1
2022-08-01,6546.6845703125,6546.6845703125,6415.75087890625,6415.75087890625,104841600,67.56754468559376,6375.050877681276,6393.92861328125,6378.6529296875,6308.094205729167,6356.103255208333,12.455943690933964,-22.0721096933965,1
2022-08-02,6633.97412109375,6655.796404386821,6546.684987921463,6633.97412109375,106466900,85.29410022684601,6409.377616207521,6428.844140625,6409.204150390625,6329.916438802084,6352.466227213542,30.91695777539553,-11.474296199638092,1
2022-08-03,6655.79541015625,6655.79541015625,6612.150850089652,6655.79541015625,60170600,85.29406151511422,6454.296917184767,6481.217578125,6446.302099609375,6354.648404947917,6351.011393229167,46.76911485766141,0.17438601182180768,1
2022-08-04,6808.55224609375,6808.55224609375,6677.618549053486,6699.44083189353,164221000,90.00006153223086,6494.596615779064,6533.591015625,6465.94208984375,6391.018880208333,6354.648421223958,70.84164518370744,14.307837846198936,1
2022-08-05,6874.01953125,6874.01953125,6743.0858258928565,6830.3749627976185,118734200,89.18925620084603,6557.387741842002,6612.1513671875,6500.857763671875,6436.11826171875,6362.649951171875,94.11703903927173,30.2696780848135,0
2022-08-08,6874.01953125,6917.664099702381,6764.908110119047,6874.01953125,84328900,88.88895794862742,6620.714099723602,6703.80517578125,6548.86689453125,6487.03701171875,6374.288525390625,111.28018762651664,46.47177999315413,1
2022-08-09,6895.8408203125,6961.307663543314,6874.018539235562,6874.018539235562,92875800,85.7143427944004,6671.375186028882,6769.27216796875,6599.058154296875,6529.226822916667,6389.56416015625,125.1996782383012,62.217359642183546,0
2022-08-10,6895.8408203125,6895.8408203125,6743.084852773932,6808.551696004747,104376300,85.7143427944004,6716.268312885606,6821.6455078125,6651.43154296875,6571.416569010416,6407.021956380208,134.67848509097257,76.70958473194136,1
2022-08-11,6939.48583984375,6939.48583984375,6830.37442726759,6852.196709782823,73204700,96.2964559013891,6752.182814370985,6869.65458984375,6701.622802734375,6600.512923177083,6425.207177734375,144.05175714509187,90.17801921457146,0
2022-08-12,6917.6630859375,6961.307647993888,6852.196242852919,6917.6630859375,59381200,96.2962164939483,6789.6434194655385,6895.84130859375,6753.996337890625,6632.5189453125,6445.574658203125,148.01302687992757,101.7450207476427,1
2022-08-15,6939.48583984375,6961.308122358983,6895.841274813287,6939.48583984375,81411000,96.42849722465954,6815.247352759931,6904.57001953125,6804.18759765625,6667.434602864583,6465.214713541666,151.1706741133603,111.63015142078622,1
2022-08-16,6961.30859375,6961.30859375,6852.197173785266,6939.486309757053,83556700,96.42850578680674,6840.095050176696,6917.66328125,6843.467724609375,6705.25986328125,6491.40146484375,153.66271799403148,120.03666473543528,1
2022-08-18,6983.13037109375,7004.952653503417,6874.01895904541,6895.841241455078,86136900,96.42850293276223,6864.337758891357,6930.7568359375,6876.201171875,6744.539973958334,6512.496370442708,155.60480050352817,127.15029188905386,0
2022-08-19,6895.8408203125,7026.77450677413,6895.8408203125,7026.77450677413,58194900,84.37491478160668,6888.0962813318365,6948.21474609375,6908.93466796875,6783.8201171875,6532.863818359375,148.38983203122825,131.39819991748874,1
2022-08-22,6983.13037109375,6983.13037109375,6830.3743942260735,6852.196676635742,97293300,83.33324631833318,6889.645189127969,6939.4857421875,6917.663525390625,6815.826139322917,6556.140901692708,148.00929574595193,134.72041908318138,0
2022-08-23,6895.8408203125,6983.129944620253,6895.8408203125,6983.129944620253,71671800,69.99988812357125,6908.342225521126,6952.57919921875,6928.574609375,6853.65146484375,6580.872835286458,139.06117015247582,135.5885692970403,1
2022-08-24,6939.48583984375,7004.952687389447,6895.841274813287,6939.48583984375,108892400,70.96769304057858,6905.841944479402,6943.8501953125,6930.75673828125,6876.928548177083,6603.422493489584,133.94744174238804,135.26034378610984,1
2022-08-25,7048.59716796875,7070.419450222524,6895.841192192338,6983.130321207431,99503500,68.96542944307193,6912.570723552272,6939.48564453125,6935.121240234375,6897.29599609375,6625.972200520833,137.11853036847424,135.63198110258273,0
2022-08-26,6983.13037109375,7092.24178314209,6983.13037109375,7004.952653503417,80472400,58.620617820138214,6939.776012435568,6952.57900390625,6950.396875,6923.482779947916,6657.250830078125,132.81797463685052,135.0691798094363,1
2022-08-29,7114.06396484375,7114.06396484375,6939.485708037769,6983.130272239264,57762100,65.71420351931468,6948.446884167204,6970.0369140625,6954.761328125,6935.121321614583,6685.619791666667,138.3798432985477,135.7313125072586,1
2022-08-30,7135.8857421875,7223.174864416093,7048.596619958907,7070.418900516055,124467000,65.71422543801216,6981.570300302514,6996.2236328125,6974.401416015625,6951.124283854167,6719.080647786458,142.90122299768518,137.16529460534392,1
2022-08-31,7157.708984375,7179.531267863948,7026.775283441311,7048.59756693026,137659900,66.66664594883525,7012.433388679512,7044.2326171875,6994.04140625,6968.58203125,6748.904427083334,146.55599595074,139.04343487442316,0
2022-09-01,7114.06396484375,7201.353093246741,7092.2416827430025,7114.06396484375,74960800,61.11105586356065,7041.48850781861,7087.87724609375,7013.6814453125,6986.039908854166,6778.728238932292,144.2676142738519,140.08827075430892,1
2022-09-02,7179.53076171875,7179.53076171875,7114.063915867211,7114.063915867211,71430600,65.78943804491897,7056.003599223638,7100.97060546875,7026.7748046875,7000.588118489583,6800.550520833333,146.05306981305603,141.28123056605835,1
2022-09-05,7223.1748046875,7244.997085064199,7157.707963557402,7179.530243934101,62906000,66.6665901698974,7080.709031722661,7140.25068359375,7055.143798828125,7016.59111328125,6824.555029296875,149.2690846197611,142.87880137679892,0
2022-09-06,7223.1748046875,7288.641645817598,7201.352524310801,7244.997085064199,67079900,65.78937761290703,7109.20218631563,7162.0728515625,7079.1482421875,7036.958561197916,6852.19658203125,150.08768215071632,144.3205775315824,1
2022-09-07,7310.46533203125,7310.46533203125,7201.353909165112,7201.353909165112,117931700,68.29265763651644,7131.996709990004,7179.5306640625,7111.881640625,7055.871158854166,6880.565511067708,155.98197946705477,146.6528579186769,0
2022-09-08,7288.6416015625,7419.575283027695,7288.6416015625,7332.286162050898,132777400,73.68407106846469,7167.690434398253,7210.08193359375,7148.97958984375,7079.148274739583,6911.844124348959,157.0815218915559,148.73859071325268,1
2022-09-09,7310.46533203125,7419.576754897388,7223.17619373834,7419.576754897388,91234600,71.42847096850083,7191.880667831103,7244.9974609375,7172.984033203125,7099.515690104166,6941.667903645834,157.89380830835398,150.56963423227296,0
2022-09-12,7310.46533203125,7354.109901177705,7266.820762884795,7266.820762884795,52395300,80.64502624754324,7215.597600671133,7271.184375,7205.717529296875,7127.15732421875,6971.491731770833,156.7308554063211,151.8018784670826,1
2022-09-13,7441.3984375,7485.043003115836,7310.464740652493,7310.464740652493,124485200,82.85698577382212,7234.571146943156,7288.64248046875,7225.357666015625,7148.979654947917,7001.315559895834,164.47840949019792,154.33718467170564,0
2022-09-14,7419.576171875,7550.509869025735,7310.46475758272,7310.46475758272,116642400,77.41921281075398,7275.936605054526,7332.28720703125,7255.908935546875,7185.350162760416,7031.13935546875,166.93322515289037,156.8563927679426,1
2022-09-15,7637.79931640625,7746.910735212054,7419.576478794644,7419.576478794644,190404800,89.47351066297828,7304.664518418621,7354.109375,7282.095654296875,7217.356184895833,7057.326090494792,184.36225493495294,162.35756520134467,0
2022-09-16,7375.93115234375,7615.976249017659,7375.93115234375,7594.153967501848,363127600,63.636280422688486,7371.291478016147,7423.94091796875,7334.469189453125,7256.636328125,7090.059554036458,175.02671526708127,164.891395214492,1
2022-09-19,7550.509765625,7637.79889586344,7375.931505148122,7397.753787707731,102530600,68.62738043948465,7372.219412881668,7437.03408203125,7354.109228515625,7282.823046875,7108.972184244792,179.64443863500856,167.84200389859532,0
2022-09-20,7463.220703125,7550.509834155701,7463.220703125,7463.220703125,89238400,62.962898507487424,7407.877483430335,7485.04296875,7386.842724609375,7311.91943359375,7131.521858723959,174.25185294167568,169.1239737072114,0
2022-09-21,7397.75341796875,7506.864825313421,7354.108855030881,7441.397980906619,90933700,61.818124123296634,7418.946127369269,7489.407421875,7410.847314453125,7333.741764322916,7151.161897786458,162.81865504478537,167.86290997472622,0
2022-09-22,7397.75341796875,7441.397980906619,7310.464292093013,7310.464292093013,61908500,59.61533496615312,7414.7075854891655,7485.04287109375,7419.576123046875,7349.7447265625,7167.892317708333,152.00553811651116,164.69143560308322,0
2022-09-23,7310.46533203125,7397.754470324161,7310.46533203125,7310.46533203125,60567600,53.70374897602076,7411.316751985083,7437.03369140625,7430.4873046875,7368.657356770834,7184.622737630209,134.8383138601257,158.7208112544917,1
2022-09-26,7354.10888671875,7419.575731407641,7157.708352652077,7157.708352652077,106228200,55.35714357064058,7391.1464679943165,7423.94052734375,7430.4873046875,7377.386328125,7196.988720703125,123.33312755044881,151.64327451368314,0
2022-09-27,7244.998046875,7375.93174651732,7244.998046875,7310.46489669616,89567100,47.36840659027914,7383.738951739204,7384.6603515625,7434.85166015625,7386.115266927083,7211.5369140625,104.20958834535486,142.1565372800175,1
2022-09-28,7266.8193359375,7354.108457089903,7201.352495073198,7201.352495073198,89153400,49.12280701754386,7355.990770766364,7341.0158203125,7415.21162109375,7387.570149739583,7221.720654296875,89.77991443928022,131.68121271187005,1
2022-09-29,7310.46533203125,7375.932185750933,7266.820762884795,7266.820762884795,62643700,50.0,7338.1564838005925,7314.82900390625,7399.9359375,7384.660416666667,7231.904345703125,80.93321332445885,121.5316128343878,1
2022-09-30,7463.220703125,7485.042985882675,7223.17559279057,7310.464723821272,176524800,55.38460002636852,7332.618253446724,7297.37138671875,7367.2025390625,7386.11533203125,7242.815511067708,85.2653350644905,114.27835728040834,0
2022-10-03,7419.576171875,7441.398454733456,7375.931606158088,7375.931606158088,115079600,49.18032786885246,7358.738743382381,7327.9224609375,7375.931494140625,7396.2990234375,7261.728173828125,84.2061477803054,108.26391538038776,1
2022-10-04,7463.220703125,7528.687551398026,7441.398420367324,7441.398420367324,80524500,51.61290322580645,7370.906229080905,7341.01591796875,7362.838134765625,7403.573079427083,7276.2763671875,85.89830100175186,103.79079250466059,0
2022-10-05,7375.93115234375,7463.22027840699,7354.108870827939,7441.397996891179,63788000,39.28567432969787,7389.3691238897245,7384.66044921875,7362.838134765625,7405.027897135416,7295.189029947916,79.2818950473802,98.88901301320452,0
2022-10-06,7354.10888671875,7419.575731407641,7354.10888671875,7397.753449844678,43967400,48.888887783931295,7386.68152958053,7406.4828125,7360.655908203125,7402.118229166666,7309.73720703125,71.45379631478227,93.40196967352007,0
2022-10-07,7157.708984375,7310.464968797637,7157.708984375,7266.820401819741,112043400,30.434744540885717,7380.167001008174,7415.2115234375,7356.291455078125,7383.205533854167,7319.920930989583,48.83915357304977,84.48940645342601,1
2022-10-10,7244.998046875,7310.46489669616,7092.242063958961,7114.064347232681,80238200,39.1304136338254,7335.67539768154,7354.1091796875,7341.0158203125,7368.657389322917,7325.740218098958,37.52778713923544,75.0970825905879,0
2022-10-11,7201.35205078125,7244.996608664773,7114.062935014204,7157.707492897727,64060000,39.999940332289476,7317.539927520233,7319.1935546875,7330.104736328125,7348.28994140625,7330.1046875,24.756206488293174,65.02890737012896,1
2022-10-12,7266.8193359375,7266.8193359375,7135.885654208897,7157.707934496997,47569700,43.749973778852,7294.302352172437,7266.81982421875,7325.74013671875,7330.83203125,7332.286897786458,19.690321814255185,55.96119025895421,0
2022-10-13,7223.1748046875,7310.4639261942975,7223.1748046875,7223.1748046875,62282800,45.652103064791746,7288.80574892545,7244.9974609375,7325.74013671875,7322.103092447916,7335.923909505208,12.015317689988478,47.17201574516107,0
2022-10-14,7201.35205078125,7288.641166548296,7201.35205078125,7244.996608664773,70642900,42.22218796863874,7275.6795600778605,7218.81064453125,7317.011083984375,7310.464518229167,7339.5609375,4.124364657770457,38.562485527682945,0
2022-10-17,7201.35205078125,7244.996608664773,7135.885213955966,7201.35205078125,56387500,47.49992308488353,7260.814058218539,7227.5392578125,7290.82421875,7303.190299479166,7340.288313802083,-2.1050072581583663,30.428986970514682,1
2022-10-18,7244.998046875,7397.75402979104,7201.353480327561,7223.175763601281,85665300,48.78054903398964,7248.921656731081,7218.81005859375,7269.001806640625,7293.006510416667,7339.560888671875,-3.479848731727543,23.647219830066238,0
2022-10-19,7223.1748046875,7288.641645817598,7179.530243934101,7201.352524310801,66753500,44.999941264951566,7248.136934759865,7227.5392578125,7247.179541015625,7293.006510416667,7340.288330078125,-6.258232753250013,17.66612931340299,1
2022-10-20,7419.576171875,7419.576171875,7201.353343290441,7201.353343290441,91812300,47.6190628402899,7243.144508745392,7218.8103515625,7231.90390625,7290.096875,7337.378645833333,7.303635071091776,15.593630464940748,1
2022-10-21,7550.509765625,7615.976613303829,7375.931505148122,7375.931505148122,122777800,56.521701062921125,7278.430841371314,7258.090625,7238.450634765625,7297.370930989583,7341.743131510417,28.290642867131282,18.133032945378858,1
2022-10-24,7768.732421875,7768.732421875,7615.97644728757,7637.798729371489,89416500,62.962898507487424,7332.846626222052,7327.92216796875,7277.730712890625,7303.190201822917,7349.744612630208,61.81912989688135,26.87025233567936,0
2022-10-25,7594.154296875,7746.910274110992,7594.154296875001,7703.265709186423,84696300,58.620672361559734,7420.023785352642,7441.3982421875,7330.104150390625,7326.46728515625,7365.020182291667,73.45693591851614,36.18758905224672,0
2022-10-26,7463.220703125,7550.509834155701,7463.220703125,7528.687551398026,98962100,53.96825622325843,7454.849887657114,7511.2294921875,7369.384375,7335.19619140625,7370.112044270833,71.29291394494248,43.20865403078588,1
2022-10-27,7594.154296875,7594.154296875001,7463.220602101293,7463.220602101293,77003400,66.66659208243647,7456.5240507506915,7559.238671875,7389.02451171875,7341.015494791666,7371.566861979167,79.2298453594367,50.41289229651604,1
2022-10-28,7637.79931640625,7637.799316406251,7550.510181361607,7550.510181361607,84980600,65.517182847128,7484.050099975553,7594.154296875,7426.1224609375,7357.018522135417,7370.112027994792,88.02698867688196,57.93571157258923,1
2022-10-31,7681.44384765625,7725.088414972479,7659.621563998136,7725.088414972479,138922800,68.96552123221454,7514.7999432616925,7611.61220703125,7469.7671875,7389.024544270834,7378.840966796875,97.3977958922369,65.82812843651877,0
2022-11-01,7681.44384765625,7856.0221169211645,7615.976996681907,7856.0221169211645,118118400,67.27272505369052,7548.128724140604,7594.1544921875,7517.7763671875,7418.120930989583,7383.205436197916,103.62965002515375,73.38843275424577,0
2022-11-02,7637.79931640625,7703.266167689732,7615.97703264509,7681.443883928572,68323600,67.27272505369052,7574.791748843734,7611.61240234375,7561.420947265625,7450.12705078125,7390.479541015625,103.84957712330652,79.48066162805793,1
2022-11-03,7681.44384765625,7703.266131314364,7594.154713023793,7594.154713023793,81856300,69.64287426680944,7587.393262356238,7646.528125,7602.8833984375,7474.859049479167,7398.481070963541,106.32002874295995,84.84853505103834,0
2022-11-04,7659.6201171875,7681.442396723647,7572.330999042913,7659.6201171875,84458300,68.42099271625995,7606.203379416241,7663.98603515625,7629.070166015625,7505.410319010417,7407.937418619792,105.30301913415133,88.93943186766094,1
2022-11-07,7725.08837890625,7725.08837890625,7572.332394012624,7615.976961125089,94794000,68.96545604859601,7616.886726970493,7668.3501953125,7639.981201171875,7535.9615234375,7419.575911458333,108.52872172436673,92.8572898390021,0
2022-11-08,7637.79931640625,7746.910735212054,7615.97703264509,7725.088451450893,42525500,65.573774099752,7638.527057357645,7677.0791015625,7635.616796875,7570.877278645833,7431.94189453125,102.85595698195175,94.85702326759204,1
2022-11-09,7746.91015625,7746.91015625,7572.331899207747,7572.331899207747,96599500,63.15786374609904,7638.381509167367,7668.3501953125,7639.981298828125,7597.064029947916,7445.035270182291,105.94333414301491,97.07428544267663,0
2022-11-10,7681.44384765625,7681.44384765625,7615.976996681907,7615.976996681907,89463000,55.55556476350734,7660.087238583894,7690.17236328125,7668.350244140625,7631.979720052083,7461.038297526042,101.9325043484132,98.04592922382395,1
2022-11-11,7725.08837890625,7790.555229574947,7703.266095350017,7768.732946018715,59597900,47.82611656468874,7664.358560398366,7690.17236328125,7677.07919921875,7649.437565104166,7473.404248046875,101.11010738001187,98.65876485506155,0
2022-11-14,7637.79931640625,7768.733018973215,7637.799316406251,7746.910735212054,49208200,52.38097267601776,7676.5045240999425,7703.266015625,7685.80810546875,7661.076139322917,7482.133170572916,92.35029727793153,97.39707133963556,1
2022-11-15,7681.44384765625,7725.088414972479,7637.799280340021,7659.621563998136,59092900,63.157885439624664,7668.763482561204,7685.808203125,7681.44365234375,7652.347265625,7489.407275390625,87.91638818339015,95.50093470838648,0
2022-11-16,7506.865234375,7572.3320823492,7463.220669058866,7528.687517033067,143424800,45.00001678147057,7671.299555580214,7694.537109375,7681.44365234375,7658.166569010416,7496.681380208333,69.51413255487842,90.30357427768487,1
2022-11-17,7615.97705078125,7703.266186033758,7506.865631715616,7528.687915528743,72679800,48.83721293271488,7638.412691339171,7646.528125,7668.350244140625,7661.076204427083,7501.045849609375,63.00830358426629,84.84452013900116,1
2022-11-18,7703.26513671875,7768.73197924044,7615.976013356499,7615.976013356499,83556900,51.11105917825875,7633.925563227587,7633.434765625,7661.803564453125,7662.5310546875,7509.774788411459,64.1562529432249,80.7068666998459,0
2022-11-21,7615.97705078125,7768.733037473138,7615.97705078125,7746.910753660011,35901000,46.938778305957776,7647.79347792582,7629.0701171875,7666.16806640625,7666.895442708334,7527.959993489583,57.36136592240109,76.03776654435694,1
2022-11-22,7768.732421875,7812.376986042837,7725.0878577071635,7768.732421875,84684200,55.555532535637944,7641.430192496906,7624.7056640625,7655.25693359375,7662.530989583333,7540.325960286458,63.56965935889275,73.54414510726411,0
2022-11-23,7746.91015625,7834.199284771126,7746.91015625,7768.732438380282,84642100,52.8301663755759,7666.890638372525,7642.16337890625,7668.350244140625,7668.350227864584,7559.238639322916,65.96845884635695,72.02900785508268,1
2022-11-24,7856.02197265625,7856.02197265625,7812.377406141493,7834.199689398872,53520800,57.894798823761704,7682.894541948021,7690.17236328125,7668.350244140625,7675.624283854167,7575.241666666667,75.80015936784366,72.78323815763488,0
2022-11-25,7834.1982421875,7856.020521413649,7768.7314045090525,7856.020521413649,75048300,54.545395370900366,7717.520028089667,7738.18134765625,7685.808056640625,7687.262825520834,7596.336572265625,80.89831478896303,74.40625348390051,1
2022-11-28,7877.84423828125,7943.311087906855,7834.199671864178,7899.666521489785,96209700,60.377349728413904,7740.855670909234,7764.36796875,7696.71904296875,7698.9013671875,7617.4314453125,87.45240986667523,77.01548476045546,0
2022-11-29,7834.1982421875,7921.487359092096,7790.553683735202,7834.1982421875,91562100,53.9999445092334,7768.253384383637,7816.74140625,7720.72353515625,7709.085091145834,7639.981184895833,88.10904410108742,79.23419662858186,1
2022-11-30,8117.88818359375,8205.177303847446,7725.087142452117,7746.909422515541,644359600,66.66657965160162,7781.44235594441,7829.8345703125,7735.998974609375,7722.178352864584,7659.62119140625,110.24994608808083,85.43734652048165,0
2022-12-01,7856.02197265625,8161.533938259548,7856.02197265625,8096.067088487413,155775400,54.28570606620667,7848.731521474278,7904.03017578125,7797.10126953125,7746.910221354166,7689.444970703125,105.45078470865155,89.44003415811564,0
2022-12-02,7799.0625,7864.784936797753,7799.0625,7799.0625,130982100,55.38537750816855,7850.189611710673,7904.03017578125,7821.10576171875,7758.548763020834,7703.9931640625,95.9452640461086,90.74108013571423,0
2022-12-05,7689.52392578125,7799.061303641381,7689.52392578125,7711.431401353276,114656300,50.2584589548812,7839.964189368538,7897.00302734375,7830.685498046875,7763.48037109375,7712.278255208334,78.66640559451571,88.32614522747454,0
2022-12-06,7601.89453125,7667.616962355908,7514.26462310879,7645.709485320605,180553800,53.21876416127229,7809.876136651081,7859.33896484375,7838.040185546875,7766.928678385417,7709.637972005208,57.241976126022564,82.10931140718415,0
2022-12-07,7404.72802734375,7514.265424197947,7404.72802734375,7448.542986085429,229308700,43.24751384871639,7768.279815570865,7812.87822265625,7821.356396484375,7761.625390625,7709.895979817708,24.075742172421087,70.50259756023154,1
2022-12-08,7448.54345703125,7514.265899299173,7317.098572495404,7339.006053251379,172590100,41.62517811767743,7695.569457925442,7670.24619140625,7787.13818359375,7754.816243489583,7707.946223958334,1.3116815607963872,56.66441436034451,1
2022-12-09,7514.26416015625,7536.171635841837,7404.726781728316,7448.541733099491,90851300,46.607741673245734,7646.164257746605,7588.75048828125,7746.39033203125,7743.65400390625,7703.092529296875,-11.29567942763606,43.072395602748394,1
2022-12-12,7623.802734375,7623.802734375,7426.635422279095,7470.450380522629,102851800,45.02293218003941,7619.7842382285335,7531.7908203125,7714.396923828125,7731.053938802083,7698.974690755208,-12.306395883429104,31.9966373055129,0
2022-12-13,7623.802734375,7623.802734375,7492.357859644397,7558.080297009698,104580200,45.708007506611864,7620.587937457827,7518.64658203125,7688.9927734375,7731.575651041667,7697.0533203125,-12.958023922773464,23.005705059855625,0
2022-12-14,7558.080078125,7623.802513586957,7470.450164175724,7536.172599637681,118164300,39.28854681925918,7621.230896841262,7523.02822265625,7667.95322265625,7721.913671875,7695.131949869791,-18.563721900346536,14.691819667815196,0
2022-12-15,7448.54345703125,7536.173380055147,7448.54345703125,7514.265899299173,113255700,36.957692725598015,7608.600733098009,7553.6986328125,7611.972412109375,7709.325,7692.474641927083,-31.48206220478096,5.457043293295964,1
2022-12-16,7536.17333984375,7579.988301121911,7360.913494731104,7382.820975370185,181516700,38.77898574662332,7576.589277884658,7553.6986328125,7571.224560546875,7682.159765625,7684.711295572916,-34.25408105421138,-2.4851815762055054,1
2022-12-19,7579.98779296875,7623.80275130961,7536.172834627891,7579.98779296875,67482900,41.652249287522245,7568.506090276477,7558.08046875,7544.93564453125,7662.291438802084,7680.596402994792,-32.54036074616761,-8.496217410197927,0
2022-12-20,7514.26416015625,7579.98658721301,7492.356684470664,7492.356684470664,41243700,26.866653093548223,7570.802430814932,7549.31748046875,7533.98203125,7642.434342447917,7675.759716796875,-36.06978294290093,-14.010930516738528,1
2022-12-21,7601.89453125,7623.802008285303,7514.26462310879,7536.172100144093,33617700,38.759663135233566,7559.4947766831965,7527.409765625,7525.218994140625,7621.105403645834,7671.641878255208,-31.433491152886745,-17.495442643968172,0
2022-12-22,7514.26416015625,7601.894062898597,7514.26416015625,7579.98658721301,59591500,37.735809383551306,7567.974727596557,7536.17265625,7544.93564453125,7586.705826822917,7666.808024088542,-34.43330934023652,-20.883015983221842,0
2022-12-23,7448.54345703125,7514.265899299173,7448.54345703125,7470.450937787225,47393000,39.21574625861161,7557.232614108496,7549.316796875,7551.50771484375,7563.92197265625,7661.235367838542,-41.63386903157516,-25.033186592892505,1
2022-12-26,7514.26416015625,7558.079111527424,7448.541733099491,7448.541733099491,20495900,45.9999670131622,7535.4947826930475,7531.7908203125,7544.93564453125,7540.554036458333,7652.017203776041,-41.558195958902616,-28.33818846609453,1
2022-12-27,7536.17333984375,7579.988301121911,7514.265859204669,7536.17333984375,27193800,57.14288746715121,7531.248658185688,7518.64609375,7533.981787109375,7528.870052083334,7647.899365234375,-39.277569434485486,-30.52606465977272,1
2022-12-28,7579.98779296875,7579.98779296875,7492.35787628703,7579.98779296875,40420200,57.14284198069402,7532.233594517301,7523.0279296875,7525.21884765625,7524.488639322916,7643.057014973959,-33.5479761027118,-31.13044694836054,0
2022-12-29,7514.26416015625,7536.171635841837,7448.541733099491,7470.449208785077,47020900,50.0,7541.784434207591,7518.64658203125,7527.409619140625,7536.172623697917,7645.49443359375,-33.91957623975122,-31.688272806638675,0
2022-12-30,7492.35791015625,7579.9878272341,7492.357910156249,7514.265389425712,44681400,42.10525389679898,7536.2803793973235,7518.64658203125,7533.981689453125,7540.55400390625,7642.10400390625,-35.57167519338964,-32.46495328398887,0
2023-01-02,7492.35791015625,7536.172868695175,7448.542951617324,7514.265389425712,10653900,42.10525389679898,7527.4958855491095,7527.40947265625,7529.600146484375,7539.093587239583,7635.073763020833,-36.460679499592516,-33.2640985271096,0
2023-01-03,7492.35791015625,7536.172868695175,7470.450430886787,7492.357910156249,27399100,45.71429481158359,7520.468290470539,7523.02822265625,7520.837158203125,7530.330598958333,7630.953125,-36.74168652582284,-33.959616126852254,0
2023-01-04,7317.09765625,7514.264958364522,7317.09765625,7470.450002339072,90918800,42.105204504357076,7514.846214407682,7514.26513671875,7518.646533203125,7521.567610677083,7621.740641276042,-50.52401500298947,-37.2724959020797,0
2023-01-05,7229.46728515625,7339.004668264678,7141.837378669507,7317.097191642993,128838500,31.57887019275887,7475.296502776146,7461.687109375,7490.166845703125,7505.502115885417,7607.413557942708,-67.73682030735927,-43.365360783135614,1
2023-01-06,7273.283203125,7295.190682652485,7098.023366905121,7098.023366905121,69286600,31.578990586715832,7426.130659252167,7404.727734375,7461.687158203125,7490.897037760416,7586.528401692708,-76.95541994937503,-50.0833726163835,1
2023-01-09,7404.72802734375,7404.72802734375,7295.190630489553,7295.190630489553,86916900,43.90251194871728,7395.561168026734,7360.91279296875,7444.1611328125,7473.371028645834,7567.831233723959,-72.81535768051981,-54.62976962921076,0
2023-01-10,7163.74462890625,7382.819388200019,7141.837152976873,7360.911912270642,101759100,29.166672470914918,7397.394539890137,7343.38681640625,7433.20751953125,7461.687044270833,7552.060693359375,-87.96566138876096,-61.29694798112081,0
2023-01-11,7119.9296875,7141.837163461539,7010.392307692307,7054.207259615385,96069100,30.43480156851649,7350.664557693361,7277.66416015625,7395.9646484375,7438.319075520833,7529.712239583333,-102.32830877789547,-69.50322014047575,1
2023-01-12,7163.74462890625,7251.374532623758,7119.929677047496,7141.837152976873,103804600,35.55550822734841,7304.51758365469,7238.23056640625,7349.958837890625,7406.1880859375,7496.446956380209,-108.91975161984828,-77.38652643635027,0
2023-01-13,7054.2080078125,7163.74539923816,7032.300529527368,7141.837920953028,119748200,27.65968949127273,7276.362992705002,7225.08603515625,7314.906884765625,7382.8201171875,7473.371044921875,-121.58070080982725,-86.22536131104567,1
2023-01-16,7141.837890625,7185.652847009203,7054.207977856595,7054.207977856595,105710700,31.999987518549446,7231.9319957265025,7181.27099609375,7271.09189453125,7356.531087239583,7448.542561848958,-123.12429484189215,-93.60514801721497,1
2023-01-17,7295.189453125,7339.004404795421,7141.837122278529,7163.744598113739,88695900,38.181784288846806,7213.913174706203,7128.69296875,7236.039892578125,7331.702669270833,7430.286360677083,-110.69736444146565,-97.02359130206511,0
2023-01-18,7273.283203125,7295.190682652485,7163.745805487576,7185.653285015061,96814600,39.62268753025224,7230.168430389963,7154.98193359375,7216.323046875,7315.637076822916,7420.062858072916,-101.44716410561705,-97.9083058627755,1
2023-01-19,7295.189453125,7317.09692896021,7229.467025619369,7317.09692896021,66391800,41.50937603951011,7238.791384936971,7185.65263671875,7211.9416015625,7295.190104166667,7415.681363932292,-91.2962559894313,-96.58589588810666,0
2023-01-20,7273.283203125,7295.190682652485,7229.468244070031,7251.375723597515,96859500,40.740725453785245,7250.070998574577,7211.9416015625,7218.513818359375,7280.585123697917,7410.569563802083,-84.05035924895128,-94.0787885602756,0
2023-01-24,7207.5595703125,7317.096949800532,7207.5595703125,7273.281998005319,42474500,38.59643566152822,7254.713439484663,7255.756640625,7218.513818359375,7265.980143229167,7402.536865234375,-82.65844665100849,-91.79472017842218,0
2023-01-25,7185.6533203125,7273.283238852897,7185.6533203125,7273.283238852897,66124500,44.0000089153576,7245.28266565023,7268.9009765625,7198.79697265625,7246.993587239584,7388.662093098958,-82.37344736030082,-89.91046561479791,1
2023-01-26,7426.634765625,7426.634765625,7207.559993777655,7207.559993777655,77582300,57.89476977050367,7233.356796582684,7246.99375,7200.987841796875,7226.546614583333,7374.057112630208,-61.987837493817096,-84.32593999060175,1
2023-01-27,7623.802734375,7755.247609105604,7492.357859644397,7623.802734375,196804700,62.50003482563501,7272.012390391147,7277.6640625,7231.658349609375,7233.849088541667,7369.675602213541,-29.581292797924107,-73.37701055206622,0
2023-01-30,7623.802734375,7689.5251717403025,7514.265338766164,7645.710213496768,68544300,58.620716157446886,7342.370459187918,7343.38671875,7277.66416015625,7260.138118489584,7375.517578125,-3.8544410527338187,-59.472496652199744,0
2023-01-31,7426.634765625,7601.894583102876,7426.634765625,7558.079628733407,200589000,60.71434399396621,7398.656914225335,7413.490625,7334.6236328125,7283.506087239583,7378.438557942708,0.6173505972328712,-47.45452720231322,1
2023-02-01,7448.54345703125,7514.265899299173,7404.728495519302,7514.265899299173,77396200,63.63647047333679,7404.252484505268,7457.3056640625,7363.1033203125,7284.966536458333,7373.326790364584,5.861557607851864,-36.79131024028021,0
2023-02-02,7404.72802734375,7470.450465456269,7360.913068602071,7382.82054797291,99109500,60.000072943834866,7413.110679010465,7509.88369140625,7378.438720703125,7303.953125,7371.136100260416,6.408220474629161,-28.15140409729834,1
2023-02-03,7623.802734375,7623.802734375,7448.542901400862,7492.357859644397,71716700,71.66671743463748,7411.434148677122,7505.50234375,7391.583203125,7322.939680989583,7364.563883463542,24.239534444260244,-17.673216388986624,1
2023-02-06,7645.71044921875,7667.617929015938,7579.988009827185,7667.617929015938,117757700,70.17549553509109,7453.907865816697,7505.50234375,7424.44453125,7353.610221354166,7368.215169270833,39.681327092396714,-6.202307692709957,1
2023-02-07,7755.24755859375,7755.24755859375,7667.617642677436,7689.525121656515,116014700,69.09097908743321,7492.268382497108,7509.88388671875,7461.687255859375,7393.043717447917,7374.78740234375,60.06539185697784,7.051232217227603,0
2023-02-08,7733.33935546875,7755.246832396424,7711.431878541077,7733.33935546875,54495500,69.0908670930627,7544.864217716437,7575.6064453125,7516.4560546875,7433.9376953125,7382.820182291666,73.60364415137155,20.361714604056395,1
2023-02-09,7799.0625,7799.0625,7711.432584269663,7733.340063202248,72381700,70.17544408452973,7582.559245266901,7632.565625,7571.224658203125,7463.147688802083,7389.3923828125,88.61462093549653,34.012295870344424,0
2023-02-10,7733.33935546875,7799.061786251771,7623.801970830383,7777.154309324097,62060900,67.79651796868536,7625.859896213521,7711.43251953125,7608.467431640625,7498.199641927084,7396.694873046875,94.12263257372251,46.03436321102004,1
2023-02-13,7777.15478515625,7799.062263424295,7689.524872084066,7777.15478515625,63775000,72.41376262602003,7647.355788064568,7733.33984375,7619.42109375,7527.409635416667,7403.997379557291,100.8606516662212,56.99962090206028,1
2023-02-14,7842.876953125,7842.876953125,7733.339565511523,7755.247043034218,81678200,74.99988855869242,7673.315587482904,7759.6287109375,7634.756298828125,7561.00107421875,7413.490608723959,110.23311134399137,67.6463189904465,0
2023-02-15,7777.15478515625,7799.062263424295,7667.617393816021,7777.15478515625,38037000,65.38456427992486,7707.227860611324,7777.15458984375,7676.380517578125,7603.35556640625,7425.174576822917,111.07719471403652,76.33249413516451,0
2023-02-16,7623.802734375,7755.247609105604,7623.802734375,7733.340129983837,66040400,50.0,7721.213245520309,7785.91767578125,7709.241650390625,7642.788997395834,7434.667805989583,98.23946458877072,80.71388822588575,1
2023-02-17,7645.71044921875,7755.247848204692,7645.71044921875,7689.525408813127,43588900,50.98039901214972,7701.7311432912475,7750.86572265625,7731.14912109375,7655.933528645834,7444.89130859375,88.80949983897335,82.33301054850328,1
2023-02-20,7667.6181640625,7733.34060546875,7623.803203125,7645.71068359375,40077000,62.79070611237008,7690.5270044767485,7733.33994140625,7733.339892578125,7657.39404296875,7458.766080729167,82.15690072237794,82.29778858327822,0
2023-02-21,7623.802734375,7711.43265086207,7623.802734375,7689.5251717403025,25390500,59.0908515282405,7685.945236393899,7711.4326171875,7735.5306640625,7660.315071614584,7471.910579427084,72.51324148818185,80.34087916425895,0
2023-02-22,7601.89453125,7667.616962355908,7558.079577179395,7623.802008285303,38671900,60.46503672120033,7673.51673599012,7667.6177734375,7722.386181640625,7673.459602864584,7479.213069661459,62.38364336038376,76.74943200348392,1
2023-02-23,7645.71044921875,7667.617929015938,7558.080530029996,7558.080530029996,53412300,51.428578706354116,7659.192295042096,7632.56572265625,7709.24169921875,7683.6830078125,7493.81806640625,57.23171072374225,72.84588774753558,0
2023-02-24,7601.89453125,7755.246870497119,7601.89453125,7689.524439391211,44123400,47.222179228023684,7656.495925877427,7636.947265625,7693.906494140625,7699.748502604167,7511.344091796875,49.04779613372375,68.08626942477322,1
2023-02-27,7689.52392578125,7689.52392578125,7579.986547921118,7601.894023493144,59983900,45.71423476983936,7645.575646951942,7628.18408203125,7680.76201171875,7698.287955729166,7525.949088541666,49.06732704564729,64.28248094894803,0
2023-02-28,7667.6181640625,7689.525644531251,7601.895722656251,7689.525644531251,106349400,45.71438032570162,7654.365302717804,7632.565234375,7671.99892578125,7701.208854166666,7547.126285807291,46.77598905268769,60.78118256969597,0
2023-03-01,7536.17333984375,7667.618223678233,7536.17333984375,7645.710743039153,67034700,34.21059268674216,7657.015874986744,7641.3283203125,7654.473046875,7695.36689453125,7564.652294921875,33.96209451593768,55.41736495894432,1
2023-03-02,7558.080078125,7623.802513586957,7536.172599637681,7536.172599637681,56672000,38.888926724017836,7632.847367958146,7628.18408203125,7630.37490234375,7682.222493489583,7572.685091145833,25.283232111964026,49.39053838954827,0
2023-03-03,7426.634765625,7601.894583102876,7426.634765625,7579.987105918141,95376900,29.999983283751078,7617.893909991517,7610.6580078125,7623.80263671875,7666.156998697917,7582.1783203125,7.70975963463934,41.05438263856648,0
2023-03-06,7360.91357421875,7492.358459472656,7360.91357421875,7492.358459472656,92652000,22.500040397646572,7579.642081118213,7575.6060546875,7601.895068359375,7645.710026041666,7586.559830729167,-11.389207115155841,30.565664687822014,1
2023-03-07,7382.8203125,7426.635269844214,7317.09787648368,7317.09787648368,106115600,26.31576169039694,7535.89637973832,7509.883984375,7571.224609375,7617.960611979167,7589.480843098959,-24.47544744523475,19.557442261210664,1
2023-03-08,7514.26416015625,7514.26416015625,7360.911830357143,7360.911830357143,79350900,43.24315369893925,7505.281166290657,7452.9244140625,7547.1263671875,7587.290169270834,7595.322867838541,-23.963728261804135,10.853208156607703,0
2023-03-09,7514.26416015625,7579.98658721301,7492.356684470664,7579.98658721301,54201400,41.66655316092844,7507.077765063776,7448.542578125,7538.363330078125,7569.764127604167,7606.2765625,-23.289717753284094,4.024622974629343,0
2023-03-10,7404.72802734375,7492.357944827108,7404.72802734375,7448.542986085429,59580100,34.999913632328926,7508.515044082271,7439.77939453125,7525.218701171875,7562.461555989584,7609.197542317708,-31.234162077766996,-3.027134035849924,1
2023-03-13,7492.35791015625,7558.080347964637,7404.727993078399,7404.727993078399,82077700,42.857112532736146,7487.757640734567,7435.398046875,7505.50205078125,7546.396061197916,7601.895052083333,-30.112078950051,-8.444123018690139,0
2023-03-14,7295.189453125,7426.634308136261,7295.189453125,7382.819356465841,90495300,35.99993402629498,7488.677694618904,7461.6869140625,7485.78544921875,7534.712044270834,7597.513557942709,-44.61833428040245,-15.678965271032602,0
2023-03-15,7295.189453125,7426.634308136261,7295.189453125,7404.726832301051,86747400,33.333194030599245,7449.980046320124,7444.1607421875,7448.542578125,7512.8044921875,7593.132047526042,-55.47516299471772,-23.638204815769626,0
2023-03-16,7273.283203125,7317.09816217997,7229.468244070031,7273.283203125,105894000,34.04248659845442,7419.021927681099,7400.34580078125,7424.444189453125,7492.357486979166,7588.020247395833,-65.09653691055246,-31.929871234726193,1
2023-03-17,7339.00537109375,7404.727807252798,7295.190413654384,7339.00537109375,198558600,32.608634558973876,7389.8741827698805,7352.149609375,7395.964501953125,7467.52900390625,7583.638753255208,-66.65001547490465,-38.873900082761885,1
2023-03-20,7360.91357421875,7426.636016845703,7339.006093343099,7360.91357421875,37277900,34.78254970925711,7379.700420434655,7339.005078125,7387.2015625,7450.003059895834,7574.1455078125,-65.3599210469747,-44.17110427560445,1
2023-03-21,7448.54345703125,7448.54345703125,7339.006053251379,7360.9135340073535,91617400,45.454527034351536,7375.943051191474,7312.7162109375,7387.2015625,7428.095703125,7564.652278645834,-56.6139028970656,-46.65966399989668,1
2023-03-24,7733.33935546875,7733.33935546875,7558.079540047363,7623.801970830383,145603600,57.142862828679625,7390.46313235943,7343.38701171875,7393.773876953125,7413.49072265625,7554.42880859375,-26.397675663265545,-42.607266332570454,0
2023-03-27,7623.802734375,7733.340129983837,7623.802734375,7733.340129983837,110692800,58.18188670498118,7459.038376981295,7431.0169921875,7415.681396484375,7426.635123697916,7554.42880859375,-11.161129220749899,-36.31803891020635,0
2023-03-28,7601.89453125,7711.431916426513,7601.89453125,7711.431916426513,98296600,60.37733865395638,7491.991248460036,7501.1208984375,7426.63525390625,7431.016634114583,7548.58681640625,-0.8441346307945423,-29.223258054323985,1
2023-03-29,7865.5703125,7865.5703125,7709.152721058238,7753.84346147017,101068200,67.2059058982409,7513.971905018029,7553.69873046875,7446.351904296875,7442.700618489584,7544.205322265625,28.282566012399002,-17.72209324097939,1
2023-03-30,7887.91552734375,7954.951636641289,7865.570157577904,7954.951636641289,118912100,64.44049084663268,7584.291586514423,7654.630078125,7483.67314453125,7476.344401041667,7547.152506510417,52.562846435344,-3.6651053057147127,0
2023-03-31,7820.87939453125,7910.260873325893,7798.534024832589,7887.915503627232,97146900,61.266001558712205,7645.016374680288,7742.5044921875,7542.945751953125,7510.017415364583,7548.653792317708,65.63923963140951,10.195763681710131,1
2023-04-03,7865.5703125,7887.915682705966,7820.879572088068,7887.915682705966,60288900,67.78004553687052,7680.188978650482,7760.0125,7595.51474609375,7530.458430989584,7550.111279296875,78.70133898615859,23.896878742599824,0
2023-04-04,7843.224609375,7887.915347889957,7731.4977630876065,7887.915347889957,60975800,64.25511553472826,7717.265245420385,7808.366015625,7654.74345703125,7553.878841145834,7558.170198567708,86.25573294374044,36.36864958282795,0
2023-04-05,7798.5341796875,7865.570290114613,7798.5341796875,7843.224919972242,36922100,73.34208581355496,7742.457118211309,7856.63203125,7705.165380859375,7583.111946614584,7564.75400390625,87.62639783066425,46.62019923239521,1
2023-04-06,7820.87939453125,7843.224764229911,7776.188655133928,7776.188655133928,45489400,73.8833461481637,7753.672530506547,7843.2248046875,7748.92744140625,7603.523697916667,7569.11787109375,89.48421340959885,55.19300206783594,1
2023-04-10,7865.5703125,7865.5703125,7776.188831676136,7798.534201882102,32996000,76.36321038076782,7767.113903311489,7829.817578125,7786.16103515625,7638.569694010416,7575.687093098958,93.48509128337082,62.85141991094292,1
2023-04-11,7887.91552734375,7887.91552734375,7820.879418046211,7887.91552734375,44554300,75.41381708222447,7786.805185149191,7838.75576171875,7799.384130859375,7676.595084635416,7584.476285807292,97.33684930553318,69.74850578986097,1
2023-04-12,7954.9521484375,7954.9521484375,7887.916034827072,7954.9521484375,91903600,76.40000711759527,7807.027253588103,7843.2248046875,7825.79541015625,7717.570572916667,7592.549788411458,104.59300728130893,76.71740608815057,1
2023-04-13,7977.2978515625,7999.643223695728,7932.607107296044,7999.643223695728,51726500,74.94622075544807,7836.612232557983,7865.5703125,7861.101171875,7758.63369140625,7604.318375651042,110.86865144573312,83.54765515966707,1
2023-04-14,8044.3330078125,8044.3330078125,7999.642268880209,8044.3330078125,110354200,68.46694613368838,7864.749356358887,7901.323046875,7872.27392578125,7799.7259765625,7613.91083984375,119.86954009084275,90.81203214590221,1
2023-04-17,8066.6796875,8089.025060595568,7954.95282202216,8066.6796875,83946900,79.33589838463867,7900.66608664961,7946.01376953125,7887.915673828125,7839.445279947917,7626.468001302083,127.33812484381178,98.11725068548412,1
2023-04-18,8156.06103515625,8200.751780554367,8066.679544360017,8089.024917059075,91178700,83.69567476380462,7933.868806819689,7986.23564453125,7912.495703125,7861.66796875,7644.151546223959,138.86856940810412,106.26751443000812,1
2023-04-26,8223.0947265625,8223.0947265625,8044.331797724185,8156.058628248132,186928200,78.57137282752055,7978.307252487001,8039.86474609375,7941.544775390625,7897.15185546875,7664.084244791667,151.66726267568993,115.34746407914449,0
2023-04-27,8178.40478515625,8200.750153421704,8111.368680359888,8133.714048625342,54842400,72.41382168465533,8027.264747302102,8093.49326171875,7979.531787109375,7938.565201822917,7690.63291015625,156.4013174862548,123.55823476056656,0
2023-04-28,8089.02392578125,8156.060035663415,8089.023925781249,8133.714665702693,145775300,70.0000874066024,8057.492754872931,8133.7146484375,8017.51884765625,7959.420833333334,7717.8826171875,151.1978865473966,129.08616511793258,0
2023-05-02,8089.02392578125,8133.714665702693,7954.951706016919,8133.714665702693,83645900,67.85721811159488,8063.798989054596,8142.65283203125,8044.33330078125,7972.828059895834,7741.422737630209,145.39807157766518,132.3485464098791,0
2023-05-03,7977.2978515625,8089.024712228642,7932.607107296044,8089.024712228642,83728800,59.375123769306306,8068.843976399927,8147.1216796875,8066.678662109375,7990.704361979167,7760.581396484375,130.28447761438292,131.93573265077987,1
2023-05-04,8044.3330078125,8066.678377278646,7932.606160481771,7977.296899414063,67565000,66.66675495636281,8050.534751432442,8111.36904296875,8075.61689453125,7998.152864583333,7776.015852864583,122.30615318315813,130.00981675725552,0
2023-05-05,8044.3330078125,8089.023746744792,7999.642268880209,8044.3330078125,64815100,65.6250917600656,8049.294402708454,8075.61669921875,8084.55498046875,8011.560091145833,7797.336018880208,114.66152688310194,126.94015878242482,0
2023-05-08,8044.3330078125,8111.369116210938,7999.642268880209,8044.3330078125,84754500,63.33340617238088,8048.302123729264,8048.80234375,8091.25849609375,8027.9466796875,7815.735188802083,107.36546323624316,123.02521967318849,0
2023-05-09,7977.2978515625,8021.988595828957,7954.952479429272,7999.643223695728,40929600,56.25010669789642,8047.508300545912,8039.86416015625,8091.25849609375,8042.843587239583,7840.706640625,95.07810217974384,117.43579617449956,0
2023-05-10,7977.2978515625,7999.643223695728,7954.952479429272,7977.2978515625,45322600,51.724179503949884,8033.4662107492295,8017.5189453125,8082.3203125,8050.29208984375,7863.443587239583,84.36774121320195,110.82218518224005,0
2023-05-11,7887.91552734375,7954.951636641289,7865.570157577904,7954.951636641289,81993900,43.74989330210357,8022.232538911883,8017.5189453125,8064.443994140625,8056.250911458334,7886.9107421875,67.88476312551848,102.23470077089574,0
2023-05-12,7865.5703125,7932.606423117898,7798.534201882102,7820.879572088068,96525600,36.66659382761911,7995.369136598258,7986.23544921875,8030.92607421875,8051.781803385416,7905.207747395833,52.41460915902189,92.27068244852097,0
2023-05-15,7843.224609375,7932.606086404914,7798.533870860042,7932.606086404914,64830300,33.333090536154444,7969.409371778606,7950.48291015625,7999.642626953125,8044.33330078125,7922.029638671875,37.91423746408509,81.3993934516338,0
2023-05-16,7776.18896484375,7887.915817786908,7776.18896484375,7865.570447198276,49497000,20.689325187397714,7944.172419297885,7910.26123046875,7975.0626953125,8030.92607421875,7935.185677083334,20.773903524373054,69.27429546618166,1
2023-05-17,7843.224609375,7910.260717147436,7820.879240117521,7843.224609374999,69996100,20.689564231935435,7910.575728407059,7870.039453125,7943.77919921875,8011.560026041667,7936.613997395833,12.45570010373649,57.91057639369262,1
2023-05-19,8044.3330078125,8044.3330078125,7887.915421549479,7954.951529947917,123592500,41.66666160841483,7897.105504600648,7843.2248046875,7930.371875,7990.704264322917,7943.928059895833,21.839479064306943,50.69635692781549,0
2023-05-22,8044.3330078125,8111.369116210938,7977.296899414063,8044.3330078125,91000000,46.87497652655896,7926.551005243019,7874.50830078125,7930.371875,7978.78681640625,7958.676009114583,28.942559685103333,46.34559747927306,1
2023-05-23,8156.06103515625,8178.406407855308,8066.679544360017,8089.024917059075,102980500,54.05412109328861,7950.107405756916,7910.26083984375,7930.371875,7969.848697916666,7964.634765625,43.09059870961573,45.694597725341595,0
2023-05-24,8066.6796875,8223.097299168974,8066.6796875,8223.097299168974,77392900,55.55558253281683,7991.298131636783,7972.828125,7941.544677734375,7974.317838541667,7973.57294921875,46.554047719665505,45.86648772420638,1
2023-05-25,8089.02392578125,8178.405405624137,8089.023925781249,8133.714665702693,76325700,52.941191592794375,8006.374442809427,8030.92626953125,7950.482861328125,7972.82822265625,7981.766292317709,50.519492046617415,46.79708858868859,1
2023-05-26,8178.40478515625,8223.095521687159,8133.714048625342,8200.750153421704,55675900,57.89472473595502,8022.904339403793,8080.0861328125,7961.65546875,7980.276627604167,7989.21474609375,60.18069798458055,49.47381046786698,0
2023-05-29,8178.40478515625,8267.786258218068,8111.368680359888,8267.786258218068,79148200,57.89472473595502,8054.0044285542845,8106.90048828125,7990.70439453125,7989.21474609375,8000.387418619792,67.06419895609542,52.99188816551268,1
2023-05-30,8267.787109375,8334.823221072635,8178.405627111486,8223.096368243243,97189500,66.66662931358101,8078.884499874678,8133.71484375,8021.987841796875,7998.152864583333,8013.049772135417,78.82320479503323,58.158151491416795,0
2023-05-31,8089.02392578125,8334.822995349188,8089.023925781249,8312.477625388467,722827900,55.31910936794619,8116.665021774743,8156.06005859375,8064.444091796875,8013.0498046875,8027.946695963542,72.87752002552588,61.10202519823862,1
2023-06-05,8223.0947265625,8334.821557086447,8133.713262143342,8178.4039943529215,163535600,65.3060851347151,8111.136802576044,8160.52890625,8095.727587890625,8020.498209635417,8035.395149739584,78.08381355874008,64.49838287033892,0
2023-06-06,8178.40478515625,8223.095521687159,8089.023312094433,8089.023312094433,74872200,63.99999825187126,8133.528387373335,8187.34306640625,8133.714599609375,8036.88466796875,8046.567789713542,77.7079648636518,67.14029926900149,0
2023-06-07,8133.71337890625,8200.74947818295,8111.368012480683,8156.058745331817,87492200,62.7450753558919,8142.503666929918,8187.34306640625,8147.12177734375,8056.250618489584,8054.0162109375,72.96280923515042,68.30480126223128,1
2023-06-08,8156.06103515625,8156.06103515625,8111.370289758133,8111.370289758133,53188400,67.34696334826373,8140.745609325185,8178.40478515625,8156.059814453125,8074.126822916666,8059.230061848958,70.19632872296188,68.6831067543774,0
2023-06-09,8133.71337890625,8200.74947818295,8133.71337890625,8200.74947818295,44632400,63.82969227056981,8143.8086944913985,8156.0595703125,8156.059814453125,8094.982584635417,8062.954329427083,65.44618105702466,68.03572161490686,1
2023-06-12,8178.40478515625,8178.40478515625,8133.714048625342,8178.40478515625,38082300,57.49994127419162,8141.7896313743695,8164.9974609375,8162.76318359375,8118.817545572917,8065.188785807291,64.5438563921789,67.33734857036127,0
2023-06-13,8178.40478515625,8200.750153421704,8133.714048625342,8200.750153421704,45552600,57.49994127419162,8149.112662130746,8156.05947265625,8171.70126953125,8141.162890625,8065.933577473958,63.10136434545166,66.49015172537935,0
2023-06-14,8111.36962890625,8156.060370663309,8089.02425802772,8133.714999784779,72223700,47.368387760852436,8154.971086735847,8156.05947265625,8171.70126953125,8150.101009114584,8064.443912760416,55.90456905989049,64.37303519228158,0
2023-06-15,8089.02392578125,8133.714665702693,8089.023925781249,8133.714665702693,59073000,51.428494725361034,8146.250795169928,8151.59072265625,8164.99775390625,8154.5701171875,8062.209407552084,47.84640191667495,61.06770853716026,0
2023-06-16,8089.02392578125,8133.714665702693,8021.987815899084,8133.714665702693,112769400,50.0,8134.8054212921925,8138.18330078125,8147.121435546875,8150.1009765625,8062.209407552084,40.987764959265405,57.05171982158129,0
2023-06-19,8044.3330078125,8089.023746744792,8044.3330078125,8044.3330078125,32330600,40.62508749108018,8125.649122190005,8129.24541015625,8147.121435546875,8151.590592447917,8062.209407552084,31.58200448561911,51.95777675438885,1
2023-06-20,8089.02392578125,8089.023925781249,7999.642445938362,8066.678555820527,54990100,44.11772266931969,8109.385899314505,8102.4310546875,8129.245263671875,8148.611197916666,8064.443912760416,27.417997519607525,47.04982090743259,1
2023-06-21,8156.06103515625,8156.06103515625,8044.334171660959,8089.024917059075,42676300,42.424342752180344,8105.313504607855,8084.5548828125,8120.307177734375,8142.652473958334,8065.933610026042,29.190832724076245,43.47802327076133,0
2023-06-22,8089.02392578125,8178.405405624137,8089.023925781249,8156.060035663415,48291100,50.0,8115.463010717534,8093.4931640625,8122.541943359375,8141.162890625,8069.657877604167,24.8994574757362,39.76231011175631,0
2023-06-23,8089.02392578125,8178.405405624137,8066.678555820527,8066.678555820527,47813500,36.363970453125575,8110.175193730278,8093.4931640625,8115.838232421875,8129.245345052083,8071.147574869791,21.253514389706652,36.06055096734638,1
2023-06-26,8111.36962890625,8156.060370663309,8066.678887149191,8066.678887149191,36389900,42.85736582848271,8105.944940140473,8093.4931640625,8111.369287109375,8129.245345052083,8074.87177734375,19.93736419393099,32.835913612663305,1
2023-06-27,8178.40478515625,8178.40478515625,8089.023312094433,8089.023312094433,36225100,54.545463574909164,8107.0298778936285,8106.90048828125,8104.665771484375,8121.797005208334,8079.340836588542,24.026519790471866,31.07403484822502,0
2023-07-03,8111.36962890625,8111.36962890625,8066.678887149191,8066.678887149191,108855900,45.833295396812964,8121.304859346153,8124.77666015625,8104.665771484375,8121.797005208334,8089.023811848959,21.60893384997962,29.18101464857594,0
2023-07-04,8089.02392578125,8178.405405624137,8089.023925781249,8178.405405624137,35049300,45.83346231797233,8119.3178132581725,8115.83837890625,8104.665771484375,8120.307421875,8097.217122395833,17.685994942471552,26.882010707355064,0
2023-07-05,8089.02392578125,8111.369295741972,8066.678555820527,8089.023925781249,44609200,40.90916314558887,8113.259035762789,8115.83837890625,8104.665771484375,8115.83828125,8105.410432942708,14.410917508470448,24.387792067578143,1
2023-07-06,8111.36962890625,8133.714999784779,8066.678887149191,8089.02425802772,52532400,43.47836413765322,8108.412013766481,8115.83837890625,8104.665771484375,8112.858984375,8115.838264973959,13.46330988201862,22.20289563046624,0
2023-07-07,8066.6796875,8133.715806786703,8066.6796875,8066.6796875,37641300,45.454635750078225,8109.003536794436,8115.83837890625,8111.36943359375,8108.389973958333,8124.776432291666,9.00244465074411,19.562805434521817,1
2023-07-10,8089.02392578125,8133.714665702693,8089.023925781249,8133.714665702693,28981500,50.0,8100.538766935549,8093.493359375,8109.135009765625,8100.941634114583,8125.521321614583,7.187319165478584,17.08770818071317,0
2023-07-11,8066.6796875,8133.715806786703,8066.6796875,8133.715806786703,43703500,47.826190225100305,8098.235798704689,8089.02421875,8102.431298828125,8099.451920572917,8127.011018880208,3.900859174067591,14.450338379384057,1
2023-07-12,8200.75,8200.75,8089.023160762942,8111.368528610354,61566500,62.9629929378554,8091.924576463752,8084.55537109375,8100.196875,8097.9623046875,8124.031640625,11.976610785651246,13.955592860637495,0
2023-07-13,8156.06103515625,8245.442525952483,8156.06103515625,8223.097153253424,65230900,55.55569044300817,8113.689661171002,8106.9005859375,8111.369482421875,8105.410709635416,8128.500651041667,14.602349345246694,14.084944157559335,1
2023-07-14,8223.0947265625,8223.0947265625,8156.058628248132,8200.74936045771,55554500,55.55543865243434,8122.163935968051,8115.8388671875,8115.838623046875,8112.859244791666,8130.735221354166,21.84056035915819,15.636067397879106,0
2023-07-17,8200.75,8267.786103542234,8200.75,8223.09536784741,62550100,60.00012237109735,8142.350094086941,8147.121875,8120.3076171875,8121.797298177084,8132.224886067708,25.48014281966789,17.604882482236864,0
2023-07-18,8178.40478515625,8267.786258218068,8133.714048625342,8223.095521687159,52924600,57.69239820343177,8154.030075269553,8169.46708984375,8129.245654296875,8124.7765625,8132.9697265625,26.25877128045522,19.335660241880536,0
2023-07-20,8178.40478515625,8245.440889952613,8156.059416890796,8223.095521687159,83476600,56.00003496320124,8158.905017246892,8191.812109375,8138.183740234375,8130.735286458334,8129.990315755208,26.569562567049616,20.782440706914354,0
2023-07-21,8178.40478515625,8200.750153421704,8156.059416890796,8178.40478515625,42667800,50.0,8162.804970828764,8187.34306640625,8147.121826171875,8136.694010416667,8132.969677734375,26.510272976011038,21.928007160733692,0
2023-07-24,8133.71337890625,8223.094844608517,8133.71337890625,8223.094844608517,62061200,52.38082354850928,8165.924933694262,8191.81181640625,8153.825341796875,8141.163020833334,8131.480013020833,22.596583219772583,22.06172237254147,1
2023-07-25,8178.40478515625,8312.476994748975,8178.40478515625,8200.750153421704,122802700,59.090999388145924,8159.48262273666,8173.935546875,8160.5287109375,8138.18359375,8129.990299479166,22.83791757634026,22.216961413301227,1
2023-07-26,8357.16796875,8357.16796875,8156.05964864639,8200.750386447193,113868700,70.00021123431495,8163.267055220578,8169.46650390625,8169.466796875,8142.652604166667,8131.480013020833,37.02704697342142,25.178978525325267,0
2023-07-27,8245.44140625,8401.858993902439,8245.44140625,8401.858993902439,77848400,58.82360124298252,8202.047237926463,8205.219140625,8198.515625,8160.528873697916,8138.183577473958,38.80926533895945,27.905035888052105,0
2023-07-28,8156.06103515625,8245.442525952483,8156.06103515625,8223.097153253424,74510200,55.55560951063485,8210.72607159117,8218.62646484375,8202.984765625,8170.956705729167,8141.907845052084,32.633261346202744,28.850680979682235,0
2023-07-31,8156.06103515625,8223.097153253424,8133.715662457192,8200.751780554367,80868000,54.28582131485297,8199.793064304187,8214.15771484375,8202.984765625,8173.9361328125,8141.163053385417,27.42262276103793,28.565069335953375,0
2023-08-01,8156.06103515625,8200.751780554367,8133.715662457192,8200.751780554367,49756400,55.88239641785443,8191.0466584746,8218.62724609375,8196.281396484375,8179.894889322916,8140.41826171875,23.02770509162292,27.457596487087283,1
2023-08-02,8223.0947265625,8223.0947265625,8156.058628248132,8156.058628248132,60629900,51.61287366563094,8184.04953381093,8214.15849609375,8191.8125,8184.364029947917,8141.907975260417,24.669386515894985,26.899954492848828,1
2023-08-03,8267.787109375,8312.477850506757,8178.405627111486,8178.405627111486,64596100,58.06450475979008,8191.858572361244,8187.34384765625,8196.281494140625,8194.79169921875,8146.377001953125,29.239675873049237,27.36789876888891,0
2023-08-04,8178.40478515625,8290.13162648352,8156.059416890796,8267.786258218068,52675900,46.87505334858391,8207.044279763995,8191.81298828125,8205.2197265625,8199.26083984375,8152.335774739583,25.35695733059856,26.965710481230843,1
2023-08-07,8290.1328125,8290.1328125,8178.405955188679,8178.405955188679,55589300,55.55562974284393,8201.316380842447,8196.28173828125,8205.2197265625,8200.750423177084,8156.804833984375,30.938750313873243,27.760318447759325,0
2023-08-08,8223.0947265625,8312.476190981657,8223.0947265625,8290.130824876867,43373400,52.63152144348547,8219.079667173959,8223.09609375,8220.861669921875,8205.21962890625,8163.508463541667,29.61160405431474,28.13057556907041,1
2023-08-09,8401.8583984375,8401.8583984375,8267.786189951796,8290.131558032746,77056800,60.86951771418365,8219.882679051669,8236.50283203125,8225.3306640625,8206.70927734375,8165.742919921875,42.49471281472506,31.00340301820134,0
2023-08-10,8401.8583984375,8424.20376651845,8357.167662275599,8401.8583984375,76738100,60.86951771418365,8256.277822928836,8272.25556640625,8229.79970703125,8221.606184895832,8176.170735677083,52.10404631288475,35.22353167713803,0
2023-08-11,8401.8583984375,8446.549134599401,8379.51303035655,8424.20376651845,68898600,63.63634557728399,8285.39393803057,8299.06982421875,8245.44140625,8236.503092447916,8186.598551432292,59.038948098475885,39.9866149614056,0
2023-08-14,8357.16796875,8357.16796875,8245.441124247995,8334.822599849598,75495400,59.0908978039731,8308.686830111956,8343.760546875,8270.021142578125,8251.4,8196.281510416668,60.23441866084977,44.03617570129443,0
2023-08-15,8312.4765625,8379.512663810483,8312.4765625,8334.821929603495,59303700,47.36839078741262,8318.383057839565,8357.167578125,8290.1318359375,8266.29697265625,8202.240283203126,56.91948235033669,46.61283703110289,0
2023-08-16,8312.4765625,8334.821929603495,8267.78582829301,8290.131195396505,53440000,54.54537026981929,8317.201758771651,8375.0439453125,8305.773388671874,8275.235091145832,8208.94384765625,53.67365495776539,48.02500061643539,0
2023-08-18,8267.787109375,8357.168591638514,8267.787109375,8267.787109375,79328900,58.064425175992426,8316.256719517321,8357.167578125,8314.711572265625,8272.2556640625,8216.392268880209,46.9539915951209,47.81079881217249,0
2023-08-21,8200.75,8267.786103542234,8200.75,8245.440735694823,73573000,52.941044152134914,8306.562797488858,8330.3533203125,8314.711572265625,8273.745377604168,8222.351041666667,35.80652021732021,45.40994309320204,1
2023-08-22,8312.4765625,8334.821929603495,8178.404359879032,8178.404359879032,65664600,58.974202379344874,8285.400237991087,8290.131640625,8316.94609375,8276.724641927083,8225.330387369791,35.57735508978658,43.44342549251895,0
2023-08-23,8312.4765625,8334.821929603495,8290.131195396505,8312.4765625,63749800,55.55553532278154,8290.81550289287,8281.193359375,8319.18046875,8287.15234375,8233.523616536459,34.992369817904546,41.753214357596065,0
2023-08-24,8223.0947265625,8334.821557086447,8223.0947265625,8267.78545877208,53725900,47.36833933672836,8295.147714814297,8281.193359375,8328.11865234375,8297.580045572917,8240.972037760417,27.005099631893245,38.8035914124555,1
2023-08-25,8290.1328125,8290.1328125,8200.751326650943,8223.096698113208,50379000,56.75677910297031,8280.737117163939,8263.3169921875,8310.24228515625,8297.580045572917,8246.185872395834,25.787283981095243,36.20032992618346,0
2023-08-28,8223.0947265625,8267.78545877208,8223.0947265625,8267.78545877208,44423100,45.71419652500734,8282.616256231151,8267.7861328125,8299.0697265625,8299.069759114584,8249.165299479168,19.19151518866238,32.79856697867924,1
2023-08-29,8267.787109375,8312.477850506757,8223.096368243243,8290.132479940878,45428500,52.9412596419202,8270.711950297422,8272.255078125,8281.193359375,8302.049088541668,8251.399755859375,17.37038766751175,29.71293111644574,0
2023-08-30,8223.0947265625,8312.476190981657,8223.0947265625,8312.476190981657,56227000,35.71439720053567,8270.126982112939,8263.3171875,8272.2552734375,8300.559375,8252.889501953125,12.180420893335395,26.206429071823674,0
2023-08-31,8200.75,8245.440735694823,8133.713896457765,8223.09536784741,136107200,34.48291451606826,8260.720531002851,8245.4408203125,8263.31708984375,8300.559375,8253.634326171876,6.192914083585492,22.20372607417604,1
2023-09-01,8245.44140625,8290.132145579268,8200.750666920732,8223.096036585366,42152700,38.70984113378794,8248.726424802282,8240.971875,8252.14443359375,8287.1521484375,8254.379166666668,4.996399399780785,18.762260739296988,0
2023-09-04,8245.44140625,8290.132145579268,8200.750666920732,8245.44140625,40610600,41.379435060942534,8248.069421091826,8232.03359375,8249.90986328125,8276.724348958332,8256.613720703124,4.002020095947955,15.81021261062718,0
2023-09-05,8245.44140625,8267.786775914634,8223.096036585366,8267.786775914634,42007200,44.44458832136637,8247.543818123462,8236.5029296875,8254.37900390625,8266.296549479166,8258.848274739583,3.17734092518549,13.283638273538843,0
2023-09-06,8178.40478515625,8267.786258218068,8178.40478515625,8223.095521687159,49318400,40.000145675442404,8247.12333574877,8232.0337890625,8247.67548828125,8258.848111979167,8262.572542317708,-2.852634933178706,10.056383632195335,1
2023-09-07,8200.75,8200.75,8133.713896457765,8156.059264305177,61405200,44.82757841215111,8233.379625630267,8223.09580078125,8234.268310546875,8249.909993489584,8262.572542317708,-5.761942071903832,6.892718491375502,0
2023-09-08,8156.06103515625,8178.406407855308,8089.024917059075,8133.715662457192,80732300,46.428747019826204,8226.853700504214,8223.09580078125,8232.033837890625,8242.461555989583,8257.358610026042,-11.540582272720712,3.2060583385562595,0
2023-09-11,8156.06103515625,8156.06103515625,8111.370289758133,8111.370289758133,53155900,34.78299284892486,8212.695167434622,8205.2197265625,8218.62666015625,8235.013151041667,8254.379264322917,-15.936490324384067,-0.6224513940318057,0
2023-09-12,8133.71337890625,8156.058745331817,8111.368012480683,8133.71337890625,66479000,33.33357612463206,8201.368340978948,8187.34365234375,8211.923291015624,8232.03388671875,8254.379264322917,-20.98168442099268,-4.694297999423981,0
2023-09-13,8111.36962890625,8111.36962890625,8044.333516270661,8089.02425802772,69490200,38.09558989556138,8187.837348564409,8164.998046875,8198.51591796875,8220.116341145833,8253.634342447916,-26.477771711257446,-9.050992741790674,1
2023-09-14,8133.71337890625,8156.058745331817,8044.331913203983,8044.331913203983,112757900,31.578856573077445,8172.543804632777,8151.591015625,8187.343408203125,8206.709212239582,8252.14462890625,-28.699674611480077,-12.980729115728554,0
2023-09-15,8044.3330078125,8133.714485677084,8044.3330078125,8089.023746744792,121005300,30.000131109426107,8164.7777194874725,8138.18369140625,8180.63974609375,8200.750455729167,8249.165250651042,-37.24347800105443,-17.83327889279373,0
2023-09-18,8044.3330078125,8111.369116210938,8044.3330078125,8089.023746744792,34272200,22.222046869385338,8140.688777152479,8115.8380859375,8160.52890625,8184.363802083333,8241.716780598957,-43.512913955837575,-22.969205905402497,1
2023-09-19,8111.36962890625,8111.36962890625,8021.988145392132,8044.333516270661,33325800,36.84222027218035,8121.417623284484,8093.49248046875,8140.41806640625,8172.446354166666,8237.247721354166,-42.58134085360689,-26.891632895043376,1
2023-09-20,8178.40478515625,8200.750153421704,8111.368680359888,8156.059416890796,54305500,47.61904761904762,8119.408024408837,8089.02373046875,8127.010888671875,8162.018522135417,8231.288948567708,-36.01868460993683,-28.717043238022065,0
2023-09-21,8156.06103515625,8178.406407855308,8111.370289758133,8156.06103515625,40607000,40.0,8131.20737655832,8102.43076171875,8127.010888671875,8159.039192708334,8229.799283854167,-32.24894043486802,-29.423422677391258,0
2023-09-22,8111.36962890625,8178.405741541838,8111.36962890625,8156.060370663309,42445300,36.36354606702735,8136.178108277906,8106.90029296875,8122.5419921875,8156.059928385416,8221.606038411459,-32.493054295600814,-30.03734900103317,0
2023-09-25,8044.3330078125,8111.369116210938,8044.3330078125,8111.369116210938,56132200,31.999853156351776,8131.216412403575,8120.3076171875,8118.0728515625,8147.121809895833,8211.923079427082,-37.66167106239209,-31.562213413304956,0
2023-09-26,7999.6416015625,8066.677704368889,7999.641601562499,8044.332336766759,73544700,33.33318158517943,8113.839731485361,8120.3076171875,8106.900048828125,8133.714583333333,8200.00556640625,-44.847090725121234,-34.219188875668216,0
2023-09-27,7932.60498046875,8044.331811179578,7932.60498046875,7954.950346610915,84345000,26.922886205612684,8091.000105500789,8097.96201171875,8093.49287109375,8117.3279296875,8188.088020833334,-55.31326575354069,-38.43800425124271,0
2023-09-29,7887.91552734375,7954.951636641289,7887.91552734375,7887.91552734375,118960000,26.922863578296244,8059.321080494381,8048.80205078125,8075.61640625,8100.941276041666,8175.425634765625,-66.44788044670622,-44.03997949033541,1
2023-10-02,8111.36962890625,8133.714999784779,7932.606661878012,7954.952032756542,93663000,47.222171639734526,8025.039969864256,7995.17294921875,8051.03662109375,8080.08564453125,8161.273600260417,-56.58894219908052,-46.549772032084434,1
2023-10-03,8223.0947265625,8223.0947265625,8066.677163828974,8111.367896038553,98380200,55.00003004612353,8042.305901672655,7995.17294921875,8057.740283203125,8077.106217447917,8156.059684244791,-39.3072711983159,-45.10127186533073,0
2023-10-04,8223.0947265625,8267.78545877208,8156.058628248132,8223.0947265625,112582800,56.41019319695264,8078.463666650624,8030.92529296875,8075.616455078125,8081.575130208334,8156.804508463541,-25.31955436069984,-41.14492836440456,0
2023-10-05,8111.36962890625,8223.096483298898,8111.36962890625,8223.096483298898,72855700,48.837287301835744,8107.389878632999,8075.61591796875,8086.78896484375,8087.53388671875,8153.825113932292,-22.984518425051647,-37.51284637653398,0
2023-10-06,8066.6796875,8133.715806786703,8066.6796875,8133.715806786703,53344400,51.21959019040808,8108.1858286876495,8111.36884765625,8080.08544921875,8087.53388671875,8147.121549479167,-24.45815205289091,-34.90190751180537,1
2023-10-09,8089.02392578125,8156.060035663415,8066.678555820527,8066.678555820527,43774500,52.38097715612573,8099.88460045012,8147.1216796875,8071.147314453125,8083.064973958333,8141.90771484375,-23.551536575879254,-32.631833324620146,0
2023-10-10,7977.2978515625,8044.333967962185,7977.2978515625,8044.333967962185,71966100,43.18178996419794,8097.712465516346,8142.6525390625,8068.912744140625,8086.044368489584,8135.204085286458,-31.485453030703866,-32.40255726583689,0
2023-10-11,7977.2978515625,8066.679340095413,7977.2978515625,7977.2978515625,84305800,39.024390243902445,8073.629542725577,8093.4931640625,8062.209228515625,8081.575358072917,8127.010856119791,-37.342675859632436,-33.390580984596,1
2023-10-12,8089.02392578125,8133.714665702693,8044.333185859806,8044.333185859806,71064500,46.66659868365464,8054.363204492962,8044.3337890625,8059.974853515625,8072.637239583333,8117.327880859375,-32.59348923966627,-33.231162635610055,1
2023-10-13,8111.36962890625,8156.060370663309,8066.678887149191,8133.714999784779,62941800,50.0,8061.29534875062,8039.8646484375,8075.616748046875,8066.678515625,8112.858854166667,-26.71861754465499,-31.928653617419045,1
2023-10-16,8133.71337890625,8156.058745331817,8089.022646055117,8156.058745331817,29429200,54.76188618048607,8071.3102047817465,8048.80263671875,8097.962158203125,8063.699088541666,8109.879508463541,-20.02890476315315,-29.548703846565868,0
2023-10-17,7999.6416015625,8111.368439573149,7999.641601562499,8089.023071971019,59606000,50.0,8083.790839606648,8057.74052734375,8100.196533203125,8065.188671875,8106.155240885417,-25.254611690957972,-28.68988541544429,0
2023-10-18,7910.2607421875,7999.642219500353,7910.2607421875,7977.29685017214,50919200,48.93621373825757,8066.960991997819,8062.20927734375,8077.851220703125,8062.209244791667,8097.9619140625,-36.1911217219631,-30.190132676748053,0
2023-10-19,7820.87939453125,7910.260873325893,7820.87939453125,7887.915503627232,89509700,46.93874911701118,8035.620942035756,8048.80185546875,8046.567822265625,8056.250520833333,8086.789225260417,-51.4773140467878,-34.44756895075601,1
2023-10-20,8021.9873046875,8066.678041760968,7798.53361932016,7798.53361932016,64554500,45.83325556229824,7992.672632534855,7995.17294921875,8017.518798828125,8048.8021484375,8074.871712239584,-46.82424324554631,-36.92290380971407,0
2023-10-23,7910.2607421875,7977.29685017214,7910.2607421875,7932.606111515714,50633500,35.41660786425703,7998.5355669653845,7977.296484375,8013.049560546875,8057.740266927083,8068.912955729166,-51.55772560075002,-39.84986816792126,0
2023-10-24,7843.224609375,7932.606086404914,7843.224609374999,7843.224609374999,76963200,33.333261922471806,7980.880602009808,7932.60595703125,7995.1732421875,8044.3330078125,8060.719612630209,-60.02635370339431,-43.88516527501587,1
2023-10-25,7932.60498046875,7977.295712753081,7887.914248184419,7887.914248184419,54748400,41.99986888971439,7953.349403482847,7901.32255859375,7981.76591796875,8019.008333333333,8050.291731770833,-58.847199637265476,-46.8775721474658,0
2023-10-26,7798.5341796875,7999.64251096884,7798.5341796875,7977.297140826468,63199400,38.8887674904763,7949.2005188800285,7905.79140625,7977.296630859375,7999.642350260417,8043.588118489583,-67.94784423880537,-51.09162656573372,0
2023-10-27,7776.18896484375,7865.570447198276,7776.18896484375,7798.534335432381,52450700,37.036966596039825,7919.067251041523,7901.32236328125,7948.24765625,7978.786653645833,8033.160270182291,-76.08616875189091,-56.09053500296516,1
2023-10-30,7910.2607421875,7910.2607421875,7776.18852621822,7776.18852621822,51958200,47.2726709278783,7890.491593801969,7852.1626953125,7914.72958984375,7959.42060546875,8021.242789713541,-70.90008556233624,-59.05244511483938,0
2023-10-31,7820.87939453125,7887.915503627232,7798.534024832589,7865.5701339285715,64907600,44.067731325052655,7894.445423479076,7852.1626953125,7892.384326171875,7947.503059895834,8016.773714192708,-73.15907278455234,-61.87377064878198,0
2023-11-01,7686.80712890625,7843.224715831669,7686.80712890625,7820.8793462708945,67027600,34.99992351916718,7879.732217689512,7847.69365234375,7874.50810546875,7937.075162760417,8009.325260416666,-84.79043640982763,-66.45710380099112,1
2023-11-02,7910.2607421875,7954.951480843926,7798.533895546434,7798.533895546434,56050900,43.478214054416966,7841.1471999328605,7798.53408203125,7852.162744140625,7917.709114583334,7995.173177083333,-75.11169589540077,-68.18802221987306,1
2023-11-03,7954.9521484375,7999.642890844452,7910.261406030548,7977.297519640976,60414100,44.28575308349849,7854.9699083837895,7820.87939453125,7861.10087890625,7905.791569010416,7986.235042317709,-63.10753692090202,-67.17192516007886,1
2023-11-06,8089.02392578125,8089.023925781249,7999.642445938362,8021.987815899084,84994200,52.85717808731473,7874.966356394532,7856.63203125,7854.39736328125,7895.363736979167,7979.531412760417,-42.288210336013435,-62.19518219526577,0
2023-11-07,8021.9873046875,8066.678041760968,7954.951199077298,8044.332673224234,60648200,53.62318702888403,7917.777870271877,7892.38466796875,7872.273681640625,7892.384440104167,7978.786555989584,-30.842505887116204,-55.924646933635856,1
2023-11-08,8044.3330078125,8044.3330078125,7954.951529947917,7999.642268880209,31829300,57.57576961520978,7938.619757155002,7932.60625,7890.149951171875,7893.874153645834,7978.04169921875,-19.74102886576202,-48.68792332006109,0
2023-11-09,8044.3330078125,8089.023746744792,7954.951529947917,7954.951529947917,46076800,50.87720777886482,7959.762407286502,8004.11142578125,7901.32275390625,7902.8123046875,7979.531412760417,-10.818321468794238,-41.11400294980772,0
2023-11-10,7887.91552734375,8044.333115704674,7887.91552734375,7999.642376172982,50754600,49.15254676705563,7976.676527391703,8030.92587890625,7925.90263671875,7917.709212239583,7983.255680338541,-16.182058315186623,-36.1276140228835,1
2023-11-13,7932.60498046875,7977.295712753081,7910.259614326585,7932.60498046875,20827700,53.44824273386418,7958.924327382112,8017.5185546875,7937.07529296875,7908.77109375,7983.255680338541,-16.63503470264277,-32.229098158835356,1
2023-11-14,7977.2978515625,7999.643223695728,7932.607107296044,7954.952479429272,37195700,51.78579999180566,7953.66045799944,7986.234765625,7939.309716796875,7910.260709635417,7977.296858723958,-13.235114409522794,-28.430301408972845,1
2023-11-15,8089.02392578125,8089.023925781249,7999.642445938362,8021.987815899084,84977900,61.818176761622944,7958.387936712052,7977.296875,7954.9515625,7919.19892578125,7969.103629557291,-1.507910374277344,-23.045823202033745,1
2023-11-16,8111.36962890625,8111.36962890625,7999.642774513602,8089.02425802772,48714300,63.636360024537304,7984.515134525891,7986.23505859375,7995.1732421875,7929.62685546875,7964.634602864583,9.479817371277932,-16.540695087371407,0
2023-11-17,8111.36962890625,8111.36962890625,8021.988145392132,8066.678887149191,57050500,59.18368894111457,8009.886033401963,7999.6423828125,8015.284130859375,7950.482552083334,7964.634602864583,17.98040386854882,-9.636475296187363,0
2023-11-20,7932.60498046875,8066.677177321743,7932.60498046875,8021.986445037412,49216000,54.71691578759016,8030.18275250282,8044.333203125,8030.92587890625,7972.8279296875,7966.124267578125,10.175074851527825,-5.674165266644326,0
2023-11-21,7843.224609375,7954.951455662393,7843.224609374999,7887.915347889957,107614800,56.862729135754975,8010.667198096006,8044.333203125,8015.283984375,7974.317545572917,7960.910302734375,-3.186224777282405,-5.176577168771941,1
2023-11-22,7932.60498046875,7932.60498046875,7843.223515900088,7843.223515900088,40364800,51.11105391941443,7977.178680351806,8017.5185546875,7997.40771484375,7975.8072265625,7956.441194661458,-6.488111125397154,-5.438883960096985,1
2023-11-23,7977.2978515625,8021.988595828957,7910.261735162815,7910.261735162815,55542100,51.111125139242695,7968.2639403751955,7986.234765625,7986.234912109375,7992.19375,7954.951432291667,-5.4358772524774395,-5.438282618573076,0
2023-11-24,7977.2978515625,8021.988595828957,7954.952479429272,7977.2978515625,43631900,43.58980823913379,7970.070722612656,7959.42041015625,7979.531396484375,7996.662890625,7951.227229817709,-4.5495301753753665,-5.2605321299335355,0
2023-11-27,7932.60498046875,7999.641078895246,7932.60498046875,7954.950346610915,35679000,44.7368194063881,7971.516148402625,7932.6060546875,7988.46962890625,7998.152604166667,7946.758170572916,-7.368495485119638,-5.682124800970756,0
2023-11-28,7932.60498046875,7999.641078895246,7910.259614326585,7932.60498046875,69070600,43.24320493535807,7963.73391481585,7932.6060546875,7988.46962890625,7987.724674479166,7940.054557291666,-9.49311508124265,-6.444322857025136,1
2023-11-29,7954.9521484375,7999.642890844452,7954.9521484375,7954.9521484375,54715600,44.73691474153804,7957.50812794643,7950.48212890625,7984.000341796875,7981.765852864583,7937.820003255209,-9.26683937037069,-7.008826159694247,1
2023-11-30,8021.9873046875,8021.9873046875,7954.951199077298,7977.296567614032,205312100,58.823442459750005,7956.996932044644,7954.9515625,7970.5931640625,7975.80712890625,7939.309716796875,-3.6364189915348106,-6.33434472606236,0
2023-12-01,7999.6416015625,8021.986969164629,7954.95086635824,7977.29623396037,80566400,54.545448525794214,7969.9950065732155,7963.889453125,7961.654931640625,7974.317415364583,7946.013313802084,-0.9662435139116496,-5.2607244836322185,1
2023-12-04,8015.3583984375,8105.166335674894,8015.358398437499,8037.810382746848,54747400,52.68626883365729,7975.9243255710735,7968.358203125,7950.48212890625,7981.7658203125,7945.26845703125,2.3905472066071525,-3.7304701455843445,0
2023-12-05,7992.9052734375,8037.809235647823,7925.549330122016,8037.809235647823,94363900,42.23791411710616,7983.811140144359,7984.90888671875,7958.757470703125,7987.28271484375,7948.771712239583,3.202136264487308,-2.3439488635700143,0
2023-12-06,7903.099609375,8037.8115345348015,7903.099609375,7948.0035844282675,81852800,34.83356054351235,7985.629966802988,7996.9689453125,7973.725537109375,7988.323209635417,7953.761067708333,-3.362479541468929,-2.547654999149797,1
2023-12-07,7925.55078125,7925.55078125,7835.742840385978,7858.194825601983,91322500,36.89692714405437,7969.123895317391,7986.5984375,7970.775,7975.928255208333,7952.777555338542,-6.6764015242952155,-3.373404304178881,0
2023-12-08,7858.19384765625,7948.00177734375,7858.19384765625,7903.0978125,43891600,43.77477524583254,7960.409272503913,7967.3111328125,7965.60029296875,7963.54033203125,7957.011442057292,-14.569897478156236,-5.612702938974353,0
2023-12-11,7858.19384765625,7880.645830078125,7790.837900390625,7790.837900390625,78642800,51.4725448699413,7939.966187534381,7939.02158203125,7953.689892578125,7946.661946614583,7959.744938151041,-20.58822168726965,-8.607806688633413,0
2023-12-12,7813.2900390625,7858.194004804239,7813.2900390625,7813.2900390625,87589300,37.137277402578256,7923.611719558756,7907.588671875,7946.248779296875,7941.701204427083,7958.009375,-28.65087955445506,-12.616421261797743,0
2023-12-13,7790.837890625,7858.193837806196,7790.837890625,7813.289873018733,51560500,28.886252150796835,7901.547383459505,7871.665625,7934.31728515625,7939.70556640625,7957.756396484375,-36.43232557014744,-17.379602123467684,1
2023-12-14,8127.61865234375,8127.61865234375,7858.194829614124,7880.646814841592,115332800,59.656483545299594,7879.405484892604,7849.21328125,7917.905859375,7930.254427083333,7961.224088541667,-15.248015096956806,-16.95328471816551,1
2023-12-15,8284.7822265625,8284.7822265625,8150.070320439533,8194.974289147189,275013500,69.7672034874256,7929.048118382833,7889.62685546875,7928.468994140625,7940.275813802084,7968.469352213541,14.060410882075303,-10.750545598117348,0
2023-12-18,8262.330078125,8284.782062032948,8217.426110309103,8262.330078125,111712200,68.05201123844812,8000.194940018768,7974.94453125,7956.983056640625,7960.774772135416,7979.463688151041,35.07156570958341,-1.586123336577197,1
2023-12-19,8307.2333984375,8307.2333984375,8194.973487647805,8194.973487647805,65174500,68.82205618399632,8052.621967640015,8055.77177734375,7981.680224609375,7982.7564453125,7985.240559895833,54.71565198729422,9.674231728197087,1
2023-12-20,8352.138671875,8352.138671875,8284.78271484375,8307.234700520834,72938100,68.06691612718426,8103.544253799513,8154.56044921875,8013.113037109375,8007.731673177083,7994.748763020833,73.06496473564493,22.35237832968666,1
2023-12-21,8374.58984375,8374.58984375,8307.233893264076,8352.137860254692,88116700,70.51597314173898,8153.263137414611,8266.82060546875,8058.016943359375,8034.210774739583,8005.008951822917,88.39953442041406,35.56180954783214,0
2023-12-22,8374.58984375,8397.041827245308,8329.685876759384,8329.685876759384,64449600,69.99998912609703,8197.528478681688,8316.21484375,8102.920849609375,8057.717610677083,8016.017513020834,99.40639631679551,48.330726901624814,1
2023-12-27,8419.4931640625,8441.945145833333,8374.589200520833,8419.4931640625,64464700,73.17079380706159,8232.94075169535,8334.1763671875,8154.56044921875,8082.71416015625,8032.239990234375,110.479200889411,60.760421699182054,1
2023-12-28,8441.9462890625,8464.398273873836,8374.59033462849,8374.59033462849,70184600,81.57884194296821,8270.25123416878,8365.608984375,8210.690380859374,8109.656477864583,8048.469596354166,119.68658537348892,72.54565443404343,0
2023-12-29,8441.9462890625,8486.850258685174,8397.042319439828,8464.398273873836,79903400,81.08099212026384,8304.590245147525,8392.5515625,8273.556005859375,8139.592545572917,8063.957877604166,125.53639845504767,83.14380323824429,1
2024-01-02,8464.3984375,8464.3984375,8397.042481763927,8441.946452254642,30545200,88.57142679610106,8332.06145393052,8410.5130859375,8338.666845703125,8175.515657552083,8075.721956380208,130.48002569111122,92.61104772881768,0
2024-01-03,8397.0419921875,8464.397943996491,8374.590008251169,8464.397943996491,34603300,81.57890971649516,8358.528850644418,8428.4748046875,8372.34482421875,8211.438834635417,8087.489583333333,127.4931223247404,99.58746264800223,1
2024-01-04,8509.3037109375,8509.3037109375,8419.495756204651,8441.947744887862,56501800,87.80483923668722,8366.231478953036,8432.965234375,8383.57080078125,8247.362044270832,8097.011995442708,132.65539357815578,106.20104883403295,1
2024-01-05,8599.109375,8621.56135770235,8509.301444190602,8531.75342689295,85290100,90.90903698900156,8394.84592534993,8450.92734375,8408.2681640625,8290.769368489584,8116.235286458334,142.352150313558,113.43126912993796,0
2024-01-08,8599.109375,8644.013340404701,8509.301444190602,8621.56135770235,50896000,86.20680345774818,8435.698615279944,8482.3599609375,8437.45576171875,8343.15732421875,8141.4314453125,148.3270776667814,120.41043083730665,1
2024-01-09,8644.013671875,8644.013671875,8599.109704748376,8621.561688311689,59848600,83.3332427176724,8468.380767223955,8513.792578125,8462.15283203125,8397.04208984375,8163.648258463541,154.90006064105364,127.30835679805605,0
2024-01-10,8576.6572265625,8666.465155636452,8576.6572265625,8666.465155636452,52774900,76.92296110665933,8503.507348154164,8549.715625,8489.09521484375,8431.468424479166,8185.872119140625,152.91142704165395,132.42897084677566,1
2024-01-11,8599.109375,8666.46532310705,8599.109375,8644.013340404701,39381500,75.99991648877035,8518.137323835832,8585.638671875,8509.301953125,8450.9267578125,8205.850764973959,151.40185498538085,136.2235476744967,1
2024-01-12,8711.3701171875,8711.3701171875,8621.56217783505,8666.466147511275,68253400,78.5713287093492,8534.331734068666,8603.5998046875,8527.26357421875,8473.3787109375,8228.067578125,157.44903745214287,140.46864563002595,1
2024-01-15,8733.8212890625,8756.273271810733,8666.465340817802,8756.273271810733,88399500,78.5713287093492,8569.739410692433,8626.051953125,8554.20595703125,8500.321158854167,8254.026416015626,162.18354412180452,144.81162532838167,0
2024-01-16,8711.3701171875,8756.274086863725,8688.918132349389,8711.3701171875,44869200,75.86207413740092,8602.555786366447,8652.9943359375,8583.39345703125,8525.766666666666,8279.988720703124,162.25369325334213,148.30003891337378,1
2024-01-17,8756.2744140625,8756.2744140625,8666.466471354166,8756.2744140625,107706100,75.86211034052458,8624.318652530657,8666.465625,8608.090625,8548.218684895834,8302.968147786458,164.04171761419457,151.44837465353794,0
2024-01-18,8688.91796875,8756.273921996124,8644.01399991925,8688.91796875,71048900,67.7418947492483,8650.709804837026,8702.3890625,8644.0138671875,8573.664322916668,8328.189241536458,158.20000638920465,152.7987010006713,0
2024-01-19,8644.013671875,8778.725573254871,8621.561688311689,8778.725573254871,63176500,63.63630372519273,8658.351437619622,8720.35078125,8661.97529296875,8591.6259765625,8350.641227213542,148.23820888228147,151.8866025769933,0
2024-01-22,8644.013671875,8666.465655438313,8554.205737621754,8621.561688311689,52868300,62.49993203825431,8655.483884470697,8706.8794921875,8666.46572265625,8605.097135416667,8372.344840494792,138.7440574579723,149.25809355318913,0
2024-01-23,8621.5634765625,8621.5634765625,8486.851547241211,8486.851547241211,92348600,66.66681165219711,8653.189841951558,8688.91796875,8670.95615234375,8618.568294270834,8397.041975911457,127.9335921010861,144.99319326276853,0
2024-01-24,8554.2060546875,8621.562007874016,8509.30208589649,8621.562007874016,84906000,53.5713065172072,8646.864568873747,8670.956640625,8668.7111328125,8629.045963541666,8420.242399088542,112.6326799812905,138.52109060647294,0
2024-01-25,8531.7529296875,8599.108873869243,8486.848966899672,8486.848966899672,63212700,43.999979122192585,8628.332866036499,8630.54296875,8666.466015625,8639.523567708333,8443.442805989584,97.5700900870761,130.33089050259358,0
2024-01-26,8397.0419921875,8486.84992793282,8352.13802431484,8441.94596006016,78977300,35.48392980664134,8609.016878766699,8599.1099609375,8659.73037109375,8641.020182291666,8465.894775390625,73.9108341575702,119.04687923358891,1
2024-01-29,8576.6572265625,8576.6572265625,8419.493350683082,8441.94533295157,73452800,45.945917351330316,8566.62190145086,8549.715625,8628.29755859375,8627.5490234375,8485.353173828125,68.86037217824014,109.00957782251916,1
2024-01-30,8666.466796875,8666.466796875,8509.30289123219,8531.75487775259,73136400,55.263245247254915,8568.628966473188,8536.2443359375,8612.58115234375,8626.052213541667,8511.547151692708,71.28302014325891,101.46426628666711,0
2024-01-31,8576.6572265625,8711.36912017343,8576.6572265625,8711.36912017343,102581200,48.78048262992679,8588.196532553551,8545.225,8608.0908203125,8627.549088541668,8529.508756510417,65.20446783857733,94.21230659704916,1
2024-02-01,8711.3701171875,8733.822102025611,8599.110192996939,8666.466147511275,104208700,50.0,8585.888671355342,8549.715234375,8590.1291015625,8627.549088541668,8539.237923177083,70.44532590797462,89.45891045923426,0
2024-02-02,8711.3701171875,8801.178056539948,8644.014162673164,8778.726071701836,99324000,48.78053696686285,8610.984960521773,8585.638671875,8592.37431640625,8635.033138020834,8554.205924479167,73.74861555313873,86.31685147801517,0
2024-02-05,8599.109375,8688.9173058094,8554.2054095953,8688.9173058094,57983300,44.44443370484818,8631.061991854918,8648.504296875,8599.1099609375,8635.033138020834,8567.6771484375,66.54095005159252,82.36167119273065,1
2024-02-06,8644.013671875,8756.273589691558,8644.013671875,8756.273589691558,87651000,44.44443370484818,8624.671468483935,8652.9947265625,8594.61953125,8626.05234375,8575.909505208334,63.71772640306881,78.63288223479829,1
2024-02-07,8711.3701171875,8733.822102025611,8666.466147511275,8711.3701171875,92953500,51.11111325903037,8628.539909162148,8648.5041015625,8596.86455078125,8621.5619140625,8584.890299479166,66.1528348355314,76.13687275494492,1
2024-02-12,8801.177734375,8801.177734375,8711.369798309948,8756.273766342474,87949400,57.44678291352559,8645.105950767218,8675.4466796875,8612.58095703125,8618.568294270834,8596.11630859375,74.47094526526053,75.80368725700804,0
2024-02-13,8733.8212890625,8801.177237307198,8711.369306314267,8756.273271810733,66072400,53.99996694350035,8676.320307488775,8693.408203125,8639.5234375,8626.052278645833,8608.839127604168,74.76614788168263,75.59617938194296,1
2024-02-15,8846.08203125,8958.34195550444,8846.08203125,8935.889970653552,164748900,59.25914589698214,8687.820503803521,8697.8984375,8673.2013671875,8632.039453125,8618.568294270834,83.10066899062622,77.09707730367961,1
2024-02-16,8935.890625,8980.794597989949,8868.534665515075,8958.342611494974,142277200,65.45449081575924,8719.472809292818,8747.29296875,8700.14384765625,8645.510677083334,8632.039485677084,95.84776658036208,80.84721515901612,0
2024-02-19,8868.5341796875,8958.342120747628,8823.630209157436,8890.986164952532,53341300,63.15788670445423,8762.756372434254,8805.668359375,8727.08623046875,8666.4658203125,8647.755891927083,99.36936288265679,84.55164470374424,1
2024-02-20,9003.2451171875,9003.2451171875,8846.081237336346,8846.081237336346,63997700,73.68407397572194,8783.911933884905,8837.101171875,8756.27392578125,8687.421028645833,8663.472298177083,111.74220556528053,89.98975687605152,0
2024-02-21,8958.341796875,8980.79378132832,8846.081874608397,8935.88981242168,75371600,66.66660980999353,8827.778570545424,8877.5146484375,8785.46142578125,8718.853841145834,8679.93701171875,116.58058148183409,95.30792179720802,0
2024-02-22,8868.5341796875,8958.342120747628,8868.5341796875,8958.342120747628,66913000,58.82347422725253,8853.89121581134,8922.41875,8810.15859375,8756.273828125,8691.91142578125,111.87863780626321,98.62206499901907,0
2024-02-23,8823.6298828125,8913.43782055105,8801.177898377862,8890.985836116412,55192300,61.22449523058815,8856.819808586573,8926.9091796875,8837.10107421875,8775.732291666667,8700.892252604166,103.33769941735409,99.5651918826861,0
2024-02-26,8801.177734375,8868.533686423789,8733.821782326211,8756.273766342474,41356000,54.54542758543652,8850.18182343176,8904.45703125,8855.0626953125,8786.209830729167,8706.879459635416,93.67738884507708,98.3876312751643,1
2024-02-27,8868.5341796875,8890.986164952532,8756.274253362342,8756.274253362342,43735800,57.44679669656441,8840.38100562041,8890.9857421875,8864.04345703125,8801.177864583333,8714.3634765625,90.41438458864832,96.7929819378611,1
2024-02-28,8980.7939453125,8980.7939453125,8890.986005859375,8958.34196044922,54043100,68.08511425903527,8846.011640433828,8864.0435546875,8870.7791015625,8811.65546875,8723.344303385416,95.78273139385601,96.59093182906008,0
2024-02-29,8868.5341796875,8980.794106012658,8846.082194422468,8980.794106012658,126671200,60.00001739821825,8872.968101409562,8868.533984375,8895.4763671875,8829.617057291667,8732.32509765625,89.94196503589592,95.26113847042726,0
2024-03-01,8823.6298828125,8913.43782055105,8801.177898377862,8890.985836116412,51520600,55.10202813540787,8872.08131706515,8868.533984375,8897.72158203125,8847.5787109375,8736.81552734375,80.75877722654513,92.36066622165083,0
2024-03-04,8756.2744140625,8823.63037109375,8756.2744140625,8801.178385416666,43822900,47.916698759742324,8862.391030214621,8868.533984375,8886.4955078125,8859.553125,8740.55751953125,67.27055819099587,87.34264461551984,1
2024-03-05,8801.177734375,8890.985670440052,8778.725750358737,8890.985670440052,61952900,53.191512989915495,8841.167706984197,8859.5533203125,8875.26953125,8862.546744791667,8740.55751953125,59.51828041666522,81.77777177574893,1
2024-03-06,8935.890625,8980.794597989949,8778.726719535176,8890.98665201005,70242200,54.16669687194172,8833.169712462357,8846.08203125,8855.06279296875,8862.546744791667,8744.29951171875,63.51261496906591,78.12474041441234,1
2024-03-07,9093.0537109375,9137.9576798804,8980.793788580248,9025.697757523149,118369300,56.862718341775185,8853.713894969886,8837.1013671875,8852.81767578125,8876.018033854167,8754.028743489584,78.45551510662699,78.19089535285528,1
2024-03-08,9115.505859375,9250.217768626848,9093.053874499692,9205.313798876232,100947200,61.22450066530617,8901.581858163408,8882.0052734375,8875.26962890625,8892.4828125,8768.996744791666,91.05989013127692,80.7646943085396,0
2024-03-13,8980.7939453125,9340.025703125,8980.7939453125,9340.025703125,141622600,48.97962806799521,8944.366658405726,8940.38046875,8904.4572265625,8904.457161458333,8785.461490885416,89.15114362843815,82.44198417251931,1
2024-03-14,9272.669921875,9272.669921875,9003.246098479116,9025.698083762109,110681100,61.66667874877669,8951.652115787081,8985.284375,8922.41884765625,8911.941145833332,8799.681087239584,109.92327320381082,87.93824197877763,0
2024-03-15,9115.505859375,9250.217768626848,9025.697919873768,9160.409829125616,154176800,58.73014996309779,9015.855677004665,9079.5828125,8962.832421875,8929.902799479167,8824.3783203125,112.4077426921649,92.83214212145509,0
2024-03-18,9115.505859375,9227.76578375154,9115.505859375,9137.957844250308,62444100,60.655742380606384,9035.785713478732,9115.505859375,8976.30361328125,8940.380403645833,8848.327115885417,113.07326445435501,96.88036658803507,1
2024-03-19,9137.95703125,9205.312979883292,9115.505048372235,9115.505048372235,55004800,62.29507144690682,9051.729742657986,9119.9962890625,9001.00078125,8956.845182291667,8866.288736979166,114.09707710189105,100.32370869080627,0
2024-03-20,9093.0537109375,9115.50569540895,9048.1497419946,9070.60172646605,66269700,58.33333333333333,9068.97520037639,9124.4865234375,9032.43349609375,8977.800325520833,8882.005078125,110.01692667714633,102.2623522880743,0
2024-03-21,9093.0537109375,9182.861648823302,9025.697757523149,9137.9576798804,90279400,54.54545454545455,9073.790902488612,9146.9384765625,9066.11142578125,8997.258723958334,8899.218294270833,105.56647347625403,102.92317652571026,0
2024-03-22,9070.6025390625,9093.054525545327,8935.890620165532,8980.794593131188,91968200,58.82356954619498,9077.64346417839,9111.015234375,9095.2990234375,9012.226692708333,8911.941080729166,99.08563775930088,102.1556687724284,1
2024-03-25,9256.6533203125,9256.6533203125,9118.83714184631,9256.6533203125,66971000,66.83350239623891,9076.235279155213,9102.0345703125,9108.77021484375,9018.213932291666,8923.915494791667,107.72053662482904,103.26864234290854,0
2024-03-26,9233.6845703125,9233.6845703125,9141.807111901431,9233.6845703125,65742700,69.22237286216236,9112.318887386671,9130.2640625,9125.13017578125,9044.088541666666,8945.833626302083,111.42592135850646,104.90009814602813,1
2024-03-27,9256.6533203125,9256.6533203125,9187.745231079403,9210.714594157103,39514100,68.6689599576032,9136.592023971838,9149.4095703125,9136.948046875,9071.425520833332,8965.489322916666,114.89145445345821,106.89836940751415,0
2024-03-28,9256.6533203125,9279.622683390198,9164.775868001709,9210.714594157103,79229700,64.7794961325768,9160.60428323997,9182.1294921875,9164.533984375,9104.784114583334,8983.6654296875,116.29731138592979,108.77815780319729,0
2024-04-01,9049.9296875,9279.623334390864,9026.960322810914,9256.653969701776,79248700,48.099797324337004,9179.814090654478,9214.8494140625,9162.93232421875,9135.149153645832,8998.84794921875,99.5826666341818,106.93905956939419,1
2024-04-02,9095.8681640625,9141.806892163826,9003.990707859848,9118.837528113165,76763100,49.15223797538796,9153.837210023583,9210.71484375,9156.37470703125,9142.7517578125,9009.384895833333,89.0169098549286,103.35462962650108,0
2024-04-03,8751.328125,9003.991141732284,8751.328125,8958.052411417322,177418400,41.613312879362745,9142.243400831367,9178.5578125,9154.4109375,9142.939388020834,9017.711100260416,52.23978208437438,93.13166011807574,1
2024-04-04,9049.9296875,9049.9296875,8797.266675920051,8797.266675920051,75993500,41.898951238708975,9064.060345665093,9082.0865234375,9115.748046875,9118.660872395832,9011.559016927084,46.650535602211676,83.83543521490293,0
2024-04-05,9026.9609375,9141.807768765904,9026.9609375,9141.807768765904,70428600,46.43127036856275,9061.234214032074,9040.741796875,9111.43564453125,9123.269921875,9017.605533854166,39.907601342942144,75.04986844051078,0
2024-04-16,8705.3896484375,8797.267111745547,8498.665355994393,8590.54281930244,283265900,36.87323748194113,9054.379558725659,8994.8033203125,9104.8263671875,9106.889322916666,9018.396061197916,8.517477638039054,61.74339028001644,1
2024-04-17,8751.328125,8889.144315944883,8751.328125,8774.29749015748,95620700,37.80831198265668,8984.581576668028,8925.8953125,9068.305078125,9079.5482421875,9009.964322916667,-12.508381580339119,46.89303590794533,0
2024-04-18,8705.3896484375,8797.267111745547,8682.420282610488,8751.328380091523,127134000,37.78364538326132,8937.930886334423,8856.9873046875,9017.77255859375,9055.2697265625,9006.057454427084,-32.503695262626934,31.01368967383088,0
2024-04-19,8705.3896484375,8728.359014264512,8544.604087648417,8590.54281930244,147784300,37.78364538326132,8891.422638755039,8847.799609375,8964.94306640625,9026.431901041668,9002.11611328125,-47.79912683407565,15.251126372249574,0
2024-04-22,8590.5419921875,8659.450083033924,8590.5419921875,8636.48071941845,128908000,35.704456441198275,8854.216040691532,8778.8916015625,8909.81669921875,9000.587630208332,8998.923177083334,-68.39964407000662,-1.4790277162016636,1
2024-04-23,8935.08203125,8981.020756346401,8636.480318123393,8636.480318123393,178833000,41.24997940633923,8801.481230990725,8691.6078125,8843.20556640625,8967.086848958334,8989.656770833333,-56.27549184736017,-12.438320542433367,1
2024-04-24,9141.806640625,9141.806640625,8958.051733275754,9026.95982353172,132832700,47.727258452816756,8828.201391042581,8737.5462890625,8831.72080078125,8958.0521484375,8988.133040364582,-29.644344009419,-15.879525235830496,0
2024-04-25,8981.021484375,9187.745764066496,8912.113391144501,9187.745764066496,104874100,43.61702753176594,8890.922440959064,8815.6419921875,8836.3146484375,8950.395703125,8997.242122395834,-21.267823620612035,-16.957184912786804,0
2024-04-26,8843.205078125,9026.959988839286,8843.205078125,8912.113169642857,100932900,40.999999574840956,8908.942249642252,8870.768359375,8859.283984375,8933.551497395832,9002.488509114582,-25.456555739116084,-18.65705907805266,1
2024-04-29,9003.990234375,9049.928960060586,8751.327243104273,8751.327243104273,90063500,48.979575014533495,8895.794815338802,8898.3314453125,8838.6115234375,8905.98828125,9005.386197916667,-15.62205640758475,-18.050058543959082,0
2024-04-30,9003.990234375,9233.683862802933,9003.990234375,9233.683862802933,109623000,47.916654672164796,8917.433899146043,8981.02109375,8836.314453125,8889.144075520833,9012.146614583333,-7.738935205870803,-15.987833876341426,0
2024-05-02,8774.2958984375,9095.866952306937,8728.357176456151,9095.866952306937,97079400,50.549412556759854,8934.745166191835,8994.802734375,8866.17451171875,8886.0814453125,9014.4166015625,-19.7977025419259,-16.749807609458323,1
2024-05-03,9049.9296875,9049.9296875,8889.144134676395,8958.052228743654,81200400,50.0,8902.655312640969,8921.3005859375,8868.4712890625,8864.643294270832,9003.791341145834,-7.031959275536792,-14.806237942674016,0
2024-05-06,9003.990234375,9072.89832290338,8981.020871532206,9049.928960060586,53076200,49.45051813229426,8932.110187612776,8935.0822265625,8902.92529296875,8884.550065104168,9001.60546875,-0.6148579995860928,-11.967961954056431,0
2024-05-07,8912.11328125,8958.052009503866,8843.2051888692,8912.11328125,66746800,55.55553222725706,8946.486196965221,8967.2392578125,8932.7853515625,8881.487434895833,9002.378678385418,-2.9094232548995933,-10.156254214225065,0
2024-05-08,8613.51171875,8912.113458333333,8613.51171875,8820.235999999999,112808900,46.73912842552799,8939.611613822177,8948.8638671875,8964.94248046875,8873.830924479167,8990.360123697918,-28.49407140929179,-13.823817653238411,1
2024-05-13,8751.328125,8751.328125,8452.726377952757,8452.726377952757,145469900,51.041659746774,8874.391634807742,8870.7681640625,8932.78544921875,8867.705729166666,8973.626985677083,-37.22040355123136,-18.503134832837002,1
2024-05-14,8774.2958984375,8889.142703390871,8751.326537446826,8843.203981409522,95363500,51.5463497292573,8849.778932846195,8866.174609375,8893.73759765625,8867.705729166666,8961.487727864584,-41.800922265128975,-23.162692319295395,0
2024-05-15,8728.3583984375,8820.235855263158,8659.450305818256,8728.3583984375,54741900,53.191496098036225,8834.682325964457,8811.0478515625,8873.0650390625,8872.299479166666,8949.365690104167,-48.57781388125841,-28.245716631687998,1
2024-05-16,8820.236328125,8889.144424438477,8751.328231811523,8797.266962687174,61126000,46.98798081355918,8813.417540459066,8755.921484375,8861.58037109375,8873.830729166666,8937.2091796875,-46.004457492828806,-31.797464803916164,1
2024-05-17,8958.052734375,9049.930198317308,8797.267172475962,8820.236538461539,99848500,45.00002657242314,8814.781297992253,8737.54609375,8843.20498046875,8889.143684895833,8928.115266927083,-32.470126405107294,-31.931997124154393,0
2024-05-20,8705.3896484375,9003.991404188655,8705.3896484375,8912.113940880607,87890100,42.85715731832186,8843.435585268802,8806.454296875,8838.61123046875,8890.675065104168,8924.363606770834,-41.65173566865815,-33.875944833055144,0
2024-05-21,8613.51171875,8797.266635416667,8613.51171875,8682.4198125,75311400,43.90244787659201,8815.826397902543,8797.2666015625,8831.72060546875,8861.580598958333,8905.988151041667,-55.69993406196954,-38.240742678838025,1
2024-05-22,8659.451171875,8797.267370896883,8567.573705860412,8705.389904882295,121712700,40.259788304280846,8775.363462072035,8765.109765625,8788.07880859375,8837.079947916667,8885.31572265625,-62.40691450189115,-43.07397704344865,0
2024-05-27,8544.603515625,8613.511608492943,8521.634151335686,8544.603515625,128578500,37.80490839915508,8752.181004032629,8751.3283203125,8753.62490234375,8824.8296875,8865.408984375,-76.1121177439727,-49.68160518355346,0
2024-05-28,8544.603515625,8636.480972782258,8544.603515625,8544.603515625,73945700,43.0556006630107,8710.665506351104,8696.2017578125,8716.87392578125,8794.20390625,8841.673990885416,-85.98243803057267,-56.94177175295731,0
2024-05-29,8406.787109375,8567.57265518272,8406.787109375,8521.633927809085,117351600,28.787872931700207,8677.453108205884,8613.5119140625,8709.98310546875,8763.578125,8824.82978515625,-103.72963945989613,-66.29934529434507,0
2024-05-30,8268.970703125,8498.664333767361,8062.246435546876,8268.970703125,207115100,27.142860613540464,8623.319908439707,8553.79140625,8675.52900390625,8739.0775390625,8801.860416666666,-127.44593920412626,-78.52866407630131,1
2024-05-31,8498.6650390625,8498.6650390625,8291.940754328547,8360.848849239865,756431600,38.15791166662658,8552.450067376765,8484.883203125,8624.996484375,8687.013606770834,8785.7818359375,-126.25151546223788,-88.07323435348863,1
2024-06-03,8521.634765625,8590.542863460243,8475.69603373484,8590.542863460243,72197700,46.875020759677994,8541.693061713913,8452.7259765625,8602.0271484375,8653.325260416666,8767.40634765625,-122.04460681660021,-94.86750884611095,1
2024-06-04,8590.5419921875,8751.327537495823,8590.5419921875,8751.327537495823,75353100,44.26227680049402,8537.681402496131,8448.1322265625,8572.1669921875,8627.293359375,8750.562141927083,-111.86090126512681,-98.26618732991413,1
2024-06-05,8682.419921875,8728.35865162037,8544.603732638889,8728.35865162037,82087300,46.87505605109335,8548.253520434406,8457.319921875,8535.41591796875,8625.762044270834,8746.73388671875,-95.27815293758977,-97.66858045144926,1
2024-06-06,8705.3896484375,8751.328380091523,8682.420282610488,8751.328380091523,44991300,49.20637277264739,8575.086800722525,8512.446484375,8533.1189453125,8621.1681640625,8744.436946614584,-79.36783742313673,-94.00843184578676,0
2024-06-07,8567.572265625,8728.357804121984,8567.572265625,8728.357804121984,51599800,41.53845449443567,8601.14737026552,8599.7302734375,8542.30673828125,8616.5744140625,8744.436946614584,-76.99199298605163,-90.60514407383974,1
2024-06-10,8751.328125,8751.328125,8682.420029527559,8728.35875984252,45584700,43.28359629618348,8594.432349337418,8613.51171875,8533.11884765625,8605.855338541667,8739.843033854168,-59.59458770216952,-84.40303279950571,0
2024-06-11,8544.603515625,8774.297158518146,8544.603515625,8774.297158518146,68690900,44.61538662796212,8625.811504469933,8659.450390625,8553.79130859375,8601.261458333332,8745.202571614584,-61.7758533962533,-79.87759691885523,0
2024-06-12,8498.6650390625,8567.573133973818,8498.6650390625,8544.603769003379,49785700,46.031765313249714,8609.569906700948,8650.2626953125,8553.79130859375,8573.698177083334,8732.18662109375,-66.44543173254533,-77.19116388159325,0
2024-06-13,8452.7255859375,8705.388578995415,8452.7255859375,8705.388578995415,84652200,42.857123575639164,8587.388933173259,8613.51171875,8562.9791015625,8559.916536458333,8710.748567708333,-73.01140610020957,-76.35521232531651,0
2024-06-14,8452.7255859375,8498.66431194803,8360.84813391644,8452.7255859375,52986300,46.55171781870853,8560.456263726108,8562.97890625,8581.35458984375,8549.1974609375,8693.138704427083,-77.32364919623797,-76.54889969950081,0
2024-06-19,8314.9111328125,8498.666074974102,8314.9111328125,8498.666074974102,100051000,42.18755708907656,8538.910128168387,8540.0095703125,8576.76064453125,8535.415755208332,8680.122721354166,-90.81475159545153,-79.40207007869095,1
2024-06-20,8659.451171875,8659.451171875,8360.849407327587,8406.78814033488,81474800,57.53426891429743,8494.11032909721,8452.726171875,8556.08828125,8520.1029296875,8657.15341796875,-72.86510219274896,-78.09467650150256,1
2024-06-21,8820.236328125,8889.144424438477,8636.481404622396,8705.389500935873,166841200,66.21622863866597,8527.178497652769,8475.695703125,8562.97919921875,8527.759440104166,8645.668782552084,-45.145448718349144,-71.50483094487188,0
2024-06-24,8820.236328125,8958.052520751953,8797.266962687174,8820.236328125,79592300,60.937501037984596,8585.790063747216,8540.0099609375,8576.76083984375,8555.322721354167,8647.200130208334,-22.91329344674341,-61.786523445246196,0
2024-06-25,8820.236328125,8820.236328125,8682.420135498047,8820.236328125,80029000,60.31745174787421,8632.679316622773,8613.512109375,8588.2455078125,8592.073763020833,8639.543684895832,-5.233818023727508,-50.47598236094246,0
2024-06-26,8728.3583984375,8866.174583675987,8682.419670024672,8751.327762643916,77913200,54.68750207596781,8670.190718923219,8687.0142578125,8613.5119140625,8613.511848958333,8633.4185546875,1.3479739482791047,-40.11119109909815,1
2024-06-27,8958.052734375,8958.052734375,8774.297806490384,8797.267172475962,89150700,58.57143204210766,8681.824254826075,8769.7037109375,8611.21494140625,8627.293424479167,8627.293391927084,24.812481933346135,-27.126456492609297,1
2024-06-28,9118.8369140625,9164.775639070373,8981.020739038886,9003.990101542822,166172300,61.84206698710203,8737.06995073586,8829.4240234375,8652.55986328125,8651.794140625,8638.778092447918,55.73968079206497,-10.553229035674441,0
2024-07-01,9072.8994140625,9095.868779667722,9026.960682852055,9049.93004845728,68634600,65.27783272698929,8813.42334340119,8889.144140625,8714.57705078125,8680.888606770834,8651.028385416666,75.67065219656433,6.691547210773315,1
2024-07-02,9095.8681640625,9187.745620265152,9049.929435961174,9187.745620265152,78848500,61.53847663289154,8865.318557533452,8939.6767578125,8776.59443359375,8705.3892578125,8660.9818359375,92.2560069756255,23.80443916374375,1
2024-07-03,9187.74609375,9187.74609375,9118.837998046874,9164.776728515624,55860200,73.33340891730217,8911.428478839262,8994.803125,8840.90869140625,8740.608984375,8673.232161458332,111.5281738348549,41.34918609796598,0
2024-07-04,9026.9609375,9187.746501272264,9026.9609375,9164.777135019083,67054000,67.69237008261835,8966.69200182141,9086.6806640625,8928.1921875,8769.703515625,8685.482486979166,112.53030721362666,55.585410321098124,1
2024-07-05,9141.806640625,9164.776004043655,9072.898550369033,9118.837277206345,36946900,72.05890720065125,8978.745788957129,9100.4623046875,8964.9431640625,8801.860677083334,8687.779427083333,121.1945383754719,68.70723593197289,1
2024-07-08,9233.6845703125,9233.6845703125,9141.807111901431,9187.745841106966,72903600,73.61120296667218,9011.357959290704,9105.05625,8997.1001953125,8844.736783854167,8702.32666015625,133.93091286907656,81.75197131939363,1
2024-07-09,9256.6533203125,9325.561409545597,9256.6533203125,9279.622683390198,61853200,80.59703860324213,9055.823281495064,9137.21328125,9038.44501953125,8896.800716145834,8722.999088541666,144.2155406020247,94.24468517591984,1
2024-07-10,9279.6240234375,9394.470855410736,9233.685290648204,9348.532122621442,62325900,75.47174654718349,9095.989289258552,9169.3703125,9082.08671875,8950.3958984375,8742.905826822916,152.46223619078046,105.88819537889196,0
2024-07-11,9256.6533203125,9302.592046467898,9187.745231079403,9187.745231079403,55908400,70.21273323810979,9132.716236094342,9187.7458984375,9137.21328125,9014.710091145833,8767.406510416668,155.3534403350659,115.78124437012676,0
2024-07-12,9256.6533203125,9279.622683390198,9210.714594157103,9233.683957234802,62646500,70.21273323810979,9157.503652937974,9233.684375,9167.07333984375,9054.523567708333,8791.14150390625,155.84821919072965,123.79463933424734,0
2024-07-15,9233.6845703125,9256.653934915268,9141.807111901431,9233.6845703125,36682600,68.75000553592639,9177.33358641288,9256.6537109375,9180.85498046875,9083.618033854167,8819.470377604166,152.62755340310832,129.56122214801954,0
2024-07-16,9141.806640625,9210.714730880967,9141.806640625,9164.776004043655,37192700,68.75000553592639,9188.603783192804,9256.6537109375,9196.93349609375,9111.18125,8851.627506510416,141.03560087758706,131.85609789393305,0
2024-07-17,9003.990234375,9141.80641143176,9003.990234375,9095.867685746174,90666000,52.27267017487578,9179.244354679244,9233.684375,9201.52734375,9132.619270833333,8873.065559895833,119.35244212251928,129.3553667396503,1
2024-07-18,9279.6240234375,9279.6240234375,9003.991626701732,9003.991626701732,65383200,57.142919119280315,9144.193530618395,9178.5576171875,9183.1517578125,9150.9947265625,8889.144075520833,122.99195114706708,128.08268362113367,1
2024-07-19,9302.5927734375,9302.5927734375,9164.776584201389,9233.684678819443,53880300,60.41663714180437,9171.279629182216,9183.1517578125,9208.41806640625,9172.4328125,8912.1134765625,126.27406561191856,127.72096001929064,0
2024-07-22,9279.6240234375,9325.562756226796,9279.6240234375,9302.593389832147,31285300,58.33336285819563,9197.542258033274,9192.3396484375,9224.4966796875,9184.683203125,8932.785904947918,125.57423716572521,127.29161544857756,1
2024-07-23,9348.53125,9371.500614250614,9302.592521498773,9371.500614250614,39321100,57.44678733932174,9213.95861111412,9201.5275390625,9229.090625,9198.46484375,8951.92705078125,129.09176586197464,127.65164553125697,0
2024-07-24,9256.6533203125,9348.530772623297,9256.6533203125,9302.592046467898,24658000,61.36355950136679,9240.873138891297,9242.8724609375,9238.27841796875,9215.309049479167,8977.959016927083,123.04723964194818,126.73076435339523,1
2024-07-25,9463.3779296875,9463.3779296875,9371.500474059463,9394.469837966471,98088100,64.58330565379944,9244.029175175538,9293.405078125,9235.98134765625,9219.902864583333,8994.803190104167,133.4001040106814,128.06463228485248,1
2024-07-26,9486.34765625,9555.255750605327,9463.378291464893,9532.286385820218,75565800,62.22219492815309,9287.89892607793,9330.155859375,9256.65380859375,9248.997330729168,9025.42900390625,141.82343628734452,130.8163930853509,0
2024-07-29,9417.439453125,9578.22500476372,9348.531359565548,9555.255640243902,69092500,57.44681235995813,9327.588672112346,9366.9068359375,9279.6232421875,9271.966731770834,9058.3517578125,141.3097409694892,132.91506266217857,0
2024-07-30,9348.53125,9463.378071253072,9348.53125,9463.378071253072,32122900,53.06118022096063,9345.558828314877,9394.469921875,9297.99873046875,9284.217057291668,9090.50888671875,133.79995503277132,133.09204113629713,1
2024-07-31,9440.4091796875,9509.317275889598,9394.4704488861,9509.317275889598,82519900,57.69233913892372,9346.153312651903,9394.469921875,9318.67119140625,9290.342252604167,9120.369075520834,133.720727336251,133.2177783762879,1
2024-08-01,9532.2861328125,9532.2861328125,9371.500583584337,9371.500583584337,61176200,60.71429656016448,9365.004486059022,9431.22109375,9362.3130859375,9301.061263020832,9157.885677083334,139.4639870559422,134.46702011221876,0
2024-08-02,9371.5009765625,9509.317167394302,9371.5009765625,9440.409071978402,55699900,54.838714101544284,9398.460815409719,9445.002734375,9387.579296875,9319.436783854168,9186.98017578125,129.54819246816987,133.483254583409,0
2024-08-05,9072.8994140625,9325.562435719938,9072.8994140625,9187.746242088608,126328300,47.887350932504575,9393.068847640276,9422.0333984375,9394.4701171875,9327.093294270833,9205.3556640625,96.48300719321196,126.08320510536961,1
2024-08-06,9187.74609375,9256.654189453126,9141.80736328125,9256.654189453126,78473900,55.71431521509386,9329.03496092472,9353.125390625,9373.79765625,9316.374283854168,9213.777766927084,78.63927229823457,116.59441854394262,1
2024-08-07,9279.6240234375,9279.6240234375,9187.74655785891,9187.74655785891,52327400,50.0,9300.777187489777,9320.968359375,9357.719140625,9319.4369140625,9226.028092447918,71.09225761430025,107.49398635801415,1
2024-08-08,9394.4697265625,9394.4697265625,9256.653544754738,9325.56163565862,54162100,53.03028936586874,9296.546554679322,9288.811328125,9360.0162109375,9337.8125,9244.40361328125,73.53066678512914,100.70132244343716,0
2024-08-09,9325.560546875,9417.437990686576,9279.621824969212,9394.468629733685,47062400,51.47051743681861,9316.131189055957,9261.248046875,9353.125390625,9345.468880208333,9258.950846354166,69.10611642497861,94.38228123974547,1
2024-08-12,9371.5009765625,9371.5009765625,9256.654150869332,9279.623516007969,40364100,50.746279074932495,9318.017060619766,9252.0599609375,9337.0466796875,9347.000065104166,9265.841634114584,68.51681789651411,89.20918857109919,1
2024-08-13,9463.3779296875,9463.3779296875,9348.531110152457,9417.439201873483,55207100,56.71642075178123,9328.713843808313,9311.7802734375,9332.45283203125,9353.1251953125,9275.79501953125,74.60351396656006,86.28805365019137,0
2024-08-14,9371.5009765625,9463.378437117037,9371.5009765625,9463.378437117037,47999100,46.77421345694928,9355.646660984152,9366.906640625,9343.9375,9360.781640625,9288.045345052084,71.19289480956832,83.26902188206677,1
2024-08-15,9394.4697265625,9463.377817466382,9348.530999293249,9371.500362927873,33396600,46.77417695790723,9358.817524099823,9385.28203125,9337.0466796875,9368.438151041666,9294.1705078125,69.54170721010814,80.52355894767504,1
2024-08-16,9486.34765625,9486.34765625,9417.439561894673,9463.378291464893,40731400,52.38095559454717,9365.947964592358,9385.28203125,9323.2650390625,9363.844270833333,9306.42080078125,74.78483716041592,79.37581459022323,1
2024-08-19,9532.2861328125,9578.224861163404,9440.408676110692,9486.347404461596,51054400,56.45161179719382,9390.027902923888,9417.439453125,9334.74970703125,9363.844270833333,9317.905501302082,81.70506146652042,79.84166396548267,1
2024-08-20,9578.224609375,9601.193972946645,9463.377791516788,9486.34715508843,60304400,54.99997519906295,9418.47954890161,9449.596484375,9380.68837890625,9371.500716145832,9327.85888671875,89.86038563194052,81.84540829877425,0
2024-08-21,9578.224609375,9647.13270008993,9578.224609375,9647.13270008993,84848800,51.78570479556317,9450.428560996288,9472.5658203125,9419.73623046875,9386.813606770833,9338.5779296875,95.22583464323179,84.52149356766577,0
2024-08-22,9486.34765625,9555.255750605327,9394.470197109564,9509.317021035107,56611600,54.71697659139752,9475.98777067203,9513.910546875,9449.5962890625,9396.001302083334,9348.531282552083,91.01512368035947,85.82021959020452,0
2024-08-23,9486.34765625,9532.286385820218,9463.378291464893,9486.34765625,46651600,72.49998671378843,9478.059747787625,9532.2861328125,9458.78408203125,9392.938736979168,9356.187760416668,86.6789242230625,85.99196051677612,0
2024-08-26,9486.34765625,9532.286385820218,9417.439561894673,9440.408926679782,35145600,68.57141815937864,9479.7173294801,9532.2861328125,9474.86279296875,9400.595182291667,9363.84423828125,82.29382294770949,85.2523330029628,0
2024-08-27,9371.5009765625,9463.378437117037,9348.531611423869,9440.409071978402,60448400,55.555529311171526,9481.04339483408,9523.0984375,9486.3474609375,9428.1583984375,9372.266341145832,68.75882245265893,81.95363089290203,1
2024-08-28,9509.3173828125,9509.3173828125,9417.43992017663,9463.378651494566,38489900,56.756800235330886,9459.134911179764,9481.7537109375,9477.159765625,9440.408723958333,9379.922819010417,68.36480236448187,79.235865187218,0
2024-08-29,9394.4697265625,9647.1327265434,9394.4697265625,9647.1327265434,53004700,53.84621254653578,9469.171405506313,9467.972265625,9490.94140625,9455.721614583334,9396.767057291667,58.11537470434996,75.0117670906444,1
2024-08-30,9486.34765625,9486.34765625,9371.500832324456,9486.34765625,158403700,56.09755844640663,9454.23106971755,9449.5966796875,9490.94140625,9455.721614583334,9400.595247395833,56.75220640206135,71.35985495292779,0
2024-09-02,9440.4091796875,9532.286641290297,9371.5010834854,9532.286641290297,72008600,48.71798226106067,9460.654387024042,9449.5966796875,9490.94140625,9466.440755208334,9406.72041015625,51.37284044055741,67.36245205045371,0
2024-09-03,9348.53125,9486.347435503683,9325.561885749385,9486.347435503683,50950200,48.71792915115474,9456.605345556734,9440.408984375,9481.7537109375,9471.034635416667,9412.079915364584,39.2434984678348,61.738661333929926,1
2024-09-04,9463.3779296875,9463.3779296875,9302.59238233844,9325.561746245448,44817000,53.488374392419125,9434.990526445388,9435.8150390625,9458.784375,9463.378190104168,9412.079915364584,38.45479190054175,57.08188744725229,0
2024-09-05,9417.439453125,9509.316911204269,9417.439453125,9509.316911204269,39332900,46.34145835623314,9440.668007093811,9426.6271484375,9447.29970703125,9469.5033203125,9418.970735677083,33.734020341116775,52.41231402602519,1
2024-09-06,9463.3779296875,9463.3779296875,9394.469837966471,9394.469837966471,31541800,46.34145835623314,9436.022296300049,9431.22109375,9440.40888671875,9471.034635416667,9417.439453125,33.315584681697146,48.59296815715958,0
2024-09-09,9440.4091796875,9509.317275889598,9371.5010834854,9463.3785450882,36185100,42.50003985863471,9441.493422977539,9426.6271484375,9438.1119140625,9469.5033203125,9416.673795572917,30.775820735636444,45.029538672854954,1
2024-09-10,9509.3173828125,9509.3173828125,9440.409285835598,9509.3173828125,55093100,46.511671595541564,9441.276574319532,9426.6271484375,9433.51806640625,9463.378190104168,9417.439453125,33.93220626096627,42.81007219047722,1
2024-09-11,9578.224609375,9578.224609375,9509.316518660073,9578.224609375,64621300,54.76188065992756,9454.884736018126,9458.784375,9447.29970703125,9458.784375,9422.798990885416,41.51533884835044,42.55112552205186,1
2024-09-12,9624.1640625,9647.133427804296,9532.286601282816,9601.194697195704,70759100,56.81819060244968,9479.5527106895,9481.7537109375,9454.1904296875,9458.784375,9427.392838541668,50.64811603819908,44.170523625281305,0
2024-09-13,9578.224609375,9578.224609375,9486.34715508843,9555.255245803355,70057100,54.34779795739175,9508.4749810516,9523.0986328125,9477.15986328125,9467.972135416667,9430.455436197917,53.56155357539501,46.048729615304055,1
2024-09-17,9647.1328125,9647.1328125,9509.316629464283,9601.194084821427,89745000,63.63631971506674,9522.42490671628,9546.06796875,9486.34755859375,9474.097265625,9437.346223958333,60.730723934164416,48.98512847907613,1
2024-09-18,9761.9794921875,9761.9794921875,9601.193947610294,9647.132674632352,65420200,62.790640189521724,9547.366487873025,9587.4126953125,9507.019921875,9484.816276041667,9456.487337239583,74.81706576941906,54.15151593714472,1
2024-09-19,10014.6435546875,10014.6435546875,9784.94989517632,9830.888627078555,140886600,77.5510363449578,9590.28908873592,9637.9451171875,9548.36474609375,9510.848177083333,9475.628450520833,105.15629509026621,64.35247176776903,0
2024-09-20,9899.7958984375,10014.642718604988,9899.7958984375,10014.642718604988,142194600,67.99996258608388,9675.159981926237,9725.22890625,9603.49130859375,9544.536588541667,9500.1291015625,118.5663478192455,75.19524697806433,1
2024-09-23,10060.5830078125,10060.5830078125,9853.85869943279,9853.85869943279,72553800,74.54542924682175,9720.087165228491,9780.3552734375,9651.726953125,9578.225,9516.973307291666,140.54793805198642,88.26578519284875,0
2024-09-24,9922.765625,10060.581814236111,9899.796260127316,9899.796260127316,105191100,71.92976698391861,9788.186333745294,9876.826953125,9711.4474609375,9616.507356770833,9541.474055989584,145.1743165222033,99.64749145871967,1
2024-09-25,9968.703125,9968.703125,9670.101418490784,9807.917590725809,158369100,70.37028872143276,9815.102191996235,9931.953515625,9759.68310546875,9648.664453125,9559.849544270834,150.8090937678462,109.879811920545,0
2024-09-26,9830.888671875,9991.67423426548,9807.919305819218,9991.67423426548,84960100,65.51724896239402,9845.822378596988,9973.2982421875,9805.6216796875,9690.009244791667,9576.693717447917,142.51143758545368,116.40613705352673,0
2024-09-27,9784.94921875,9876.826676203053,9555.255575117371,9647.133032570422,93027400,62.068950351085135,9842.83563725259,9936.547265625,9830.8880859375,9714.5099609375,9592.006640625,130.72167722078302,119.269245086978,0
2024-09-30,9486.34765625,9693.07193931598,9486.34765625,9624.163844960654,144692100,51.42856101654046,9831.258353552073,9913.5779296875,9846.9666015625,9739.010611979167,9605.022623697916,96.17491209494983,114.65037848857239,1
2024-10-01,9693.0712890625,9693.0712890625,9532.285746352933,9555.255109597156,59797700,55.26312256303249,9762.27621409166,9798.730859375,9837.77890625,9740.541927083334,9605.022623697916,84.50312195468359,108.62092718179463,0
2024-10-02,9647.1328125,9693.071540178573,9486.347265625,9486.347265625,86746200,52.0,9748.43522908583,9752.7919921875,9842.37275390625,9757.386067708334,9610.38212890625,70.73095067222857,101.04293187988142,0
2024-10-03,9601.1943359375,9670.102429257626,9555.255607057416,9601.1943359375,60887000,49.333323507453585,9728.174745768665,9688.4779296875,9830.8880859375,9766.573763020833,9612.679069010417,55.47012944967901,91.92837139384095,1
2024-10-04,9624.1640625,9624.1640625,9509.31723597852,9555.255966587112,58500400,51.3513715378322,9702.778663802432,9642.5390625,9789.5431640625,9768.105078125,9613.4447265625,44.713850218198786,82.48546715871251,0
2024-10-07,9463.3779296875,9532.286021408525,9417.439201873483,9509.316657501517,91867900,44.87180116111808,9687.055743541947,9610.38203125,9761.97998046875,9768.105078125,9618.038606770833,22.95076216042071,70.57852615905415,1
2024-10-08,9555.2548828125,9647.132333608772,9325.561255821814,9371.499981219951,99622900,44.155839853347985,9642.320180771057,9605.7880859375,9702.25947265625,9760.4486328125,9617.27294921875,12.967578180276178,59.05633656329856,1
2024-10-09,9578.224609375,9670.10206366157,9555.255245803355,9555.255245803355,56835200,35.82086995037068,9624.907121179345,9578.2248046875,9665.5083984375,9754.3234375,9619.569856770833,6.830559480815282,48.611181146801904,1
2024-10-10,9647.1328125,9647.1328125,9555.255357142858,9578.224720982143,51080000,41.53845952587614,9615.570618818476,9564.4431640625,9626.460546875,9742.073111979167,9626.46064453125,7.4414634900040255,40.37723761544233,0
2024-10-11,9532.2861328125,9716.041046216114,9532.2861328125,9716.041046216114,44632100,31.745959975651203,9621.883057554782,9573.630859375,9608.0849609375,9717.572395833333,9631.0544921875,-1.3262695090925263,32.036536190535365,1
2024-10-14,9647.1328125,9647.1328125,9532.28599330357,9532.28599330357,31738600,40.32254525206477,9603.963672606325,9555.2552734375,9582.81865234375,9693.071744791667,9635.648372395834,0.9810966861623456,25.825448289660763,1
2024-10-15,9761.9794921875,9761.9794921875,9601.193947610294,9693.071401654412,66635200,43.0769361587453,9612.597500585061,9592.00625,9598.89716796875,9665.5083984375,9641.007877604166,11.939240128329402,23.048206657394495,0
2024-10-16,9624.1640625,9853.85771554296,9624.1640625,9830.888350238663,63255900,43.07690798252269,9642.47389890555,9633.351171875,9605.78798828125,9654.789322916668,9651.726888020834,9.394796979704552,20.317524721856508,1
2024-10-17,9853.857421875,9922.765515734263,9647.133140297205,9693.071869536714,66993300,52.0548001052997,9638.811931624441,9642.5390625,9603.49111328125,9631.820052083332,9660.9146484375,25.617341164061145,21.377488010297437,1
2024-10-18,9876.826171875,9991.672987827034,9853.856808684592,9991.672987827034,56299600,63.93442508691373,9681.821029674553,9683.883984375,9628.757421875,9633.351302083332,9673.930631510417,39.867641124294096,25.07551863309677,0
2024-10-21,9807.9189453125,9968.704501793032,9807.9189453125,9968.704501793032,36472500,54.5454967100381,9720.822058114642,9752.7919921875,9654.0236328125,9639.476432291667,9689.243522135417,45.08120118360057,29.076655143197534,0
2024-10-22,9647.1328125,9739.010267857142,9624.163448660714,9624.163448660714,94799500,50.0,9738.241435554213,9784.94921875,9688.477734375,9660.914518229167,9700.72822265625,35.82590914036882,30.426505942631792,1
2024-10-23,9784.94921875,9784.94921875,9624.16366820716,9624.16366820716,48903000,56.25000415194388,9720.019710943372,9761.9798828125,9697.66552734375,9657.851953125,9707.619010416667,39.16024083993943,32.17325292209332,1
2024-10-24,9830.888671875,9968.704868209696,9830.888671875,9853.858037930782,85341200,56.9230920174773,9733.005612504698,9794.1369140625,9718.33798828125,9667.039713541666,9716.80673828125,44.99102414911795,34.73680716749825,1
2024-10-25,9876.826171875,9876.826171875,9761.979355922966,9784.948719113372,34847500,65.00001771498015,9752.582224378759,9789.5431640625,9736.71357421875,9682.352669270833,9725.228873697917,52.71111336116337,38.33166840623127,0
2024-10-28,9739.0107421875,9945.735026809403,9739.0107421875,9945.735026809403,39061500,56.451659356665,9777.431013878007,9789.5431640625,9771.167578125,9699.196809895833,9733.650944010416,47.165096405658915,40.0983540061168,0
2024-10-29,9647.1328125,9716.040904017857,9647.1328125,9670.102176339286,49680100,52.30770035804971,9769.746959539907,9775.7615234375,9780.35537109375,9717.572330729166,9739.010481770832,34.953138913817384,39.06931098765692,0
2024-10-30,9509.3173828125,9555.256114130434,9440.409285835598,9440.409285835598,114484100,45.58824908606296,9745.224130131926,9775.7615234375,9768.870703125,9723.697526041668,9739.010481770832,13.993216129880238,34.054092016101585,0
2024-10-31,9417.439453125,9624.163733803354,9417.439453125,9486.347546684452,97553400,46.26865387507544,9698.042780668042,9720.63515625,9757.38603515625,9719.1037109375,9730.588411458333,-9.9171361816625,25.25984637654877,1
2024-11-01,9578.224609375,9578.224609375,9440.408427945144,9440.408427945144,47710000,47.826078919478476,9641.922115159434,9637.9453125,9713.74423828125,9703.7908203125,9710.681608072917,-15.711136084648388,17.065649884309337,0
2024-11-04,9532.2861328125,9647.13295368976,9463.378040286145,9578.224861163404,49275700,42.424234615984204,9629.182614002548,9578.225,9683.88408203125,9706.853385416667,9699.962565104166,-23.736158229186913,8.905288261610087,1
2024-11-05,9647.1328125,9716.040904017857,9463.377901785714,9463.377901785714,50296500,50.76921164963194,9609.803317764537,9536.880078125,9656.32080078125,9699.196940104166,9682.352669270833,-20.591512718021477,3.005928065683774,0
2024-11-06,9601.1943359375,9647.133064817584,9532.286242617374,9624.163700377543,50324900,40.35085363843383,9617.269216711631,9536.880078125,9656.32080078125,9691.540494791667,9673.164908854167,-21.557705815763256,-1.9067987106056323,0
2024-11-07,9348.53125,9601.194256756757,9348.53125,9486.347435503683,131579100,32.83581237150038,9614.054240556805,9555.25546875,9637.9453125,9690.0091796875,9660.914615885416,-42.224482695723054,-9.970335507629118,0
2024-11-08,9256.6533203125,9394.469498778692,9233.683957234802,9371.500135700991,92166100,32.352904398018765,9560.949642445445,9541.473828125,9589.7095703125,9656.320768229167,9644.83603515625,-65.2645047540027,-21.029169356903836,0
2024-11-11,9233.6845703125,9233.6845703125,9003.990924284826,9003.990924284826,128707600,35.48386211947387,9500.090378018856,9477.1595703125,9527.69228515625,9614.975911458334,9627.226171875,-84.404314004747,-33.70419828647247,1
2024-11-12,9325.560546875,9394.468629733685,9187.744381157636,9279.621824969212,80378500,33.33323885337229,9446.809216477586,9417.4392578125,9477.15966796875,9576.693619791668,9618.804069010417,-91.10888079729739,-45.185134788637455,0
2024-11-13,9325.560546875,9417.437990686576,9325.560546875,9394.468629733685,62933100,31.0343412071028,9422.55948255707,9353.1248046875,9445.00244140625,9555.25546875,9606.5537109375,-95.32346867411434,-55.21280156573283,0
2024-11-14,9279.6240234375,9348.532122621442,9233.685290648204,9302.593389832147,56381400,27.586166453231257,9403.159695420656,9297.998046875,9426.6267578125,9524.629557291666,9595.834635416666,-101.20364088972019,-64.4109694305303,1
2024-11-15,9348.53125,9440.408707002456,9233.684428746928,9233.684428746928,63598200,34.545375838049395,9378.452561024025,9284.2166015625,9412.84521484375,9487.878580729166,9585.115625,-99.16042280420152,-71.36086010526455,0
2024-11-18,9187.74609375,9302.592919921875,9187.74609375,9256.654189453126,65716200,32.75856002463,9372.468298819222,9302.5921875,9389.87587890625,9452.658919270832,9575.927864583333,-109.25574391607006,-78.93983686742565,0
2024-11-19,9118.8369140625,9210.714364078243,9095.867551558566,9095.867551558566,85295300,34.5453491338327,9335.523857805378,9293.4044921875,9355.421875,9415.907942708332,9566.74013671875,-121.4171324099425,-87.43529597592902,1
2024-11-20,9256.6533203125,9325.561409545597,9187.745231079403,9210.714594157103,58584400,43.85960463081547,9292.186469056804,9252.059765625,9302.59228515625,9380.688216145832,9552.19287109375,-118.5677134104426,-93.66177946283173,0
2024-11-21,9095.0673828125,9233.570947017766,9095.0673828125,9233.570947017766,93181200,31.55958556561319,9285.079839307944,9238.2783203125,9268.13818359375,9363.8439453125,9541.473828125,-127.87410991042816,-100.50424555235102,0
2024-11-22,9095.0673828125,9187.403092282677,9095.0673828125,9164.319164915132,58396100,32.70647765460234,9247.077348008856,9201.3669921875,9242.791796875,9342.352473958334,9523.071647135417,-133.70819138579645,-107.14503471904013,1
2024-11-25,9395.158203125,9418.242129914004,9141.235008445943,9187.402862023955,165369400,41.30735644885253,9216.675354969586,9150.67421875,9226.633203125,9310.1419921875,9508.497688802083,-112.81644401096128,-108.27931657742437,0
2024-11-26,9233.5703125,9464.4095703125,9233.5703125,9464.4095703125,62310100,38.2548601772783,9252.37192460067,9192.156640625,9242.78056640625,9301.000130208333,9500.09853515625,-108.05281048781762,-108.23401535950303,0
2024-11-28,9233.5703125,9302.82208984375,9164.31853515625,9210.48638671875,57443500,45.620007768793556,9248.611602180536,9215.1033203125,9233.58154296875,9273.429296875,9482.484895833333,-103.0892479213926,-107.20506187188094,0
2024-11-29,9233.5703125,9325.906015625,9187.4024609375,9233.5703125,76886000,49.05433464959132,9245.603344244428,9210.48671875,9224.38251953125,9248.921028645833,9469.465104166668,-98.02561060671178,-105.36917161884712,0
2024-12-02,9002.73046875,9279.737560096157,9002.73046875,9233.56971153846,87879600,41.9152682011329,9243.196737895541,9238.1873046875,9219.7771484375,9241.256966145833,9448.7888671875,-111.35584684898095,-106.56650666487388,1
2024-12-03,9418.2412109375,9441.325135474111,9141.23411649816,9256.65373918122,126087100,52.645041825133205,9195.103484066432,9219.719921875,9185.1970703125,9224.328776041666,9419.65234375,-87.38459556116868,-102.73012444413285,0
2024-12-04,9418.2412109375,9464.409060010725,9279.737663717831,9395.157286400889,97876300,52.645041825133205,9239.731029440647,9224.3365234375,9208.24658203125,9236.632552083332,9406.6630859375,-67.60786483070478,-95.70567252144724,1
2024-12-05,9464.41015625,9556.745865091463,9441.326229039634,9464.41015625,96904400,55.27296844651402,9275.433065740019,9261.270703125,9238.18701171875,9242.811263020832,9399.033365885416,-47.65982244053339,-86.09650250526448,0
2024-12-06,9302.822265625,9395.157970494727,9279.738339407568,9325.90619184243,68247200,48.7611954519469,9313.228483842016,9307.438671875,9258.9626953125,9252.067903645833,9388.34873046875,-44.378084521560595,-77.75281890852371,1
2024-12-09,9556.744140625,9556.744140625,9233.56921799517,9256.653141040157,64458400,59.519977506031644,9311.147240198614,9321.2890625,9279.73818359375,9253.614453125,9370.746516927084,-21.045313109014387,-66.41131774862184,0
2024-12-10,9556.744140625,9556.744140625,9487.492371490036,9533.660217580013,61230400,61.71432243677928,9360.266620283892,9432.091796875,9325.905859375,9267.4953125,9360.077115885417,-2.524819117885272,-53.634018022474535,1
2024-12-11,9625.99609375,9625.99609375,9441.324705860312,9441.324705860312,37934300,60.256410951756706,9399.562124352113,9459.7923828125,9342.064453125,9292.095182291667,9354.0015625,17.53868461867387,-39.399477494244856,0
2024-12-12,9395.158203125,9579.82961743704,9395.158203125,9510.577837070025,44780100,58.02468619968005,9444.848918231692,9501.343359375,9381.30703125,9325.905794270833,9353.297005208333,14.64366425280241,-28.590849144835403,0
2024-12-13,9279.73828125,9441.325763759329,9256.65435517724,9348.990059468284,75126400,54.651149634776175,9434.910775210354,9487.49296875,9397.4658203125,9335.139453125,9349.49169921875,3.0013193236682127,-22.272415451134684,1
2024-12-16,9325.90625,9348.990176361389,9233.570544554455,9233.570544554455,57746100,47.999995487481705,9403.876276418283,9482.876171875,9402.0826171875,9347.450846354166,9344.90166015625,-2.4714641743557877,-18.312225195778904,0
2024-12-17,9141.234375,9279.737926136364,9141.234375,9187.402225378788,99845900,47.368415193233005,9388.282271134627,9436.70859375,9434.4001953125,9362.840104166668,9336.491048177084,-21.462752223527787,-18.94233060132868,0
2024-12-18,9048.8984375,9256.653758769133,9048.8984375,9141.234135841836,84868500,44.99998942378675,9338.872691907702,9353.606640625,9406.69951171875,9345.911848958332,9323.455989583334,-43.46320651021779,-23.846505783106505,0
2024-12-19,8933.4794921875,9025.815197533107,8818.059860505491,8956.563418523901,104254100,42.35294703181575,9280.877841026162,9238.187109375,9369.765234375,9333.600390625,9303.51484375,-69.41193178528556,-32.95959098354232,0
2024-12-20,8910.3955078125,9002.731212556671,8887.311581626458,8910.3955078125,91576900,47.36844156053801,9211.39817125843,9145.8513671875,9316.67216796875,9313.5943359375,9281.257682291667,-90.7925679277414,-44.52618637238214,1
2024-12-23,9025.8154296875,9095.06721047794,8956.56364889706,8956.56364889706,43292100,36.50796741852953,9151.197638569243,9071.9828125,9277.4294921875,9292.049348958333,9266.653157552084,-97.30181822678787,-55.08131274326329,0
2024-12-24,9002.73046875,9141.234014423077,9002.73046875,9095.066165865384,32415700,35.93750516416594,9126.121196792894,9011.9646484375,9224.33662109375,9293.588346354167,9258.958561197916,-103.13434092074749,-64.69191837876014,1
2024-12-27,9048.8984375,9071.98236208546,8979.646663743622,9048.8984375,24016700,35.93746281798063,9101.443051184317,8984.2638671875,9168.93525390625,9265.887630208334,9251.260091145834,-102.84574619754676,-72.32268394251747,0
2024-12-30,8933.4794921875,9071.98305020591,8933.4794921875,9048.899123869507,56350100,37.096764288653205,9090.934128447454,8984.2638671875,9111.22548828125,9241.264778645833,9242.038020833334,-110.65481723765879,-79.98911060154573,1
2025-01-02,9141.234375,9141.234375,8910.39512310606,8910.39512310606,38124800,35.000028203255226,9059.443201195463,8984.2638671875,9065.0576171875,9205.869401041668,9228.96865234375,-98.93897264600673,-83.77908301043794,0
2025-01-03,9095.0673828125,9164.319164915132,9071.983455444955,9095.0673828125,41916000,33.87101506532356,9075.801435956371,9030.431640625,9051.2072265625,9195.096875,9224.3556640625,-92.31521944931592,-85.48631029821354,0
2025-01-06,8933.4794921875,9118.150902878717,8910.395565851099,9095.066976542312,41593900,27.272750581211625,9079.654625327597,9044.28203125,9028.12333984375,9164.318424479166,9215.906868489583,-98.96384603225852,-88.18181744502255,0
2025-01-07,8794.9755859375,8979.646989316765,8794.9755859375,8933.479138471948,71318600,29.03224926017687,9050.419598699578,9030.4318359375,9007.3478515625,9122.767447916667,9207.431315104166,-114.09383549430822,-93.36422105487968,1
2025-01-08,8933.4794921875,9025.815197533107,8841.143786841893,8933.4794921875,55943100,38.09524768817431,8999.330796147162,8979.647265625,8981.95556640625,9067.366080729167,9196.6359375,-113.59885653444144,-97.41114815079203,1
2025-01-09,9095.0673828125,9118.151310180045,8979.647745974778,9002.731673342321,42733800,42.647076206574546,8986.16053535523,8979.647265625,8981.95556640625,9036.5875,9185.8634765625,-99.02627654127537,-97.7341738288887,0
2025-01-10,8979.646484375,9164.317877369858,8979.646484375,9048.898256748073,72531300,44.615377606302246,9007.941904846684,8970.4138671875,9000.42275390625,9024.276106770832,9185.8634765625,-95.68787355542008,-97.32491377419498,0
2025-01-13,8933.4794921875,8979.647344860303,8887.311639514695,8887.311639514695,88270100,46.03177161290929,9002.282820752347,8947.3296875,8995.805859375,9001.192122395832,9182.01611328125,-95.66469254663934,-96.99286952868387,0
2025-01-14,8794.9755859375,8979.646989316765,8794.9755859375,8864.227362204725,70942600,45.31249380300496,8988.522155039378,8947.3296875,8988.88076171875,8987.341796875,9166.626822916667,-105.60507951928594,-98.71531152680429,1
2025-01-15,9048.8984375,9048.8984375,8818.059191645409,8841.143116230867,77098000,54.05403242265504,8949.812841219002,8947.3296875,8963.4884765625,8970.413606770833,9152.006998697916,-91.93370133025564,-97.35898948749457,0
2025-01-16,9002.73046875,9164.317938701925,9002.73046875,9095.066165865384,76979000,49.295743596924254,8969.629960475202,8970.4134765625,8975.03037109375,8978.108203125,9145.85126953125,-83.8577449704153,-94.65874058407873,1
2025-01-17,9141.234375,9141.234375,8910.39512310606,9002.730823863636,71033100,53.9473772101505,8976.250062130162,8951.94609375,8961.17998046875,8984.2638671875,9138.156608072917,-65.52604025862638,-88.83220051898826,0
2025-01-20,8887.3115234375,9118.150783786528,8887.3115234375,9095.066857751624,112111200,45.882367579539384,9009.24692470413,8984.263671875,8965.7966796875,8991.958463541667,9142.773404947917,-70.67281201638616,-85.20032281846784,0
2025-01-21,8841.1435546875,8933.479257608518,8818.059628957246,8864.227480417754,124547900,47.56097057646035,8984.859844450804,8975.030078125,8961.1798828125,8984.2638671875,9125.075748697916,-77.58270976658059,-83.6768002080904,1
2025-01-22,8864.2275390625,8933.479316711426,8841.143613179524,8910.39539082845,90154800,41.89190657034122,8956.116586498145,8984.263671875,8965.7966796875,8970.413541666667,9105.83916015625,-80.2708564325003,-82.99561145297238,0
2025-01-23,8864.2275390625,9002.731094360352,8864.2275390625,8864.2275390625,120515400,43.055547394904856,8937.738777011016,8947.3294921875,8958.871484375,8965.796744791667,9085.833072916666,-81.46218665300694,-82.68892649297929,0
2025-01-24,8633.3876953125,8910.394787140709,8633.3876953125,8887.31086282169,152057000,41.33332355622141,8923.036529421313,8919.62890625,8935.7875,8947.329622395833,9071.213248697917,-99.88179545365347,-86.12750028511414,0
2025-01-30,8448.716796875,8564.136425247609,8448.716796875,8448.716796875,154645800,40.25975167612298,8865.106762599551,8818.0595703125,8901.16162109375,8916.5509765625,9040.434700520833,-127.90644045255249,-94.48328831860181,1
2025-01-31,8725.724609375,8771.892464451059,8517.969261532739,8541.053189070768,112982800,44.57833044760037,8781.828769454642,8730.340625,8852.6853515625,8884.233463541666,9003.500455729167,-126.3079585804353,-100.8482223709685,0
2025-02-03,8633.3876953125,8679.555543950535,8517.968073717413,8679.555543950535,90439900,37.49998677974742,8770.607937438714,8707.2568359375,8845.76025390625,8879.616731770833,8973.49140625,-130.98208748241632,-106.87499539325808,0
2025-02-04,8471.7998046875,8679.555113249318,8471.7998046875,8633.387266902248,94607700,36.5853708869517,8743.16388901347,8661.0888671875,8804.2091796875,8859.610611979168,8948.099055989584,-146.0416830254817,-114.7083329197028,0
2025-02-05,8425.6328125,8471.800663527398,8402.548886986302,8402.548886986302,98229900,36.5853708869517,8688.891072148277,8582.6033203125,8751.11611328125,8818.059440104167,8921.1677734375,-159.85905574198114,-123.73847748415847,0
2025-02-06,8264.044921875,8402.548468051677,8171.709224423882,8379.464543688897,171477800,36.144582611900084,8636.239420218622,8541.05234375,8679.55595703125,8781.1251953125,8891.158658854167,-181.75307913676443,-135.34139781467968,1
2025-02-07,8633.3876953125,8633.3876953125,8148.625284613135,8264.044906208223,131162200,39.77273655968513,8561.800520549898,8504.11796875,8617.229296875,8736.496223958333,8861.919010416666,-167.37201492243003,-141.74752123622977,0
2025-02-10,8448.716796875,8541.052499573087,8333.297168502391,8333.297168502391,76209100,37.23406457698761,8576.11795550242,8485.6505859375,8596.4537109375,8725.723697916666,8848.06865234375,-168.92900762219688,-147.1838185134232,0
2025-02-11,8379.4658203125,8402.549748192148,8310.214036673553,8333.297964553203,71188300,31.868159454927437,8550.637723776936,8448.71640625,8554.90263671875,8685.711588541666,8831.909895833332,-173.7480512281727,-152.4966650563731,1
2025-02-12,8448.716796875,8448.716796875,8264.045391478825,8264.045391478825,121172600,38.554213182911475,8516.403343084048,8430.249609375,8506.42646484375,8644.160611979167,8814.212239583334,-170.019325994499,-156.0011972439983,0
2025-02-13,8310.2138671875,8448.717431640625,8310.2138671875,8402.549576822916,90439700,36.781619256017514,8502.866033842238,8434.86640625,8487.959375,8597.9927734375,8794.975618489583,-176.20908464980312,-160.04277472515926,0
2025-02-14,8287.12890625,8379.464604369778,8264.044981720055,8310.212830779943,116274500,35.632173288512874,8464.335600511291,8444.1001953125,8474.10908203125,8559.519596354166,8771.891731770833,-180.89206527048555,-164.21263283422454,1
2025-02-17,8610.3037109375,8610.3037109375,8287.12877272537,8287.12877272537,89096400,44.55444176001662,8428.894261659032,8374.8484375,8430.24951171875,8522.585286458334,8746.4994140625,-156.7192928441491,-162.71396483620947,0
2025-02-18,8587.2197265625,8841.142890519994,8541.051878570228,8610.303650558635,107318300,48.91304047933269,8465.176151514726,8407.1658203125,8427.94111328125,8505.65703125,8735.726888020834,-137.83599362443601,-157.73837059385477,0
2025-02-19,8264.044921875,8541.052014228351,8264.044921875,8517.968089865572,154438200,45.91835677512543,8489.584866524281,8448.7166015625,8439.48310546875,8487.18984375,8717.259733072917,-147.25093171939625,-155.64088281896306,1
2025-02-20,8310.2138671875,8333.297794596354,8264.046012369792,8287.129939778646,119260800,39.77272672643512,8444.476877594425,8411.7822265625,8423.32431640625,8462.5669921875,8689.558984375,-149.26624163531233,-154.36595458223292,0
2025-02-21,8310.2138671875,8310.2138671875,8240.962084960936,8264.046012369792,106054700,41.66669184814962,8417.62427551304,8411.7822265625,8427.9412109375,8453.333463541667,8668.783463541668,-149.14414835991556,-153.32159333776946,0
2025-02-24,8240.9619140625,8287.129767922794,8194.794060202206,8240.9619140625,108530300,43.75003305070136,8396.142193847933,8416.39921875,8395.623828125,8425.632747395834,8652.624739583332,-152.87321515001895,-153.23191770021936,0
2025-02-25,8148.6259765625,8310.213460516998,8148.6259765625,8217.877755400143,101592700,42.68293375005353,8365.106137890845,8342.530859375,8374.84833984375,8399.471028645834,8629.5408203125,-161.41853354511113,-154.8692408691977,0
2025-02-26,8102.45751953125,8217.877142316596,8056.289670417112,8125.541444088319,117843500,45.45454795188124,8321.810105625176,8254.812109375,8351.76435546875,8377.926106770834,8597.9927734375,-169.95700995920015,-157.8867946871982,0
2025-02-27,7871.6181640625,8125.541330645161,7848.534239827713,8125.541330645161,199991600,26.760567576360273,8277.939588406392,8222.49462890625,8317.138427734375,8356.381087239582,8568.753141276042,-193.12440291407984,-164.93431633257453,0
2025-02-28,7779.283203125,8010.122467312685,7779.283203125,7871.618908800075,293095000,28.358217436931014,8196.675303537615,8134.77548828125,8273.278857421876,8330.219303385416,8533.357763671875,-216.44039823369803,-175.23553271279926,1
2025-03-03,8125.5419921875,8217.877696644176,7894.70273104581,7940.870583274148,192944300,43.03795977076124,8113.196883455093,8028.58935546875,8222.494287109375,8273.27900390625,8499.501350911458,-204.6195749465469,-181.1123411595488,1
2025-03-04,8171.71044921875,8240.962232686707,8010.122954460187,8217.878304864054,125418500,42.30772255522203,8115.665905201575,8005.50537109375,8174.018115234375,8251.734016927083,8468.722802734375,-189.34344531512943,-182.75856199066496,1
2025-03-05,8310.2138671875,8471.80135904948,8148.626375325521,8148.626375325521,155207900,50.0,8126.87481400501,8010.122265625,8132.4671875,8237.883658854167,8441.022135416666,-164.16850191619687,-179.04054997577134,0
2025-03-06,8287.12890625,8494.884227019498,8287.12890625,8494.884227019498,96270100,50.0,8163.542624641508,8051.67353515625,8137.08408203125,8228.650130208332,8413.321451822916,-144.41521263949653,-172.11548250851638,0
2025-03-07,8240.9619140625,8310.21369485294,8240.9619140625,8310.21369485294,82295300,37.878836438036906,8188.259880963207,8134.77568359375,8134.7755859375,8227.1111328125,8393.315364583334,-130.97606842183268,-163.88759969117964,0
2025-03-10,8240.9619140625,8287.129767922794,8056.290498621323,8079.37442555147,97652100,38.46158852641252,8198.800287583066,8227.11142578125,8127.850390625,8224.033333333333,8373.309309895832,-118.95421960831482,-154.9009236746067,0
2025-03-11,8240.9619140625,8356.381548713236,8194.794060202206,8264.045840992647,109295600,49.01964850518897,8207.232612878954,8250.19541015625,8127.850390625,8199.410546875,8352.5337890625,-108.17978854805551,-145.55669664929647,1
2025-03-12,8425.6328125,8425.6328125,8287.129259417808,8333.297110445206,87968900,54.38593756842069,8213.978473115663,8264.045703125,8137.083984375,8176.326692708333,8331.758268229167,-83.77388298676487,-133.20013391679015,0
2025-03-13,8287.12890625,8471.800302489553,8287.12890625,8448.71637795961,83030700,49.20631403224972,8256.309340992531,8287.1294921875,8169.401513671875,8187.09921875,8324.83310546875,-74.74650353860852,-121.50940784115383,0
2025-03-14,8079.3740234375,8240.96150390625,8079.3740234375,8125.541875,111397800,44.927523791889485,8262.473254044025,8287.1294921875,8210.952587890624,8185.560221354167,8319.446842447916,-83.39499743135275,-113.88652575919363,0
2025-03-17,7940.8701171875,8102.457590502362,7894.702267668968,8079.373665743096,151365700,43.66195672510299,8225.853407922721,8254.8119140625,8240.961669921875,8170.1708984375,8297.901822916667,-100.2692572768774,-111.1630720627304,0
2025-03-18,7663.86279296875,7894.702033720821,7456.107476291887,7848.534185570407,417305700,38.27160042472004,8168.856749775678,8194.7935546875,8222.494482421875,8150.164778645833,8274.817903645833,-134.44461199635498,-115.81938004945532,1
2025-03-19,7686.94677734375,7756.198550112613,7594.6110803186,7663.862853087463,214108200,44.444444444444436,8067.857958414292,8079.37373046875,8171.709716796875,8117.847233072916,8247.886669921874,-157.8465850372977,-124.22482104702381,1
2025-03-20,7733.115234375,7825.450938666045,7710.031308302238,7802.367012593283,152917300,48.57142598133631,7991.675722200184,7931.6365234375,8109.3830078125,8090.146516927083,8223.263802083333,-170.69968888127187,-133.51979461387344,0
2025-03-21,7518.966796875,7875.879777739319,7518.966796875,7875.879777739319,377916400,29.559602099809396,7939.963624635147,7820.8337890625,8053.981640625,8080.91298828125,8205.566145833332,-195.90755512505712,-145.99734671611017,1
2025-03-24,7566.5556640625,7709.320865271226,7257.231061443593,7447.584663055228,331836800,29.626970263944614,7855.764259083118,7708.75234375,7981.78212890625,8063.558561197917,8168.418782552083,-209.62848023984407,-158.72357342085695,1
2025-03-25,7661.732421875,7756.909222146739,7614.14402173913,7685.526621942934,136341700,27.51231997529233,7797.922540078995,7633.889453125,7914.34150390625,8026.292805989583,8139.013411458333,-210.3971163277556,-169.0582820022367,1
2025-03-26,8113.82177734375,8232.792771146444,7875.879789738362,7899.6739884989,283104600,45.36825899007942,7770.684516438196,7633.46337890625,7856.4185546875,7992.294270833333,8115.08896484375,-172.53752802502004,-169.75413120679337,0
2025-03-27,8090.02734375,8161.409937959558,7971.056353400735,8018.644749540441,122943900,45.91735764229167,7839.311968619307,7718.83837890625,7825.237451171875,7979.20146484375,8103.925797526042,-142.80734923662385,-164.3647748127595,0
2025-04-08,7399.99560546875,7614.143388263666,6924.111643702271,7043.082634143892,533073600,33.43591282378274,7889.4550436454465,7790.22080078125,7805.527294921875,7966.061360677083,8096.586246744791,-172.9323068096137,-166.07828121213035,1
2025-04-09,7542.76123046875,7566.555429933951,7304.819235816739,7328.61343528194,136753900,36.980127944691944,7791.563156010108,7766.4265625,7737.589453125,7909.996940104166,8067.01513671875,-183.17503218093407,-169.4976314058911,1
2025-04-10,7828.29150390625,8232.792888606573,7780.703105706212,8090.02769400646,144148600,39.26474580977104,7741.802770901837,7761.66767578125,7697.778564453125,7863.450227864583,8031.430387369792,-166.3351509619588,-168.86513531710463,1
2025-04-11,7875.8798828125,7923.46828089596,7661.732091436934,7804.497285687311,82603000,42.35946661286542,7759.10051750272,7794.9794921875,7714.221435546875,7835.9388671875,8006.132779947917,-147.44973059602944,-164.5820543728896,1
2025-04-14,7994.85107421875,7994.85107421875,7852.085876464844,7852.085876464844,83319300,48.37608810061887,7782.456390564676,7747.39111328125,7733.11474609375,7799.288671875,7993.1939453125,-121.48254289691249,-155.96215207769418,1
2025-04-15,8161.41064453125,8185.204844661078,8042.439643882106,8161.41064453125,83431800,54.19198173175928,7824.935327295491,7728.355859375,7759.288330078125,7779.803483072917,7982.681852213542,-86.46666039664342,-142.06305374148403,0
2025-04-16,8066.2333984375,8137.615994883849,8018.6450008066,8090.02759725295,76874900,58.21609069799207,7892.230390742644,7880.6388671875,7823.53271484375,7785.272591145834,7977.721744791666,-65.63967624127054,-126.77837824144133,1
2025-04-17,8090.02734375,8090.027343749999,7947.262155330882,8042.438947610293,83540600,58.228201881890364,7927.030992281616,7985.33330078125,7873.50048828125,7793.630143229167,7971.8974609375,-46.67611551066511,-110.7579256952861,0
2025-04-21,7899.673828125,8090.02741434488,7899.673828125,8090.02741434488,40683800,53.210991729469114,7959.630262575292,8037.68046875,7916.32998046875,7822.04111328125,7969.944173177083,-46.471599198815966,-97.90066039599208,1
2025-04-22,8090.02734375,8090.027343749999,7923.467957261029,7923.467957261029,56537100,61.111102666249664,7947.638975685234,8042.4392578125,7894.915185546875,7836.222916666667,7963.184716796875,-30.59687891376234,-84.43990409954614,1
2025-04-23,8304.17578125,8304.17578125,8137.616381626074,8137.616381626074,92329600,63.478254507663436,7976.116649298188,8061.47451171875,7894.915185546875,7860.017057291667,7970.465022786459,-0.7276713808705608,-67.69745755581103,0
2025-04-24,8066.2333984375,8423.146380669248,8066.2333984375,8423.146380669248,143675300,57.02478259601289,8041.728475688551,8090.0275390625,7985.333203125,7912.364322916666,7987.961442057292,3.701263201232905,-53.41771340440224,1
2025-04-25,8185.20458984375,8232.792988621912,8161.41039045467,8232.792988621912,58297000,51.40187220593115,8046.6294602383405,8090.0275390625,8037.680419921875,7945.676171875,7985.984488932291,16.619625926727167,-39.41024553817637,1
2025-04-28,8351.763671875,8351.763671875,8232.792679398148,8327.96947337963,73235400,54.86725631574895,8074.3444861594235,8109.06298828125,8073.371728515625,7980.57431640625,7986.434293619792,39.83821721641107,-23.560552987258884,0
2025-04-29,8304.17578125,8399.3525810351,8280.381581303725,8375.558381088826,60315700,72.09302603042312,8129.8283233025395,8199.48095703125,8120.960107421875,7996.437109375,7987.819287109375,53.779239433783005,-8.092594503050506,1
2025-04-30,8399.3525390625,8494.52933837199,8256.587340098265,8375.558339235127,164597500,71.42856793860308,8164.6978148920325,8242.31064453125,8151.892578125,8010.713671875,7988.387516276041,71.68127182920216,7.862178763400027,1
2025-05-02,8542.1171875,8565.911385793872,8423.14619603064,8565.911385793872,92219000,69.230759111924,8211.628759726127,8261.34599609375,8175.686767578125,8077.337467447916,7993.667203776042,96.27883301915608,25.545509614551243,0
2025-05-05,8542.1171875,8613.499782381616,8542.1171875,8565.911385793872,86385600,68.4210426837171,8277.726445280901,8356.52275390625,8223.275146484375,8143.961197916667,8003.705712890625,114.4532318657657,43.32705406479414,1
2025-05-06,8589.7060546875,8613.500254284972,8542.117655492555,8613.500254284972,48860500,67.12328266516816,8330.604593724722,8427.9052734375,8268.484130859375,8191.549576822917,8013.744222005208,131.1843858162074,60.898520415076796,1
2025-05-07,8637.294921875,8661.089122761708,8565.912319214876,8637.294921875,77382000,64.70588412811509,8382.424885917279,8475.49375,8337.487353515626,8239.13798828125,8019.213330078125,146.5941239197873,78.0376411160189,0
2025-05-08,8542.1171875,8756.264972144847,8494.528790912256,8637.293980675488,99614500,64.70586460120748,8433.398893108824,8542.117578125,8392.214111328125,8281.967578125,8030.885530598958,149.4041664277811,92.31094617837135,1
2025-05-09,8565.912109375,8613.500509982638,8542.11790907118,8613.500509982638,47167500,64.70588590328578,8455.142551987059,8570.6705078125,8416.008251953124,8307.348014322917,8046.310302734375,151.8013255060905,104.20902204391518,1
2025-05-14,8827.6484375,8851.44263814016,8708.677434299192,8803.85423685984,149002900,77.46477326328835,8477.296463464649,8575.4294921875,8465.976123046876,8340.659928385418,8067.145035807292,172.82876320412652,117.93297027595744,0
2025-05-15,8827.6484375,8946.619440700808,8803.85423685984,8827.6484375,101401300,74.60316322847869,8547.36685827172,8632.5357421875,8530.2205078125,8389.83466796875,8105.937890625,187.33369287405185,131.81311479557633,1
2025-05-16,8851.44140625,8875.235603578629,8780.058814264114,8851.44140625,63007500,70.9090434224567,8603.423174117377,8680.12421875,8577.808984375,8451.699641927084,8143.961279296875,198.46111171374832,145.14271417921074,1
2025-05-19,9041.794921875,9041.794921875,8803.85295024671,8827.64714740954,111597200,88.6792131390264,8653.026820543902,8722.953515625,8632.535546875,8502.460579427083,8181.238818359375,220.10240564982087,160.13465247333278,0
2025-05-20,9018.001953125,9208.35555635719,9018.001953125,9041.796153529023,160614800,85.71433955958494,8730.780440810122,8822.8890625,8696.77978515625,8551.635188802084,8231.999755859375,232.65153124759854,174.63802822818593,1
2025-05-21,9232.1494140625,9255.943613583278,9089.384216937822,9232.1494140625,169739200,86.27456187576803,8788.224743273098,8913.30703125,8744.36826171875,8615.08642578125,8280.381298828124,256.9151560927512,191.09345380109897,0
2025-05-22,9184.5615234375,9327.326728465026,9184.5615234375,9327.326728465026,103113000,86.27456187576803,8877.009677430979,8994.2072265625,8813.371484375,8684.882747395834,8332.728531901043,269.201125524507,206.71498814578058,1
2025-05-23,9208.35546875,9232.149668927648,9160.767068394702,9208.35546875,48521800,85.41671832555102,8938.520046632282,9065.58984375,8872.85703125,8740.402604166668,8368.419856770834,277.65715846007515,220.90342220863948,0
2025-05-26,9160.7666015625,9184.560800527595,9041.795606737012,9136.972402597405,56625300,79.5454778648056,8992.487131055826,9136.97265625,8929.9630859375,8800.68125,8405.6974609375,277.3218084378277,232.18709945447713,0
2025-05-27,8994.2080078125,9136.973214285714,8994.2080078125,9089.384812127975,93212000,68.62751251984707,9026.143025157162,9160.7669921875,8991.82802734375,8851.4421875,8464.389827473959,260.6119818997395,237.8720759435296,0
2025-05-28,8946.619140625,9089.384339677526,8946.619140625,8994.207540309175,236950800,64.70590128815806,9019.75602168823,9156.008203125,9034.6576171875,8881.581575520833,8512.77138671875,240.75403743585412,238.44846824199453,0
2025-06-02,8661.087890625,8732.470483130151,8589.705298119849,8589.705298119849,264428700,50.819630217724786,9005.128645475585,9098.9021484375,9046.5546875,8908.548372395833,8550.048974609375,199.6747614321157,230.69372688001877,0
2025-06-03,8613.5009765625,8684.883581340642,8518.324170191643,8613.5009765625,128318100,52.54242122170614,8936.320494505468,8994.207421875,9029.8986328125,8913.307161458333,8576.222574869791,161.4185405189928,216.8386896078136,0
2025-06-04,8542.1171875,8684.882377263231,8518.322989206128,8661.08817896936,93357200,49.18030139718142,8871.756590916873,8875.2365234375,9006.10458984375,8911.7208984375,8596.84423828125,123.91175702345208,198.2533030909413,0
2025-06-05,8494.529296875,8613.500295430673,8470.735097163866,8565.911896008403,95529000,36.53840993220152,8805.8287102335,8751.506640625,8956.13681640625,8911.7208984375,8609.534456380208,89.3178156363665,176.46620560002634,1
2025-06-10,8661.087890625,8661.087890625,8518.322705614697,8542.116903116415,80406400,44.06773765848188,8743.5688275618,8651.5708984375,8903.78955078125,8906.962044270833,8623.810986328124,74.48315888709476,156.06959625744003,0
2025-06-11,8613.5009765625,8684.883581340642,8613.5009765625,8661.089379747928,56632600,41.66669516817371,8727.07264017444,8594.4646484375,8846.6833984375,8895.8580078125,8642.846337890625,58.21564653567657,136.49880631308736,1
2025-06-12,8684.8828125,8684.8828125,8565.911815068494,8565.911815068494,41337300,36.363616012130585,8704.358307452052,8584.947265625,8789.57734375,8881.581510416667,8666.640576171874,50.50129589028256,119.29930422852641,0
2025-06-13,8589.7060546875,8684.88285307739,8542.117655492555,8661.088653479917,83318000,34.48270249883066,8700.463208461642,8599.2236328125,8737.230078125,8870.477604166666,8686.469091796875,36.28932771423024,102.69730892566719,0
2025-06-16,8494.529296875,8565.911896008403,8470.735097163866,8494.529296875,57825000,20.754633698711814,8678.311777706815,8608.74140625,8680.1240234375,8840.338346354167,8695.986767578124,17.148593303914822,85.58756580131673,1
2025-06-17,8637.294921875,8661.089122761708,8542.118118328168,8542.118118328168,54927900,29.82451971714056,8641.555281540452,8608.74140625,8630.15615234375,8805.440169270832,8710.263297526042,13.34557667698391,71.13916797645017,0
2025-06-18,8470.734375,8589.70536341292,8470.734375,8518.322770365168,86270200,25.396772659461504,8640.703209607362,8603.9828125,8599.22373046875,8765.783203125,8725.332975260417,-3.0729623304632696,56.296741915067486,0
2025-06-19,8351.763671875,8494.528862847223,8327.96947337963,8470.734664351852,78879500,24.242384670155246,8606.70944268589,8575.4294921875,8580.18837890625,8718.1947265625,8729.298665364584,-25.392010949341056,39.958991342185776,0
2025-06-20,8280.380859375,8446.940244477371,8208.9982657597,8280.380859375,445915100,25.80639395754794,8555.720288523713,8508.8056640625,8554.0146484375,8661.088606770832,8730.884928385416,-48.28343281940943,22.310506509866734,0
2025-06-23,8208.9990234375,8280.381623641304,8090.028023097826,8161.41062330163,87324500,25.39678920449326,8500.65240269397,8446.940625,8527.841015625,8602.396223958332,8726.919205729168,-71.36234646396952,3.5759359150994854,1
2025-06-24,8351.763671875,8423.146267361111,8280.381076388889,8304.17527488426,110158900,38.59647354293153,8442.321726842676,8389.8345703125,8499.28798828125,8550.048958333333,8715.815266927084,-77.24223737607463,-12.587698743135338,0
2025-06-25,8185.20458984375,8351.763985567315,8066.233592898347,8304.175586789153,117561000,35.48381865079351,8424.210115849142,8332.7283203125,8468.35556640625,8510.391927083334,8709.470149739584,-94.25550047635807,-28.921259089779888,1
2025-06-26,8232.79296875,8232.79296875,8113.821972091762,8113.821972091762,117281700,39.344247404756985,8376.409010648063,8275.62236328125,8425.525927734376,8478.666373697917,8695.986767578124,-102.71461939743494,-43.6799311513109,1
2025-06-30,8256.5869140625,8399.352105660122,8137.615921064482,8161.410119664085,185441800,41.66663246488161,8347.68580226845,8251.82822265625,8380.316943359376,8453.28583984375,8682.503369140624,-106.27350474488776,-56.19864587002628,1
2025-07-01,8280.380859375,8351.763452990303,8185.204067887931,8327.969255118534,82364500,35.18515703557213,8329.466024627262,8247.06943359375,8347.005029296875,8434.25048828125,8672.985693359375,-105.95261865605607,-66.14944042723224,0
2025-07-02,8256.5869140625,8256.5869140625,8161.410119664085,8161.410119664085,68545100,35.84899450732834,8319.64899157681,8261.34580078125,8325.590185546875,8419.97392578125,8663.467985026042,-106.39186743012215,-74.19792582781022,0
2025-07-03,8185.20458984375,8327.969786178235,8185.20458984375,8280.381387400073,50370800,30.188658059445203,8307.036576073948,8242.31044921875,8287.519384765625,8393.007194010417,8644.432600911457,-111.21788173574168,-81.60191700939652,1
2025-07-04,8232.79296875,8280.381367413294,8137.61617142341,8232.79296875,43593300,35.294098711841926,8282.670178827908,8242.31044921875,8258.96640625,8364.4541015625,8623.017805989582,-109.93528286886794,-87.2685901812908,0
2025-07-07,8208.9990234375,8232.793223505434,8137.616423233695,8208.9990234375,49936900,37.49998931195496,8272.694736812326,8242.31044921875,8247.0693359375,8334.314778645834,8602.39619140625,-109.57566648392276,-91.73000544181721,0
2025-07-08,8090.02734375,8185.2041360294115,8018.644749540441,8137.615739889706,215611000,25.531844291569968,8259.955594137362,8232.79287109375,8239.93115234375,8308.934309895832,8574.636328125,-117.5358085336502,-96.89116606018382,0
2025-07-09,8090.02734375,8137.615739889706,8042.438947610293,8090.027343749999,94459300,29.999958957857928,8225.96994405989,8194.72216796875,8228.033984375,8281.967513020832,8543.703841145832,-122.43294764914936,-101.99952237797693,1
2025-07-10,8185.20458984375,8232.792988621912,8090.0277922874275,8113.821991676508,111769400,41.02564237482288,8198.781423997912,8161.41025390625,8201.8603515625,8245.4830078125,8505.63310546875,-117.28200341992306,-105.05601858636616,1
2025-07-11,8208.9990234375,8256.58742357337,8161.41062330163,8161.41062330163,135986500,45.945981921503076,8196.06605716708,8161.41025390625,8201.8603515625,8226.447688802084,8472.321207682291,-110.0116848519956,-106.04715183949205,0
2025-07-14,8113.82177734375,8256.586969906983,8042.439181062134,8232.792771146444,125196000,44.73681510390931,8198.652650421165,8156.65146484375,8199.48095703125,8216.930045572917,8439.009326171876,-110.65435876947959,-106.96859322548956,1
2025-07-15,8137.6162109375,8185.204609831871,8066.233612595944,8185.204609831871,77219300,36.36366462949006,8181.686475805683,8137.616015625,8185.204443359375,8205.826106770834,8404.111165364584,-107.99872843217418,-107.17462026682648,0
2025-07-16,8113.82177734375,8185.204373625366,8090.027578583211,8137.615976104289,97475300,44.44443599959261,8172.872422832046,8147.1337890625,8170.927978515625,8201.067252604167,8375.55810546875,-106.5854830878352,-107.05679283102823,0
2025-07-17,8113.82177734375,8137.615976104289,8090.027578583211,8090.027578583211,86016400,39.99999999999999,8161.062293734388,8151.89267578125,8156.65146484375,8185.204459635416,8347.798193359375,-104.26359020451673,-106.49815230572594,0
2025-07-18,8018.6455078125,8161.410709732011,8018.6455078125,8137.6165094120925,80432200,32.142919962241365,8151.614190456261,8137.61611328125,8149.51318359375,8180.44560546875,8329.555989583334,-108.84866326190877,-106.96825449696252,1
2025-07-21,8042.43994140625,8090.028343426405,7971.057338376017,8042.43994140625,95383500,32.142969694171384,8125.020453927509,8099.54541015625,8128.0984375,8166.169108072917,8309.727473958334,-109.30238490609736,-107.4350805787895,0
2025-07-22,7994.85107421875,8066.233673095703,7994.85107421875,8042.439473470052,77981700,31.034560840765096,8108.5043514232575,8085.26904296875,8111.442529296875,8151.892643229166,8293.071565755208,-112.20851651230078,-108.38976776549175,1
2025-07-23,8018.6455078125,8090.028108772256,7994.851307492582,8042.439708132419,70969500,37.03711022558597,8085.773695982356,8056.716015625,8101.92490234375,8132.85732421875,8276.415625,-111.30853926167856,-108.97352206472912,1
2025-07-24,8090.02734375,8137.615739889706,8042.438947610293,8066.233145680147,138256800,39.28570905077327,8072.348058348385,8037.68076171875,8094.78671875,8116.994563802084,8255.00087890625,-103.64067798755423,-107.90695324929415,0
2025-07-25,8042.43994140625,8113.822544436482,8042.43994140625,8090.028343426405,58682800,37.931073523886084,8075.883915428709,8032.921875,8085.268994140625,8110.6494140625,8237.5517578125,-100.24815007670077,-106.37519261477549,1
2025-07-28,8090.02734375,8208.998334099264,8066.233145680147,8208.998334099264,99484300,50.0,8069.195120624217,8037.68076171875,8068.6130859375,8097.959212239583,8216.136995442708,-92.6516114971655,-103.6304763912535,0
2025-07-29,7994.85107421875,8090.027872721354,7971.056874593099,8090.027872721354,104240300,43.333358414625216,8073.361565249374,8047.1982421875,8066.233642578125,8090.027766927084,8199.481038411459,-93.23645762683645,-101.55167263837009,0
2025-07-30,7971.05712890625,8066.233930445429,7923.46872813666,8066.233930445429,98098100,33.33330799866232,8057.65946704325,8047.1982421875,8051.95712890625,8083.682682291666,8182.82509765625,-94.53023917641531,-100.14738594597914,0
2025-07-31,7875.8798828125,7971.056678979418,7852.085683770771,7947.262479937689,206006300,26.666584582382526,8040.33899941585,8037.68056640625,8037.6806640625,8075.751334635416,8160.617171223958,-102.05910487457277,-100.52972973169787,1
2025-08-01,7899.673828125,8018.644819512425,7899.673828125,7994.85062123494,86196100,33.33325732926255,8007.44717609518,7994.85107421875,8013.886474609375,8055.1296875,8140.788688151041,-104.89662960034275,-101.40310970542684,0
2025-08-04,7875.8798828125,7947.262479937689,7875.8798828125,7923.46828089596,49054500,29.629525475823854,7985.892506501144,7966.2978515625,8001.989306640625,8034.5080078125,8125.719026692708,-107.82245082522968,-102.68697792938742,1
2025-08-05,8018.6455078125,8042.439708132419,7923.468706532827,7947.262906852745,69475900,43.750012024078934,7963.8899817634165,7923.468359375,7985.33330078125,8018.64521484375,8112.235660807291,-97.49730419714706,-101.64904318293937,0
2025-08-06,7899.673828125,8018.644819512425,7899.673828125,8018.644819512425,56325400,37.837800363278376,7974.841086973234,7928.22724609375,7987.712744140625,8010.713834635417,8105.890543619792,-97.78733978614673,-100.87670250358084,0
2025-08-07,7899.673828125,7947.26222467997,7899.673828125,7923.468026402485,43621300,42.424184007999486,7959.807635203588,7913.9505859375,7975.815576171875,7996.4373046875,8090.820882161458,-96.90019000788561,-100.0814000044418,0
2025-08-08,7899.673828125,7994.85062123494,7899.673828125,7923.468026402485,68378700,40.62491783556596,7947.78087378787,7918.709375,7956.780224609375,7982.160774739584,8081.303190104167,-95.10085397069633,-99.08529079769272,1
2025-08-11,8137.6162109375,8137.6162109375,8018.645213701572,8090.027812043129,128561300,57.500011543096534,7938.159464655297,7918.709375,7942.50361328125,7974.229329427083,8070.19921875,-73.62618860072507,-93.9934703582992,1
2025-08-12,8423.1474609375,8446.941662804555,8161.411240399894,8208.999644134004,171015700,66.66670690400258,7978.050813911737,7971.056640625,7947.2625,7980.5744140625,8066.233528645834,-33.18484178834569,-81.8317446443085,1
2025-08-13,8494.529296875,8542.11769629727,8304.175699185924,8542.11769629727,129083900,66.66670690400258,8067.070143316891,8051.95703125,7990.092138671875,8009.127506510416,8070.992415364583,4.572426436177011,-64.5509104282114,0
2025-08-14,8351.763671875,8518.323061342593,8327.96947337963,8494.528862847223,122930900,61.81814722076398,8152.561974028513,8170.928125,8042.43935546875,8040.853092447916,8078.923828125,22.71351349030465,-47.09802564450819,0
2025-08-15,8280.380859375,8423.146046605603,8280.380859375,8399.351848733837,68754200,57.14284667295977,8192.40231359781,8261.34609375,8090.027734375,8058.302180989584,8084.475797526042,30.97341701145615,-31.483737113315325,0
2025-08-19,8090.02734375,8185.2041360294115,8042.438947610293,8185.2041360294115,128591700,53.33331053222907,8209.998022753247,8337.4875,8128.0984375,8074.164908854166,8086.062060546875,21.906982147555027,-20.805593261141254,1
2025-08-20,8113.82177734375,8185.204373625366,7947.262386019978,7971.056584780517,202260200,54.99997263868425,8186.003886952598,8327.9697265625,8149.51318359375,8074.164908854166,8082.096337890625,16.452129225794124,-13.354048763754179,1
2025-08-21,8137.6162109375,8161.410410384686,8090.027812043129,8137.6162109375,69470200,59.6491127012677,8171.567465030829,8266.10458984375,8159.030810546875,8082.0962890625,8082.889485677083,13.889026861798811,-7.905433638643582,0
2025-08-22,8042.43994140625,8161.410946456638,8042.43994140625,8161.410946456638,66394100,55.00002565124229,8164.777214212164,8194.72197265625,8182.825048828125,8093.200227864583,8084.47578125,4.130209755187025,-5.49830495987746,1
2025-08-25,8066.2333984375,8137.615994883849,8066.2333984375,8113.8217960684,64052700,56.66665754622185,8140.3097596509815,8132.8572265625,8197.10166015625,8104.304231770833,8079.716959635417,-1.664601488300832,-4.731564265562135,0
2025-08-26,7852.08544921875,8066.233234197443,7852.08544921875,8042.439035866478,326794200,44.44442634831964,8125.494487408285,8090.027734375,8213.7576171875,8115.408203125,8074.95810546875,-23.2687532379623,-8.439002060042167,1
2025-08-27,7899.673828125,7947.26222467997,7804.497035015061,7852.08543157003,111915700,50.0,8070.812679770379,8042.43935546875,8185.204541015625,8113.821907552084,8066.233561197917,-36.13368802095374,-13.977939252224484,1
2025-08-28,7923.46826171875,7971.056659687031,7875.87986375047,7947.262460702891,81281400,50.81967985203341,8036.584909441303,7999.609765625,8132.857177734375,8105.890462239583,8058.3021484375,-43.90314150418362,-19.962979702616312,0
2025-08-29,7685.5263671875,7875.879961421247,7685.5263671875,7852.085762142028,236499300,43.661983636369946,8013.9615798967925,7956.78017578125,8075.75107421875,8107.4767578125,8051.95703125,-68.47111924989986,-29.66460761207302,0
2025-09-01,7614.1435546875,7661.731951904297,7233.436376953125,7281.024774169921,421127500,32.81249498998639,7948.274537354934,7885.3974609375,8009.12734375,8093.200260416666,8037.680517578125,-92.63359262047652,-42.258404613753726,0
2025-09-02,7614.1435546875,7780.702944946289,7614.1435546875,7614.1435546875,155531500,17.307633112416568,7881.448340821447,7794.9794921875,7942.50361328125,8074.164908854166,8024.197119140625,-110.50865189804517,-55.90845407061202,0
2025-09-03,7590.349609375,7614.143808777429,7518.967011167711,7518.967011167711,212372700,11.99999507495508,7827.987383594658,7747.39111328125,7894.915234375,8039.266731770834,8009.920572916667,-125.15206261738786,-69.75717577996718,1
2025-09-04,7614.1435546875,7614.1435546875,7542.760958862304,7590.349356079101,103534800,15.555536301252417,7780.459828750727,7685.52626953125,7842.568017578125,7983.746875,7996.437190755209,-133.30049346809847,-82.46583931759343,0
2025-09-08,7328.61328125,7637.937867796266,7328.61328125,7637.937867796266,321191900,12.962948888177834,7747.196573938081,7623.661328125,7790.220751953125,7925.0544921875,7982.953792317709,-160.94284152030195,-98.16123975813514,0
2025-09-09,7162.05419921875,7352.407799197987,7114.465799223942,7257.230999208368,595368700,13.207535481073222,7663.479915400465,7552.2787109375,7718.8380859375,7856.844466145833,7957.573323567708,-194.05260974010162,-117.33951375452844,1
2025-09-10,7423.7900390625,7423.7900390625,7185.84805063101,7185.84805063101,246849600,26.984100098403303,7563.194772164123,7461.86083984375,7628.420166015625,7782.28935546875,7928.227132161458,-196.90267328955906,-133.25214566153457,1
2025-09-11,7471.37890625,7590.349907941879,7471.37890625,7518.967306926751,235173400,28.124985971943886,7535.313825543799,7423.79013671875,7585.590625,7737.87353515625,7906.019222005209,-193.09546104366746,-145.22080873796114,1
2025-09-12,7542.76123046875,7590.349629399152,7471.378632073147,7590.349629399152,156084700,33.333300760255625,7522.5268416850395,7399.99599609375,7542.7611328125,7695.044010416666,7888.570149739583,-182.2177679099941,-152.62020057236774,1
2025-09-15,7637.93798828125,7709.32058630257,7590.34958960037,7614.14378894081,142567700,36.36363636363636,7526.573719441782,7385.71953125,7504.6904296875,7655.38701171875,7874.293619791667,-164.02635508335516,-154.90143147456524,0
2025-09-16,7542.76123046875,7685.526427259957,7518.967031003549,7661.732227794756,129312900,39.34426891299083,7548.846573209676,7447.58447265625,7499.931591796875,7628.42021484375,7866.362223307292,-155.49702537136363,-155.02055025392494,0
2025-09-17,7471.37890625,7518.967306926751,7423.790505573248,7471.37890625,183725900,35.483882712351345,7547.6295046614905,7523.72587890625,7492.793359375,7593.5220703125,7854.46513671875,-152.73677268145366,-154.56379473943068,0
2025-09-18,7328.61328125,7518.966872970779,7281.024883319805,7471.378475040584,275378700,31.343273067860594,7532.379384979193,7533.24365234375,7478.51689453125,7568.141634114583,7840.981770833333,-160.22230236677842,-155.6954962649002,1
2025-09-19,7423.7900390625,7447.584237905649,7281.024846003606,7281.024846003606,149025300,40.983596630513766,7491.626164233355,7504.69052734375,7452.34326171875,7530.070930989584,7817.980696614583,-156.66869050138575,-155.89013511219733,0
2025-09-22,7352.40771484375,7447.584513741404,7352.40771484375,7423.79031401699,92588800,40.98361041782518,7478.058939199184,7480.8962890625,7433.30791015625,7496.759049479167,7802.117903645833,-157.79343994052124,-156.27079607786212,1
2025-09-23,7495.1728515625,7518.96705109127,7376.201853918651,7376.201853918651,102606200,46.2686626592448,7452.928694328099,7423.790234375,7435.687353515625,7474.551139322916,7783.875699869792,-145.4877661737837,-154.11419009704645,0
2025-09-24,7399.99560546875,7566.554992087018,7352.407209292102,7566.554992087018,150428400,44.285699627836486,7461.377525774979,7414.27255859375,7468.99921875,7466.619759114584,7770.392333984375,-141.78107540477322,-151.6475671585918,0
2025-09-25,7328.61328125,7399.9958781452915,7328.61328125,7352.407480215097,147986600,41.66666666666667,7449.101141713734,7399.9958984375,7466.619775390625,7452.343229166667,7745.80498046875,-142.95555066126235,-149.90916385912593,0
2025-09-26,7257.23095703125,7328.613556608607,7209.642557313013,7209.642557313013,121657700,47.619055374539776,7425.003569620988,7399.9958984375,7452.343212890625,7434.894140625,7709.3205078125,-147.9409169604496,-149.51551447939067,1
2025-09-29,7399.99560546875,7423.789803557074,7328.613011203778,7376.201407380427,116454700,58.064502249039315,7391.449047103041,7366.68408203125,7423.790185546875,7411.099967447916,7668.077229817708,-138.772261428212,-147.36686386915494,0
2025-09-30,7257.23095703125,7399.996156185964,7257.23095703125,7328.613556608607,170666700,43.85965480730564,7393.158358776183,7376.20166015625,7399.995947265625,7415.8587890625,7636.351627604166,-141.39602450277562,-146.17269599587908,0
2025-10-01,7138.259765625,7304.81916015625,7138.259765625,7233.4365625,202433400,38.33330825205861,7365.972878427197,7328.61328125,7371.442919921875,7422.20390625,7602.246630859375,-151.33090799812817,-147.2043383963289,0
2025-10-02,7138.259765625,7233.4365625,7138.259765625,7138.259765625,126952400,35.087702244749764,7320.430255866759,7276.26611328125,7338.131005859375,7403.1685546875,7570.521044921875,-157.3900798762761,-149.24148669231835,1
2025-10-03,7162.05419921875,7185.848399216155,7138.259999221345,7162.05419921875,76787500,31.481474444088917,7283.996157818407,7238.19541015625,7319.095654296875,7380.960611979167,7538.002311197916,-158.4455437120605,-151.08229809626678,0
2025-10-06,7138.259765625,7185.8481640625005,7090.6713671875,7138.259765625,104032400,33.33331992089343,7259.607766098476,7219.16005859375,7292.9220703125,7355.580143229166,7505.483577473959,-159.36495830071453,-152.73883013715633,1
2025-10-07,7209.64208984375,7233.436288160066,7138.259494894802,7185.847891527434,74282600,39.21565392686062,7235.338166003781,7166.812890625,7271.507275390625,7322.26826171875,7475.34423828125,-152.57485602308407,-152.70603531434188,0
2025-10-08,7019.28857421875,7162.053765558792,7019.28857421875,7138.259567002118,168080800,37.73583225404274,7230.198950771775,7157.2951171875,7242.95419921875,7300.060319010417,7446.791194661459,-160.70112635658734,-154.30505352279098,1
2025-10-09,7185.8486328125,7328.613837437914,6947.906625103477,7019.289227416184,293567400,41.07144689377582,7188.0168754611705,7133.50087890625,7204.88349609375,7269.920963541666,7419.031298828125,-151.9496682245681,-153.8339764631464,0
2025-10-10,7043.0830078125,7090.671406513936,6995.494609111064,7090.671406513936,107426000,38.98304789988247,7187.583226931437,7143.01865234375,7190.60703125,7260.4033203125,7395.237125651041,-154.75020338353352,-154.01722184722382,0
2025-10-13,6971.70068359375,7019.289084164356,6947.906483308448,6947.906483308448,101847900,30.35715005520521,7158.683183107651,7119.2244140625,7169.192236328125,7235.0228515625,7365.890950520833,-160.87513624195708,-155.38880472617046,0
2025-10-14,6900.31787109375,6995.494669315733,6900.31787109375,6924.112070649246,151862300,30.90910379832981,7121.28668320487,7085.91259765625,7126.362744140625,7209.6423828125,7342.096761067708,-169.5348933391033,-158.21802244875704,0
2025-10-15,6900.31787109375,6995.494669315733,6876.523671538254,6900.31787109375,133206400,32.69231452252912,7077.092920782647,7024.04775390625,7090.671435546875,7169.985384114583,7318.302571614583,-174.38758173898623,-161.45193430680288,1
2025-10-16,6947.90625,6971.700449486301,6876.523651541096,6900.317851027397,120611200,37.25489959388506,7041.737910844868,7000.25361328125,7066.87724609375,7136.67353515625,7294.508382161458,-172.40599875789485,-163.6427471970213,1
2025-10-17,7138.259765625,7162.05396484375,6924.11197265625,6947.906171875,157334400,39.62266123414897,7022.971578675894,6952.66513671875,7047.84189453125,7111.29306640625,7273.093603515625,-153.7038399193434,-161.65496574148574,1
2025-10-20,7495.1728515625,7614.143849206349,7257.230856274801,7328.613454861111,393421800,58.06450545213229,7046.029216065715,6971.70048828125,7045.462451171875,7103.361653645833,7257.230810546875,-108.82784149618328,-151.08954089242525,1
2025-10-21,8066.2333984375,8066.2333984375,7709.320416205752,7709.320416205752,529802600,74.07405906098896,7135.857943165073,7076.394921875,7081.153759765625,7109.706803385417,7262.782796223958,-26.873692650446174,-126.24637124402943,0
2025-10-22,7804.4970703125,8280.381038014482,7804.4970703125,8280.381038014482,392957200,65.21737772711964,7321.933034219559,7309.57802734375,7166.812890625,7163.640299479167,7292.922102864583,16.7623999868174,-97.64461699786008,1
2025-10-23,7923.46826171875,7947.262460702891,7756.908868829768,7804.497266798048,187003900,66.66665241596432,7418.445841438148,7490.4138671875,7245.333740234375,7208.056119791667,7305.612337239583,60.249776723783725,-66.06573825353132,0
2025-10-24,7875.8798828125,7971.056678979418,7875.8798828125,7899.674081854229,133355100,65.97937490030384,7519.450325494268,7685.52626953125,7319.095703125,7260.403352864583,7320.681982421875,89.83825218360016,-34.884940166105025,1
2025-10-27,7947.2626953125,8018.645294372193,7804.497497193114,7923.468495625935,182275600,65.97938209759835,7590.736236957915,7833.05029296875,7402.375390625,7307.991731770833,7331.7859375,117.69066384375674,-4.36981936413267,0
2025-10-28,7875.8798828125,7994.850878021149,7852.085683770771,7947.262479937689,180270000,69.56520672348458,7662.041528628833,7923.46826171875,7499.931591796875,7361.925260416667,7342.096761067708,132.47679433141548,22.99950337497696,1
2025-10-29,8185.20458984375,8185.20458984375,7875.879997785702,7899.674197174782,239156800,71.42855348016467,7704.809199465567,7885.39755859375,7597.48779296875,7406.34111328125,7353.200716145833,167.22713764667424,51.84503022931642,0
2025-10-30,8113.82177734375,8327.9695661886,8066.233379822673,8161.410174864828,259009800,73.68419802043505,7800.888277541204,7961.5390625,7725.97646484375,7484.06884765625,7376.994905598958,186.85311232219829,78.8466466478928,0
2025-10-31,8113.82177734375,8232.792771146444,8113.82177734375,8137.615976104289,177088000,76.0869332464908,7863.4749775017135,7999.609765625,7842.568017578125,7545.933723958334,7403.168522135416,200.10020801017708,103.09735892034966,1
2025-11-03,8232.79296875,8232.79296875,8113.821972091762,8232.79296875,115007100,79.78721894674382,7913.544337470122,8047.19814453125,7940.12421875,7617.31630859375,7426.169580078125,217.68922180370555,126.01573149702085,0
2025-11-04,8232.79296875,8280.381367413294,8208.998769418353,8232.79296875,155231500,79.78721894674382,7977.394063726098,8104.30419921875,8013.88623046875,7701.389127604167,7455.515755208334,228.98899931369306,146.6103850603553,1
2025-11-05,8280.380859375,8280.380859375,8185.204067887931,8208.9982657597,125731500,79.78721453411838,8028.473844730878,8175.68681640625,8030.5421875,7790.22080078125,7480.103092447916,239.02872511281385,165.09405307084702,0
2025-11-06,8137.6162109375,8256.587208173429,8137.6162109375,8208.998809279057,89756900,72.82608792632419,8078.855247659703,8194.7220703125,8078.13056640625,7882.225,7509.449267578125,232.78200015001312,178.63164248668025,1
2025-11-07,8256.5869140625,8256.5869140625,8137.615921064482,8137.615921064482,75241900,69.51219023889976,8090.6074403152625,8199.48095703125,8099.545361328125,7961.538997395834,7536.416031901042,234.72559650935727,189.85043329121567,0
2025-11-10,8161.41064453125,8256.587445050565,8161.41064453125,8256.587445050565,79897700,53.22582300082978,8123.80333506471,8228.033984375,8137.616064453125,8036.094140625,7569.727897135416,225.981012651544,197.07654916328133,0
2025-11-11,7994.85107421875,8185.204671223958,7994.85107421875,8161.410471598308,130897600,56.89656941468011,8131.324796958019,8213.75751953125,8159.030859375,8080.509993489583,7595.1083984375,203.26775743714188,198.31479081805347,1
2025-11-12,8090.02734375,8137.615739889706,7994.850551470588,8018.644749540441,85415600,56.14034519269436,8104.030052410166,8166.169140625,8170.927978515625,8075.751171875,7619.695735677084,190.74843929801318,196.80152051404542,0
2025-11-13,7971.05712890625,8066.233930445429,7971.05712890625,7994.851329291045,104113800,53.333353854383304,8101.229510678133,8128.0984375,8161.41025390625,8094.7865234375,7651.421321614584,169.2755838533485,191.29633318190605,1
2025-11-14,8018.6455078125,8090.028108772256,7971.057107172664,7971.057107172664,89815300,52.54238467167705,8075.195034323757,8094.78662109375,8147.1337890625,8097.959114583334,7679.181233723958,154.31927908605212,183.9009223627353,1
2025-11-17,8161.41064453125,8161.41064453125,8066.233844011935,8090.0280441417635,129411100,59.67744871639139,8063.885129021506,8047.19833984375,8137.616162109375,8107.476822916667,7707.73427734375,152.2314241025024,177.56702271068872,0
2025-11-18,7994.85107421875,8161.410471598308,7994.85107421875,8137.616271972656,119377900,42.8571323872148,8083.3902321234555,8047.19833984375,8130.4779296875,8121.753352864584,7741.839306640625,135.57400590980706,169.16841935051238,1
2025-11-19,8066.2333984375,8090.02759725295,7923.468205544801,7947.262404360251,114209700,48.214282442431994,8065.682400542515,8047.19833984375,8106.683740234375,8129.684765625,7768.012939453125,126.67263568614544,160.669262617639,0
2025-11-20,8018.6455078125,8185.204910051929,7994.851307492582,8066.233908452337,124087400,46.55173450827088,8065.792600121513,8042.43955078125,8085.268994140625,8121.753352864584,7802.911100260417,114.45887986918933,151.42718606794907,0
2025-11-21,7994.85107421875,8018.645273844401,7947.262674967448,7971.056874593099,103917100,40.740719628522925,8056.36318165971,8051.9572265625,8073.371923828125,8115.408268229166,7830.67099609375,101.68719180718199,141.47918721579566,1
2025-11-24,8066.2333984375,8066.2333984375,7947.262404360251,7994.850801991151,279590600,43.85962575315953,8044.060760171518,8047.19833984375,8047.19833984375,8107.476888020833,7862.396598307291,96.21637156172346,132.42662408498123,1
2025-11-25,8090.02734375,8090.027343749999,7971.056353400735,8066.233145680147,98807700,42.85712715223925,8048.495287824715,8028.162890625,8037.680615234375,8096.372916666666,7898.881022135417,92.73172602041814,124.48764447206861,0
2025-11-26,8018.6455078125,8042.439708132419,7971.057107172664,7994.851307492582,77094400,45.283016676281896,8056.801699009773,8047.19814453125,8047.1982421875,8086.855208333333,7938.538004557292,83.2505413076251,116.24022383917992,0
2025-11-27,7923.46826171875,8042.439256639453,7923.46826171875,8018.645057655312,71051300,36.53843497642642,8049.17046077032,8037.68056640625,8040.06005859375,8069.406184895834,7975.815592447917,67.28105170114759,106.44838941157346,0
2025-11-28,7875.8798828125,7947.262479937689,7875.8798828125,7923.46828089596,67559300,37.999959778717276,8024.0300209600055,8018.6451171875,8035.301171875,8055.129654947917,8008.334326171875,50.20638372974918,95.1999882752086,1
2025-12-01,7994.85107421875,8042.439473470052,7947.262674967448,8042.439473470052,76359200,50.0,7994.399993330505,7994.85087890625,8021.024609375,8029.749186197917,8032.921663411458,45.74722171357007,85.3094349628809,0
2025-12-02,7971.05712890625,8018.645529675839,7947.262928521455,7947.262928521455,97044000,44.444469779088486,7994.490209508154,7980.5744140625,8004.36865234375,8018.64521484375,8049.577604166667,39.83414789575454,76.21437754945563,0
2025-12-03,7951.8955078125,8047.701477786145,7951.8955078125,7999.798492799322,103550900,49.01323184110727,7989.803593387774,7956.78037109375,8001.9892578125,8017.058951822916,8046.405061848958,33.218884983767566,67.61527903631803,0
2025-12-04,7880.04150390625,7999.798973570479,7880.04150390625,7975.847479637633,71410400,43.036331352295235,7982.221976272719,7943.43037109375,7990.55546875,8007.850162760416,8051.318343098958,21.92548056751002,58.47731934255643,1
2025-12-05,7951.8955078125,7951.8955078125,7856.089537838855,7856.089537838855,71162300,38.66606865226466,7961.785881799426,7934.74501953125,7976.695068359375,8001.782454427083,8049.870784505209,18.55945199951657,50.493745873948455,0
2025-12-08,7951.8955078125,7999.798492799322,7903.992522825678,7999.798492799322,61745200,47.16548407447527,7959.807807002041,7949.94814453125,7972.39951171875,7997.332454427084,8052.404638671875,15.710746403515259,43.53714597986182,0
2025-12-09,7760.28369140625,7951.895634403935,7760.28369140625,7951.895634403935,113057200,32.5759560233965,7958.225347164133,7941.35703125,7960.96572265625,7983.364778645833,8052.559065755208,-1.9854583938904398,34.43262510511137,0
2025-12-10,7736.33251953125,7832.138495005321,7688.429531794214,7760.284013399768,143418300,33.47724873531054,7918.637016012557,7899.20234375,7927.991357421875,7967.726953125,8048.705859375,-17.73801479904978,23.99849712427914,0
2025-12-11,7664.47802734375,7856.089978027344,7568.6720520019535,7832.138484191895,140766000,31.6942684947399,7882.176116716297,7856.08974609375,7899.76005859375,7945.733561197917,8033.74345703125,-35.60960093430003,12.076877512563307,0
2025-12-12,7664.47802734375,7664.47802734375,7520.769064331055,7568.6720520019535,100006800,25.82680866691149,7838.636498841788,7812.97705078125,7873.86103515625,7922.122395833333,8018.76533203125,-49.20574846551517,-0.1796476830523872,1
2025-12-15,7951.8955078125,7951.8955078125,7592.623120411333,7592.623120411333,143105700,43.69040439365932,7803.80480454218,7755.4935546875,7852.720849609375,7900.097526041666,8003.78720703125,-36.36936135468022,-7.417590417377955,0
2025-12-16,7736.33251953125,8023.750445953463,7688.429531794214,8023.750445953463,122332000,38.60536944548787,7833.422945196245,7755.4935546875,7848.42529296875,7892.475,7994.423958333334,-43.09380514663735,-14.552833363229835,0
2025-12-17,7688.42919921875,7784.235170548579,7640.526213553836,7664.477706386293,89802700,40.13704378500166,7814.004860063246,7750.7033203125,7824.95283203125,7868.895345052083,7977.875276692708,-51.69249400974695,-21.98076549253326,1
2025-12-18,7832.13818359375,7903.992662342316,7688.429226096617,7688.429226096617,88497200,48.30148454910835,7788.889727894347,7741.12265625,7798.606201171875,7846.880924479166,7958.1435546875,-46.37630568728491,-26.85987353148359,0
2025-12-19,7712.380859375,7880.041312839674,7712.380859375,7856.089819487577,131069800,39.0382107600427,7797.539419034229,7774.6546875,7793.815869140625,7840.792252604167,7947.960953776042,-51.235986788991795,-31.735096182985234,1
2025-12-22,7832.13818359375,7832.13818359375,7688.429226096617,7712.380719012805,72424200,44.982682242067696,7780.5077071023825,7784.23525390625,7769.864404296875,7829.892317708333,7929.820751953125,-44.9062525373929,-34.369327453866774,0
2025-12-23,7688.42919921875,7784.235170548579,7640.526213553836,7760.283677716122,85044100,41.269832537998575,7790.833802400657,7760.2837890625,7757.888671875,7819.044791666666,7918.845003255208,-50.8992714352853,-37.67531625015048,0
2025-12-24,7688.42919921875,7736.332184883665,7664.477706386293,7688.42919921875,71260500,43.33331294705412,7770.3528817642755,7750.703125,7750.70322265625,7800.2029296875,7908.630940755208,-55.01460793437127,-41.14317458699464,0
2025-12-29,7688.42919921875,7688.42919921875,7616.574720721379,7688.42919921875,78399400,40.35087280074134,7753.96814525517,7750.703125,7745.912890625,7782.638509114583,7895.2443359375,-57.61192732329164,-44.43692513425404,1
2025-12-30,7736.33251953125,7832.138495005321,7616.57505018866,7616.57505018866,101995600,42.37289248316837,7740.860356047887,7721.961328125,7748.3080078125,7769.86435546875,7885.823404947917,-55.16897049682484,-46.5833342067682,0
2026-01-02,7688.42919921875,7736.332184883665,7664.477706386293,7736.332184883665,68612400,47.16980986925867,7739.954788744561,7726.75166015625,7755.49345703125,7755.493489583333,7876.412972005209,-56.44761425603883,-48.556190216622326,1
2026-01-05,7736.33251953125,7760.284013399768,7664.478037925696,7664.478037925696,73408800,50.0,7729.649670839399,7698.00986328125,7729.146826171875,7737.929069010416,7860.646923828125,-52.98477553242083,-49.44190727978203,1
2026-01-06,7832.13818359375,7832.13818359375,7736.332211928995,7832.13818359375,97624300,56.36362558082298,7730.986240577769,7707.59052734375,7729.146826171875,7736.33232421875,7852.029638671875,-42.025293068390965,-47.958584437503816,0
2026-01-07,7808.18701171875,7832.138505619728,7688.429542213861,7784.235517817772,93152500,55.3571454574313,7751.216629180966,7736.33232421875,7743.517724609375,7742.719368489584,7844.22646484375,-34.87051803311442,-45.34097115662594,0
2026-01-08,7712.380859375,7808.186832783385,7712.380859375,7760.283846079193,79823700,39.58334749045243,7762.610705688524,7760.28388671875,7741.122607421875,7752.299967447917,7837.211181640625,-36.51019626328889,-43.57481617795853,1
2026-01-09,7784.2353515625,7832.138338341346,7712.380871394231,7784.2353515625,79484700,52.380943135491336,7752.56473642582,7755.4935546875,7741.122607421875,7755.493489583333,7827.7955078125,-31.64679155387421,-41.18921125314167,0
2026-01-12,7688.42919921875,7760.283677716122,7664.477706386293,7736.332184883665,82935700,50.0,7758.898859453157,7774.65478515625,7736.33232421875,7744.316145833333,7818.395572916666,-35.11844056903101,-39.97505711631954,1
2026-01-13,7736.33251953125,7736.33251953125,7664.478037925696,7688.429531794214,80536300,45.000020386237665,7744.804927406275,7765.07412109375,7736.33232421875,7741.122591145833,7805.008968098959,-33.61683586288291,-38.70341286563222,0
2026-01-14,7664.47802734375,7712.381015014649,7616.575039672852,7688.4295211792,105724300,47.368432346943656,7743.110445831271,7745.91298828125,7741.12265625,7744.316145833333,7795.59853515625,-37.789249377435226,-38.52058016799282,1
2026-01-15,7736.33251953125,7832.138495005321,7640.526544057178,7664.478037925696,151753100,44.444469612627685,7727.3839621337665,7717.17119140625,7738.7275390625,7733.138802083334,7786.96552734375,-34.89560532541873,-37.795585199478,1
2026-01-19,7784.2353515625,7784.2353515625,7640.526391225962,7736.332364783653,172100000,56.25000398168553,7729.173673613264,7721.9615234375,7738.7275390625,7734.735579427083,7782.313948567708,-28.409526030601228,-35.91837336570265,0
2026-01-20,7664.47802734375,7784.235496520996,7664.47802734375,7712.381015014649,82672500,48.64866800738312,7740.186009203112,7721.9615234375,7748.308154296875,7731.542057291666,7775.293424479167,-32.55737551187576,-35.24617379493727,0
2026-01-21,7377.06005859375,7616.574995561079,7377.06005859375,7592.623501864346,301825600,36.73471510437339,7725.044412831239,7717.1712890625,7741.122705078125,7729.9453125,7765.07412109375,-58.364020042653465,-39.869743044480515,0
2026-01-22,7329.15673828125,7448.914201325061,7281.253753063725,7377.0597234987745,268025900,32.65305697912531,7655.447541983742,7645.316796875,7695.614892578125,7709.187369791666,7745.912939453125,-81.73913153707872,-48.24362074300016,0
2026-01-23,7329.15673828125,7353.108230890012,7233.350767846201,7281.253753063725,202878600,34.042557805850066,7590.189381243244,7578.2525390625,7647.711865234375,7685.235872395833,7727.550113932291,-99.12146525451044,-58.41918964530221,0
2026-01-26,7329.15673828125,7353.108230890012,7209.399275237439,7233.350767846201,213044100,31.11109601018407,7537.982852650845,7496.8173828125,7609.389453125,7658.0908203125,7706.792154947917,-111.61051343478357,-69.05745440319849,0
2026-01-27,7185.44775390625,7305.205216471354,7185.44775390625,7257.302231445313,259830900,21.276604050530125,7496.2176297769265,7405.80166015625,7563.881591796875,7634.139322916667,7686.034195963542,-131.5874301251988,-81.56344954759857,0
2026-01-28,6730.36962890625,7089.642029025801,6634.5636555410365,6754.321122247554,1027287500,15.384622622336309,7434.063654602792,7309.99560546875,7513.583447265625,7597.413671875,7666.872998046875,-182.04181721740315,-101.6591230815595,1
2026-01-29,6898.0302734375,6969.884755452474,6107.630971272786,6395.048899332683,1432993400,25.000014989887816,7293.324849463484,7180.65751953125,7412.987158203125,7523.962434895833,7633.340901692708,-206.12241874051324,-122.55178221335026,1
2026-01-30,7089.64208984375,7281.254038217905,6898.030141469595,6898.030141469595,528434900,30.13699280477094,7214.2659342582865,7094.4322265625,7336.3423828125,7463.285319010417,7607.792643229167,-207.35474034882645,-139.51237384044552,1
2026-02-02,7281.25390625,7281.25390625,7017.787482010691,7281.25390625,326948700,38.961042399435534,7189.34116537538,7046.529296875,7271.67333984375,7421.769401041666,7588.6314453125,-190.67194439872947,-149.74428795210233,1
2026-02-03,7329.15673828125,7329.15673828125,7065.6903195848645,7281.253753063725,206015400,38.96102623896825,7207.723713550305,7036.94873046875,7221.3751953125,7388.2373046875,7566.276725260416,-171.60716958178728,-154.11686427803932,1
2026-02-04,7472.86572265625,7496.817215357071,7281.25378104968,7329.156766451322,193370800,44.99998980687078,7232.010318496494,7065.69052734375,7187.84306640625,7364.285807291667,7552.70419921875,-143.25077836957553,-151.94364709634658,0
2026-02-05,7472.86572265625,7592.623186160356,7472.86572265625,7472.86572265625,142332400,42.85713151043115,7280.181399328446,7214.18974609375,7197.4236328125,7346.721354166667,7545.51875,-119.40174504525476,-145.43526668612822,0
2026-02-06,7353.1083984375,7448.914371055578,7281.253918973941,7377.059891592019,176352600,38.74999617757655,7318.718263994007,7329.1568359375,7211.79453125,7333.947200520834,7533.543001302083,-108.90919214997302,-138.13005177889718,0
2026-02-09,7185.44775390625,7401.011186523438,7137.544768880209,7353.108201497396,174758300,37.804867740442205,7325.596290882706,7381.85009765625,7214.189697265625,7308.39892578125,7521.567252604166,-112.82203896499414,-133.0684492161166,0
2026-02-10,7161.49658203125,7233.351062787417,7137.545088445861,7185.44807561664,127704200,43.66196940453172,7297.566583487415,7362.6888671875,7199.818798828125,7268.479752604167,7500.010904947917,-116.51257324069502,-129.7572740210323,0
2026-02-11,7137.544921875,7209.3994009542785,7089.641935822147,7161.496414901426,213505000,44.285716365945035,7270.352583196182,7329.1568359375,7197.423681640625,7234.94765625,7482.446484375,-119.986912606023,-127.80320173803044,0
2026-02-12,7017.78759765625,7161.496558700405,6993.836104148891,7137.545065193046,237465300,41.333337682402686,7243.791050931946,7262.09267578125,7238.1412109375,7218.97998046875,7464.083675130209,-130.89489195977148,-128.42153978237866,0
2026-02-13,6898.0302734375,7017.787743462457,6898.0302734375,7017.787743462457,356015300,38.75000605217202,7198.590360276808,7171.07705078125,7250.116943359375,7198.222037760416,7441.728955078125,-147.5026407705036,-132.23775998000366,1
2026-02-18,6969.884765625,7065.690741784794,6921.981777545103,6921.981777545103,125301200,44.15585378335967,7138.478342908946,7080.06142578125,7230.95576171875,7169.4802734375,7413.785546875,-153.10148572383514,-136.41050512876996,0
2026-02-19,6874.07861328125,7017.787573837652,6874.07861328125,7017.787573837652,133463400,54.83871179877841,7104.7596274521575,7036.948828125,7199.81884765625,7145.52880859375,7389.834065755208,-163.3859549115723,-141.80559508533042,1
2026-02-20,6921.9814453125,6945.932938202855,6850.126966641436,6874.078459531791,122959500,50.877181688125894,7058.6234246179765,6979.465234375,7154.31103515625,7124.770865885416,7361.092268880208,-165.76033072384143,-146.59654221303265,1
2026-02-23,6993.8359375,7041.738923373288,6969.884444563357,6993.8359375,100443800,46.15383710668721,7031.295028756881,6936.3525390625,7099.222607421875,7137.544986979166,7330.7537109375,-159.99960777292563,-149.27715532501125,0
2026-02-24,6921.9814453125,7017.787416873919,6921.9814453125,6969.88443109321,159225400,34.042543962759936,7023.8032105055045,6931.56220703125,7051.31962890625,7143.93203125,7303.608675130208,-159.3948457747956,-151.30069341496812,1
2026-02-25,7017.78759765625,7065.690584670968,6945.933117134172,6969.884610641531,133278000,36.73470406643423,7003.438857466904,6936.35244140625,7008.20693359375,7132.754654947917,7277.262027994791,-149.46190788815875,-150.93293630960625,0
2026-02-26,6993.8359375,7065.690416309932,6898.029965753425,7041.738923373288,127811900,27.27273148476337,7006.308605504773,6945.9330078125,6991.44091796875,7115.190234375,7251.71376953125,-141.88709573430424,-149.12376819454585,0
2026-02-27,6874.07861328125,6969.884586985518,6874.07861328125,6898.030106707317,193104700,24.489802710956155,7003.814071903818,6969.88447265625,6974.674853515625,7092.835514322916,7228.560660807291,-143.8887577083142,-148.07676609729953,0
2026-03-02,6730.36962890625,6850.127095612767,6682.466642223643,6778.272615588857,156182700,24.00000326180067,6977.866980179305,6960.30390625,6948.32822265625,7052.916373697916,7199.818863932292,-155.2812180345809,-149.5176564847558,1
2026-03-03,6778.2724609375,6826.175446527164,6730.369475347836,6778.2724609375,103031100,31.111110104382192,6928.367509924695,6907.61064453125,6919.58642578125,7003.416634114584,7168.681917317708,-158.6160397460053,-151.33733313700571,0
2026-03-04,6586.66064453125,6778.272590553977,6538.757658025568,6778.272590553977,216518700,26.923070891639995,6898.348500127257,6878.86884765625,6907.61064453125,6965.09423828125,7136.74658203125,-174.70647470621225,-156.01116145084703,1
2026-03-05,6802.22412109375,6826.175614477883,6658.515160788952,6682.466654173085,110256300,38.3333350321882,6836.010929008056,6792.64345703125,6869.288232421875,6925.17509765625,7096.827425130208,-168.12603701812805,-158.43413656430323,0
2026-03-06,6706.41796875,6802.223939732143,6706.41796875,6778.272446986607,102725700,38.98304381973438,6829.253567425196,6754.32109375,6862.102783203125,6901.223600260417,7068.085628255209,-168.69711323843876,-160.48673189913035,0
2026-03-09,6586.66064453125,6658.515124289773,6538.757658025568,6610.612137784091,150426400,38.98304381973438,6804.686447690157,6720.78896484375,6840.546435546875,6872.481803385416,7045.730891927084,-176.77535422350047,-163.74445636400438,1
2026-03-10,6682.466796875,6754.321278561828,6634.563809083781,6658.515302979391,129977900,39.99999999999999,6761.081287058376,6692.04716796875,6799.82890625,6843.740006510417,7020.981022135416,-173.44727042969043,-165.68501917714158,0
2026-03-11,6538.7578125,6706.4182692307695,6538.7578125,6682.466775412088,91723400,38.70968166207154,6745.358389021701,6672.88603515625,6775.87744140625,6829.369108072917,6999.424690755209,-180.32715486696725,-168.61344631510673,1
2026-03-12,6610.6123046875,6730.369773975317,6538.75782311481,6538.75782311481,98787400,39.68255046891615,6704.038273717362,6663.30546875,6727.974462890625,6800.627311197916,6973.078059895834,-177.93038512204657,-170.4768340764947,0
2026-03-13,6586.66064453125,6730.369604048296,6562.709151278409,6562.709151278409,107940600,36.065580892804086,6685.3530799113905,6624.98310546875,6689.652099609375,6783.062890625,6953.916878255209,-175.9355511164449,-171.56857748448473,0
2026-03-16,6466.9033203125,6586.660789207176,6419.000332754629,6562.709295428241,127757500,34.920645707011374,6665.6145928353635,6601.031640625,6660.910302734375,6760.708170572917,6949.126578776041,-181.9209742563835,-173.6390568388645,1
2026-03-17,6490.8544921875,6538.757477369696,6466.902999596402,6466.902999596402,160903900,31.66665477468257,6625.872338330791,6577.08017578125,6634.563671875,6725.579329427083,6934.755680338541,-182.62660005113503,-175.4365654813186,1
2026-03-25,6610.6123046875,6634.563798545063,6395.048859969429,6395.048859969429,314281100,37.50000796338118,6598.868769102133,6538.75771484375,6605.821875,6696.837532552084,6914.79609375,-171.54489618604202,-174.6582316222633,0
2026-03-26,6586.66064453125,6682.466617542614,6562.709151278409,6610.612137784091,145934900,39.99999999999999,6601.217476219207,6553.12861328125,6608.217041015625,6669.692513020834,6892.441373697917,-162.81839572088575,-172.29026444198777,0
2026-03-27,6419.0,6562.70895522388,6419.0,6490.85447761194,283556500,39.344257912120554,6598.306109881616,6548.33828125,6586.660693359375,6642.547493489584,6867.69150390625,-167.50055194901506,-171.33232194339323,1
2026-03-30,6450.0,6500.0,6350.0,6400.0,242278100,38.6343165192271,6562.444887905293,6514.80615234375,6557.918896484375,6612.208919270834,6832.562646484375,-166.78713529642118,-170.42328461399885,0
2026-03-31,6450.0,6550.0,6450.0,6450.0,150657800,44.54460222012144,6539.955910324235,6511.42548828125,6544.25283203125,6593.517610677083,6798.467122395833,-164.3274825310391,-169.2041241974069,1
2026-04-01,6500.0,6650.0,6500.0,6550.0,132798100,36.097778133157476,6521.964728259389,6503.25458984375,6521.00615234375,6571.632779947917,6768.363509114583,-156.53912230139758,-166.67112381820505,1
2026-04-02,6575.0,6600.0,6500.0,6550.0,72725400,43.836839188638365,6517.5717826075115,6481.13212890625,6517.13037109375,6565.855403645834,6745.515250651041,-142.6703030639137,-161.8709596673468,0
2026-04-06,6500.0,6625.0,6450.0,6600.0,57914600,45.75775147753615,6529.057426086009,6478.8,6513.569140625,6550.70712890625,6725.965364583333,-136.16145262925966,-156.72905825972938,0
2026-04-07,6500.0,6525.0,6450.0,6500.0,65168700,40.1432568621493,6523.245940868808,6495.0,6504.903076171875,6536.945930989584,6704.7138671875,-129.5102284695813,-151.28529230169977,1
2026-04-08,6750.0,6850.0,6625.0,6650.0,163594000,60.235745043297214,6518.596752695047,6505.0,6508.212744140625,6531.1685546875,6687.454280598959,-102.88023542744395,-141.60428092684862,0
2026-04-09,6475.0,6800.0,6450.0,6775.0,182409800,44.50975787378694,6564.877402156038,6565.0,6534.127294921875,6535.670768229166,6682.519938151042,-102.78117836676756,-133.8396604148324,1
2026-04-10,6700.0,6700.0,6475.0,6525.0,167336100,53.94614035821426,6546.9019217248315,6560.0,6520.566064453125,6531.420247395833,6666.023779296875,-83.58355612986543,-123.78843955783901,0
2026-04-13,6575.0,6700.0,6575.0,6650.0,81955300,53.74991615359442,6577.521537379866,6585.0,6531.9,6537.379427083333,6660.221158854167,-77.56167482027013,-114.54308661032525,1
2026-04-14,6750.0,6800.0,6675.0,6675.0,105010900,58.13710032031409,6577.017229903893,6600.0,6547.5,6536.60205078125,6648.655110677083,-57.99966895297803,-103.23440307885582,0
2026-04-15,6550.0,6800.0,6550.0,6775.0,104880600,48.188094619487316,6611.613783923115,6650.0,6577.5,6555.475162760416,6640.52724609375,-57.96676214580657,-94.18087489224598,0
2026-04-16,6525.0,6650.0,6500.0,6575.0,122416100,48.157910782788356,6599.291027138493,6610.0,6587.5,6559.418196614583,6628.127864583334,-59.27469257157372,-87.19963842811154,0
2026-04-17,6425.0,6550.0,6425.0,6500.0,156827000,50.18679950186799,6584.432821710794,6620.0,6590.0,6553.710709635417,6611.701611328125,-67.60113729180193,-83.27993820084961,1
2026-04-20,6475.0,6575.0,6425.0,6450.0,137435700,50.76923076923077,6552.546257368635,6565.0,6575.0,6542.933333333333,6592.740413411459,-69.36571777298468,-80.49709411527662,1
2026-04-21,6500.0,6525.0,6425.0,6475.0,112151900,51.515151515151516,6537.037005894908,6545.0,6572.5,6546.666666666667,6579.43779296875,-67.96342934345012,-77.99036116091133,0
2026-04-22,6450.0,6525.0,6450.0,6475.0,95673700,48.484848484848484,6529.629604715927,6495.0,6572.5,6550.0,6571.758805338542,-70.07886229075575,-76.40806138688022,0
2026-04-23,6425.0,6550.0,6425.0,6450.0,95913400,45.3125,6513.703683772742,6475.0,6542.5,6550.0,6560.816389973958,-72.93193525755396,-75.71283616101498,0
2026-04-24,6050.0,6425.0,6050.0,6400.0,435004800,38.15789473684211,6495.9629470181935,6455.0,6537.5,6545.0,6555.427701822917,-104.2506455847315,-81.42039804575829,0
2026-04-27,5975.0,6050.0,5950.0,6025.0,273263100,36.708860759493675,6406.770357614555,6380.0,6472.5,6510.0,6530.353564453125,-133.58296113354754,-91.85291066331614,1
2026-04-28,6000.0,6075.0,5950.0,6025.0,174091200,28.57142857142857,6320.416286091644,6280.0,6412.5,6475.0,6505.972965494791,-153.0475050976238,-104.09182955017766,0
2026-04-29,5975.0,6050.0,5950.0,6000.0,176050900,33.33333333333333,6256.333028873316,6180.0,6337.5,6441.666666666667,6486.417610677084,-168.5476748119545,-116.98299860253303,0
2026-04-30,5850.0,5975.0,5800.0,5950.0,303405400,19.64285714285714,6200.066423098653,6085.0,6280.0,6390.0,6462.835384114584,-188.74242117147878,-131.3348831163222,1
2026-05-04,5900.0,5950.0,5800.0,5800.0,207566700,24.52830188679245,6130.053138478923,5970.0,6212.5,6348.333333333333,6439.876790364583,-198.42500112641756,-144.75290671834128,1
2026-05-05,5950.0,6075.0,5875.0,5900.0,179928300,16.666666666666657,6084.042510783139,5940.0,6160.0,6295.0,6416.189713541667,-199.7612104799864,-155.7545674706703,0
2026-05-06,5950.0,6000.0,5900.0,5950.0,90843100,20.0,6057.234008626511,5935.0,6107.5,6253.333333333333,6394.967692057292,-198.53161711905068,-164.30997740034638,1
2026-05-07,6225.0,6325.0,6000.0,6000.0,238690900,38.00000000000001,6035.787206901209,5925.0,6052.5,6200.0,6377.737581380208,-173.36846998875535,-166.1216759180282,0
2026-05-08,6175.0,6425.0,6175.0,6225.0,201784700,39.58333333333334,6073.629765520967,5975.0,6030.0,6178.333333333333,6368.875764973958,-155.66664850503366,-164.0306704354293,0
2026-05-11,6150.0,6275.0,6100.0,6225.0,126301300,36.170212765957444,6093.903812416774,6040.0,6005.0,6155.0,6354.355354817709,-142.0180231430868,-159.6281409769608,0
2026-05-12,6125.0,6150.0,6050.0,6125.0,107394400,34.04255319148936,6105.123049933419,6090.0,6015.0,6136.666666666667,6339.8,-131.70051867839175,-154.04261651724698,0
2026-05-13,6100.0,6200.0,6025.0,6125.0,147339600,34.78260869565217,6109.098439946735,6125.0,6030.0,6113.333333333333,6330.0,-124.11044516698348,-148.0561822471943,0
2026-05-14,6100.0,6100.0,6100.0,6100.0,0,35.55555555555556,6107.2787519573885,6155.0,6040.0,6086.666666666667,6318.333333333333,-116.74944232850703,-141.79483426345686,0
2026-05-15,6100.0,6100.0,6100.0,6100.0,0,53.33333333333334,6105.823001565911,6130.0,6052.5,6063.333333333333,6306.666666666667,-109.65179688721037,-135.36622678820757,1
2026-05-18,6125.0,6125.0,5900.0,5950.0,208748400,60.714285714285715,6104.658401252729,6115.0,6077.5,6041.666666666667,6293.333333333333,-100.84706844303491,-128.46239511917304,0
2026-05-19,5950.0,6200.0,5950.0,6050.0,184830100,47.05882352941176,6108.726721002184,6110.0,6100.0,6046.666666666667,6278.333333333333,-106.75963654582665,-124.12184340450376,1
2026-05-20,5975.0,6100.0,5875.0,5975.0,195107100,50.0,6076.9813768017475,6075.0,6100.0,6045.0,6260.0,-108.18105444350113,-120.93368561230324,0
2026-05-21,5950.0,6150.0,5925.0,6000.0,210976100,56.666666666666664,6056.585101441398,6050.0,6102.5,6043.333333333333,6242.5,-110.05617040956076,-118.75818257175474,0
2026-05-22,5900.0,5975.0,5825.0,5900.0,288919700,50.0,6035.268081153119,6020.0,6075.0,6041.666666666667,6215.833333333333,-114.25968097659279,-117.85848225272235,1
2026-05-25,6100.0,6175.0,5925.0,5950.0,263179200,58.33333333333334,6008.214464922496,5980.0,6047.5,6045.0,6196.666666666667,-100.29650913051682,-114.34608762828125,0
2026-05-26,5975.0,6100.0,5950.0,6050.0,225158700,51.21951219512195,6026.571571937997,5975.0,6042.5,6058.333333333333,6176.666666666667,-98.18523193908277,-111.11391649044157,0
2026-05-27,5975.0,5975.0,5975.0,5975.0,0,33.33333333333333,6016.257257550397,5980.0,6027.5,6060.0,6156.666666666667,-95.41217736529143,-107.97356866541155,0
2026-05-28,5975.0,5975.0,5975.0,5975.0,0,35.71428571428571,6008.005806040318,5980.0,6015.0,6061.666666666667,6130.833333333333,-92.15223799989599,-104.80930253230845,0
2026-05-29,5700.0,5875.0,5700.0,5750.0,1014028000,26.31578947368422,6001.404644832254,5985.0,6002.5,6045.0,6111.666666666667,-110.48530843441677,-105.94450371273011,1
2026-06-02,5825.0,5875.0,5700.0,5750.0,346305200,35.71428571428571,5941.123715865803,5945.0,5962.5,6013.333333333333,6084.166666666667,-113.61822335110082,-107.47924764040427,0
2026-06-03,5525.0,5825.0,5525.0,5775.0,353332300,28.30188679245282,5917.898972692643,5890.0,5932.5,5991.666666666667,6064.166666666667,-138.7096156835314,-113.72532124902969,0
2026-06-04,5425.0,5600.0,5300.0,5475.0,550059500,26.31578947368422,5839.3191781541145,5800.0,5890.0,5951.666666666667,6032.5,-164.76458556582293,-123.93317411238834,0
2026-06-05,5075.0,5375.0,5075.0,5325.0,572612000,21.126760563380273,5756.455342523292,5690.0,5835.0,5906.666666666667,5996.666666666667,-211.22059233325126,-141.39065775656093,0
2026-06-08,4850.0,5050.0,4850.0,4950.0,705093300,17.72151898734178,5620.1642740186335,5510.0,5747.5,5838.333333333333,5950.833333333333,-263.15939430393337,-165.74440506603543,1
