Date,Close,High,Low,Open,Volume,RSI,EMA_9,SMA_5,SMA_10,SMA_15,SMA_30,MACD,MACD_signal,target
2020-02-18,5025.56139968128,5565.01568334578,5523.60931665422,5536.031226661688,98436500,50.16168668229306,4871.249317957122,4690.880095292655,6992.108558956063,5231.746964318975,3836.2197704464306,94.3786971813041,-41.11191023387697,1
2020-02-19,5676.869666893618,5598.140776699029,5519.468679985063,5519.468679985063,74594000,33.04147138655837,5631.524610218707,5894.006817792394,5293.867327682964,5740.831745490621,6408.112159113612,80.66648969321362,-49.68842244274935,0
2020-02-20,4729.066152865977,5544.313232606971,5436.656664983534,5540.172595390684,136724500,75.6639341052826,5609.871632346383,5128.3301763448735,5292.0938923430895,4443.093543292311,5114.053509879901,-60.298516034239775,43.11376598642835,1
2020-02-21,5459.007738713142,5515.328231292518,5461.499952758882,5465.640589569161,98261000,64.31611200383217,5148.676872587077,5604.629148949302,4358.789731592839,6675.632159113251,5195.101801132694,37.588961760965844,62.04069022603155,1
2020-02-24,7518.261147983158,5465.640310704023,5391.108851921696,5436.655854510896,84910000,55.584072887785325,4710.742476698126,5362.898801006602,5281.691493503601,4895.580699505825,5892.150133110515,80.34555533585576,-59.92037567731675,0
2020-02-25,5580.365582024887,5432.515696784073,5391.10932714395,5424.234422856049,86446500,41.51502327251185,4964.183458566601,5956.384466585699,6465.988439595064,6513.590932815024,5716.02135817283,-38.05223605175732,52.88665311549591,1
2020-02-26,6897.530516240404,5411.812779887072,5316.578125,5382.82831970405,92824500,20.001360823674354,5258.82866677079,5284.248134252452,4818.27436657408,5751.612755568405,6143.5448083844985,-138.65368013625832,38.1593426752179,0
2020-02-27,5200.631654050585,5362.124454273897,5134.389438841416,5357.98381762967,129254500,19.88954723280703,4827.91665146336,5683.86750285194,6919.774140610043,4638.073562412044,3639.17075045642,-35.6493704446187,-133.6479267352252,1
2020-02-28,5796.974237573666,5208.9208984375,4997.748429581926,5134.389438841416,169946500,10.950177350569376,6058.067831915449,6167.19413104726,5996.6574241210465,4435.447742210086,5643.3189795486915,-83.18726694207507,-41.02950204686493,0
2020-03-02,4523.90630344334,5208.920899240594,4997.748430352462,5208.920899240594,144871500,11.777492853372062,4703.346539098906,4232.610428080345,5672.160982618147,6008.001479323176,5205.275966614382,-106.93460416967899,-51.18815714584648,1
2020-03-03,4846.455683855213,5258.609449169304,5134.390328322785,5134.390328322785,114663500,39.28053659423773,4698.582302012229,6434.580446566635,5781.247825351339,5923.075524118509,5826.31368434602,-95.8462033887013,15.461532516561313,0
2020-03-04,4671.819548267525,5382.826792083172,5184.076264375485,5229.623260308497,83025000,32.656542242520366,5918.325350125168,4866.845383618331,5131.500546021386,5502.246886167798,5920.603578035346,-10.45947406534259,-125.32680334500637,0
2020-03-05,4506.867934603449,5415.95337995338,5250.327894327895,5415.95337995338,77583000,43.239466528685895,4961.860339871819,5694.867991316295,5538.246729016239,4672.296513885856,5455.762412340318,-69.26322349504653,-38.2636548710781,1
2020-03-06,6642.393298139264,5258.608252740676,5134.38916015625,5258.608252740676,77835500,7.857679708072634,4787.012153492069,5903.311136720458,6119.951216158973,5326.097315377554,4486.817747459405,-121.27524865690614,-238.1116467942931,0
2020-03-09,4072.339745446586,5001.888254915731,4790.7158203125,4968.763167134832,140889500,34.09721491724009,3889.6533756949193,4408.183769881146,5255.943554485557,5847.041406099454,4234.734157030608,-71.40480615082839,-141.10302130607866,1
2020-03-10,4608.295111371643,4977.045613297732,4836.2639570147685,4836.2639570147685,133667000,16.06206651987998,4953.1397207228665,4436.001803407478,4147.636242696505,5450.679680682717,4662.720820381446,-190.22204731272436,-153.97327418998552,0
2020-03-11,4182.669591992981,4952.201974826389,4794.857764923879,4927.358152210203,93204500,26.19901373395661,5532.829964329967,6274.2353302749025,5586.84795504922,6317.721149629236,6603.527026072427,-163.52058071830342,-96.15355594206675,1
2020-03-12,5914.101202096787,4670.638868592626,4521.575925977967,4637.5137702338125,129845500,37.18808422693154,5823.797679372161,5027.632708616447,5097.313266869224,4834.458996430763,5271.70451452523,-238.67981357451015,-139.65891327042684,0
2020-03-13,4182.248551538817,4604.388671875,4604.388671875,4604.388671875,0,19.085848967282686,4278.287763683952,3813.1651933409976,5063.891748486427,4663.287486251958,6178.688441093743,-184.5610517455395,-207.3413352134048,0
2020-03-16,3887.986969412005,4604.388671875,4604.388671875,4604.388671875,0,36.64663340034274,5523.169978973371,4389.537275695963,5537.5860430175435,4697.066665852704,4440.557208779681,-217.23258068677018,-97.27067045140035,1
2020-03-17,3934.512575117636,4558.841774940491,4240.0126953125,4550.560500144959,212200000,30.103757203305342,4865.5552791296905,5594.74558661607,4241.312841123194,5688.017625657312,4955.272975445151,-258.93425101381655,-198.72266567652096,1
2020-03-18,4273.517226137379,4455.325109375,3946.0267929687498,4240.012,180053500,35.43837061432982,5180.064658937003,4590.378143263488,3054.1629201728133,5179.278709141398,5786.5794400973255,-326.94818142614486,-182.7107698350749,0
2020-03-19,2948.3322423925415,4136.496438697077,3850.79248046875,4136.496438697077,264419000,23.09318742958246,6227.69333831928,4356.043747721293,5509.6017421873685,5915.595879920685,5070.332965566395,-343.7119143475937,-228.59468996423783,1
2020-03-20,5204.40551365373,4459.465341827811,3581.650437029765,3809.3854359160505,335132000,16.07992308496277,4197.758803751815,2991.5034296490594,4861.230929588091,5525.250945368541,6620.709899023013,-414.70084670447943,-254.99672964671478,0
2020-03-23,3717.0080647359014,4140.637399918877,3647.901549328531,3941.886804722771,217843500,9.955076355647936,4773.443602893899,2829.972702100892,4772.363439185333,5481.839177238603,5383.901581301587,-374.6700729129367,-260.8664186367714,0
2020-03-24,2578.3085720214167,4136.496298828125,3685.166872829861,3685.166872829861,253971000,6.29732836176692,4716.393643202622,2179.9066541434026,3478.2781495474305,5587.8114627996865,5285.220133885459,-500.0193520483933,-375.03597162883057,1
2020-03-26,5609.3971187495135,4467.747845736417,3850.792860551314,3850.792860551314,331633000,37.29931212700686,3338.0785190415904,3733.881103318084,3300.8923159547508,3898.762088918613,3799.301504509753,-476.45617567965496,-324.47859604211004,0
2020-03-27,4414.823883488729,4881.810457371541,4434.621713184834,4438.762349705082,269683000,40.656367484704035,3654.015380853302,3200.276139954258,4296.927882456344,4603.457992205967,6381.655764113626,-339.0917008137784,-330.132240670792,0
2020-03-30,4015.955981861745,4600.247208932837,4268.996284797259,4538.137660657416,159964500,31.024601947437873,4645.93061726894,3636.388610338489,3606.0291931561464,4174.038206545999,5390.374483759255,-327.0075989137755,-302.46641207387586,0
2020-03-31,3672.0580411198916,4728.606870404412,4542.278228400735,4687.200505514706,182638500,51.79930049634088,5082.560158796124,4802.785534116377,4865.044842243136,3134.753135147169,4878.975785074823,-310.5389936494942,-351.74632891928667,0
2020-04-01,3109.9628427859884,4761.73309548928,4492.591659657277,4604.388871464416,152831500,45.94403548482493,4567.453109243135,4446.239296757036,3609.5111200142755,4976.7817439299415,4168.820008343995,-269.78904486797126,-334.1068285060304,1
2020-04-02,5167.376379587029,4529.8575735039285,4438.7635455175605,4529.8575735039285,136623500,29.563073372112676,4094.5529828255694,4927.703813781767,4567.9355391446015,3505.0044251836944,4896.020914955761,-169.9607476161073,-162.1022477264509,0
2020-04-03,4532.534792587617,4579.544026174363,4442.903019968438,4521.575114450637,110506000,59.23690270092329,4985.606856154687,3707.972802377872,3544.2324553983663,3459.2339884459943,4597.160660575443,-113.6034554785797,-295.0703068004228,0
2020-04-06,4180.254439492943,4753.451183794682,4550.559974730275,4571.263159328684,78184000,54.28777580893412,4210.521011034827,5179.582861675457,4305.8560761287035,4084.9597615912203,3942.5190641129448,-177.70077433478772,-250.90168939170988,1
2020-04-07,4661.8596609128645,5051.577247734306,4620.950990550398,4749.3107402879095,149153500,49.33184748322173,4617.685265755165,4232.775988589656,5366.463506641694,4449.061169807147,4545.937677734674,-29.03914169246903,-145.08379111032548,0
2020-04-08,4349.966863918889,4687.200251635981,4538.1373461069215,4683.059615371284,106111500,55.129838910013966,4567.474921682663,4832.070193227435,4878.527399796604,3724.564262486856,4730.9642474999555,-55.66426467006039,-125.18650400728049,1
2020-04-09,4905.688866936235,4716.185294225453,4554.700459743633,4637.513195375335,89997000,81.1750915127098,4432.05949049617,4881.453840106997,3466.379925193759,4357.122179047751,6018.331423348142,-63.02701314627923,-177.37896831821425,0
2020-04-13,4849.461348445184,4649.9343372691765,4538.137162642045,4587.824795809659,58043000,70.78676653915574,5438.861554481594,4659.44684875939,4860.982084202853,5029.529125385969,4484.063905335915,-92.3410030797203,-183.30361157695174,0
2020-04-14,2942.1515305475214,4629.232607802584,4509.154123342589,4558.841772084656,95796000,75.50825533090963,4735.707479955877,4491.185347087275,4003.8481903938386,4691.089572738441,4148.959638668827,-82.22554085407135,-157.0121909173011,1
2020-04-15,5075.36971640332,4662.356279733079,4509.152743010056,4567.121648797146,95342000,73.91251849493021,4092.0125800795254,5111.070509464999,4821.78394154109,5209.201779349556,5192.123926128061,-48.31898630386316,-198.86433362373995,0
2020-04-16,4146.204827047243,4571.262859315363,4293.840203904014,4542.278402779849,176990500,45.52783193240429,4627.673267903411,5132.643587373592,4795.590127052237,5078.764737632272,4128.147579462245,-116.61911329046771,-150.10596754986003,1
2020-04-17,5032.531123909595,4509.15385719686,4372.512831221198,4389.075379824309,160935500,50.95963939055666,5943.784366289,4364.886813792263,3854.9237786405397,4112.868344563845,5630.715047301912,-153.5930557457591,-64.92364405567507,0
2020-04-20,4911.284467777387,4554.701542075163,4413.919858047386,4496.732613357844,90744000,34.80580382475045,5170.55180953321,4282.52818307869,4064.7725820446335,3211.042779638342,4729.758266528661,-20.142540575306796,-52.16673387017523,0
2020-04-21,4747.1785886769085,4511.283257063045,4347.0068359375,4511.283257063045,73431000,31.793830881829294,4641.239051107616,5190.310764776473,5012.144329969203,4149.8911406192965,5134.504001117876,-68.39119678141377,-50.018368915516994,1
2020-04-22,4836.777030572811,4410.19149308719,4250.127236413538,4347.008233873907,107263500,39.63027774424342,4744.393408415973,5111.428842733059,4301.751408552013,3166.9509109515457,4096.788688137731,-97.39360973736194,6.253514825727962,0
2020-04-23,3078.6227810557384,4418.6154799461365,4313.31005859375,4363.856660842896,105419500,37.928362119215,4574.631458298948,5685.104698583119,4473.835667510565,4590.931910459967,3956.540443049067,-169.7876875457382,-156.78496723659626,1
2020-04-24,4501.528632504288,4330.159846608231,4144.822265625,4313.310975609756,131149500,38.7511318391096,3895.7101980482003,3746.2386763014165,4650.939516752113,3670.357805199193,4062.1079736774514,-72.77520024201186,-66.54652968343062,0
2020-04-27,3534.7781998128385,4229.065150107107,4090.062012703188,4161.669689547631,151103500,8.333267136359275,4643.850250730972,5104.28574344955,4969.525277075606,5496.451397985664,4353.652536832637,-24.698710262302455,-111.85457036358076,1
2020-04-28,4305.677929331222,4191.155501655911,4047.940137780231,4178.518851902174,180488000,21.10652126609608,4216.64258636304,4310.945352128879,4196.130799950083,4235.400020448928,4086.7090925749594,-137.28114139206917,-76.54401758800446,1
2020-04-29,4493.600123334594,4085.8505859375,4043.7284149484535,4064.789500442977,121161000,16.2839475121651,3706.1190763786126,4122.101126989604,4799.576517111055,3486.26789042477,4512.801319121255,-131.4724555060759,-243.65315771247862,0
2020-04-30,4355.185554094171,4422.827597051801,4111.123556878627,4111.123556878627,174081000,37.13949588839979,3980.4755934630075,5375.395546046013,3383.0269343270274,4600.939474442161,4121.582053091138,-92.99887726207719,-93.44429709254176,0
2020-05-04,3659.1695510864233,4464.951153166906,4212.218069025383,4338.584611096145,114497500,36.02794047410402,4614.505696776309,5446.685654420603,3641.3860271024096,3914.7050032315997,3867.4202027924707,-122.50074493879455,-88.57829201063953,1
2020-05-05,5021.689260315898,4498.647371319182,4380.705305404446,4397.554171963694,118643500,37.29275762640056,4490.801288546,3490.1983818720946,4969.85877753721,3546.2008999062414,4952.305392063849,-20.48449910632013,-78.2284373861727,0
2020-05-06,3963.819899303625,4523.921319699755,4464.950278288399,4477.586930019404,86395500,52.544402177796165,4375.803984877875,4292.754549815651,3611.9390663952945,4031.2356166942404,5279.655106357128,-154.97679119714587,-147.6224554976118,1
2020-05-08,4329.590495541209,4549.194452305767,4338.583598032353,4502.860064365616,123028000,49.93773429187047,4343.757200456225,4018.7675350145855,3767.2965332719345,4058.368837221927,4051.7110353581074,-80.9487785260931,-91.59563940417597,1
2020-05-11,4757.384217836317,4486.011094911915,4418.615623063473,4418.615623063473,40615500,40.63938776151171,4735.274688530155,3264.708523746687,2674.8293063931305,4783.062992672155,4973.469876089242,58.361806130103446,-62.973171127314615,1
2020-05-12,5133.91758876969,4498.648897719109,4237.491377439535,4498.648897719109,118660000,47.49848340954385,4583.989102271749,3289.469600316158,4157.356213452396,3577.560759269827,4171.79805945166,-91.04516880845478,-64.17285458351029,0
2020-05-13,4242.312463733566,4355.433333842955,4283.825629127936,4347.008897994129,94973000,47.97432578803631,3744.554401727734,3469.452727426333,3852.908510899912,3259.8623684162994,5615.8543264350865,32.50734450576,-86.93399466864206,0
2020-05-14,3635.0766647522696,4304.886540110518,4132.185612376144,4271.188798113567,131268000,50.2807119716222,5883.393722582521,4299.3448181268295,4400.572929840886,4394.037279764096,3452.2942276088083,17.95802790470492,-1.1397716417213886,1
2020-05-15,3652.9519048463703,4208.004661631809,3942.634998285658,4144.821408454153,205790000,35.47131168336679,5416.013425707593,4456.419898989234,4994.574910808718,3799.3609940268725,3479.0926489775093,-87.15237831504264,-86.4756306710173,0
2020-05-18,2809.5298992590065,4081.638642157988,4001.606511919596,4043.728685729276,139997500,46.179928404372085,2884.02556051443,4509.3937899740195,3550.7941707766795,3676.9191572784093,4516.709223475618,-145.7678179822679,-19.429894215998118,1
2020-05-19,3330.399191648904,4178.519414396367,3942.63525390625,4077.426202757746,128504500,24.20963658833581,4187.96043353385,1150.4162004139116,4267.978815465397,4573.113947381698,4451.466216037203,-64.04263422847936,-131.7715669268208,1
2020-05-20,4464.251453135395,4043.728685729276,3951.05990334798,3976.333207633788,119158000,53.33739829776323,4133.885121605745,3996.506012922575,5051.200601846878,3878.9295382312484,4386.835369703633,-76.97163098863467,-141.77851905110072,0
2020-05-26,3973.653568952527,4212.216168102364,4022.666440537758,4022.666440537758,176076500,60.747286213278095,3654.3471021826535,4725.545843423965,3461.7538058147893,3069.3467802701907,4203.124701461914,-117.79707761415341,1.625232464586972,0
2020-05-27,3969.899577232915,4212.217947507553,4090.0636270298337,4186.944639822507,151753500,48.53359936943339,4941.551439432349,3467.5224442239187,4837.845335594111,4528.051427129599,4704.917909129788,-88.82802936234667,-12.834888673603572,1
2020-05-28,4889.153269988881,4481.798877921388,4212.2169905276205,4212.2169905276205,229233000,48.21189728030197,4720.039923598235,4508.956829620144,4183.410666015342,3324.782034013083,4999.21870420061,-89.60227980595315,-132.0920098044092,0
2020-05-29,4706.461483623085,4460.7378070809245,4372.28125,4460.7378070809245,399414000,43.75848902687979,5728.290318407144,4594.080456057103,3754.9620747280483,4155.030666454729,3727.7619721616875,-118.33068247990612,-115.4957268962473,0
2020-06-02,3894.8325497042624,4633.438155900187,4414.4028976212685,4431.251763642724,181369500,59.75346020697911,4947.947403533642,4195.714012464356,4478.461854950242,4687.479998487742,3800.592728595576,-5.719992242168342,-99.45877487485251,1
2020-06-03,5216.389185306672,4869.3232421875,4549.194724535035,4557.6191592101,279673500,67.75013815372127,4209.70152594326,4969.72721718234,3276.5630256046243,2808.3284915680583,4375.038101395536,-7.458833971838384,-5.002678980450071,1
2020-06-04,6091.705880899522,5046.236248009769,4717.683303648532,4869.323124122949,236158500,65.56798000909542,4457.234283287213,4622.9569058543275,3447.083720660955,4695.051995002288,4354.088315909235,135.27948196216568,-13.56972257056501,0
2020-06-05,3581.1395495138513,4932.50641844637,4705.046686084198,4877.74759398881,88157500,64.52090049092823,4963.254886713646,5878.048960990155,4409.88004767107,5435.176020081877,4191.379597965103,124.57316948041026,-51.474712964856735,1
2020-06-08,6121.461965021494,4991.477590787209,4848.26219999669,4848.26219999669,173557500,73.496242219939,6160.5386776052155,3536.1078914031905,5604.817112395527,3358.8669594528174,3891.9312870124427,103.85765896630478,-27.358747365397463,0
2020-06-09,3889.940113561741,5050.447525957553,4881.958867877234,5004.113144985466,100110000,68.85732311829136,4770.578815143803,4049.9911694442835,2912.644145064556,5880.465214341646,3382.363793872173,140.43368410437452,83.94826850384621,0
2020-06-10,3294.979006439484,4940.930203983701,4713.470501498518,4886.17138671875,115382500,79.74989713904576,5024.547708249469,4751.667046142741,3462.4956805622987,5106.49653718616,3971.5453358660493,107.42026812595583,109.07598558427713,1
2020-06-11,5993.395206957165,4894.595258685904,4721.89439327616,4844.048663931833,85187500,66.86671262976503,4943.270209984665,4430.417256585529,5134.9508815706195,3888.2590054998554,5446.500355756556,150.7977345359164,72.95723937305306,0
2020-06-12,3476.660474929955,4785.07922040344,4616.590515459657,4785.07922040344,96044000,78.05727107703814,4902.112278310658,4973.897607278318,4673.081878009056,5392.180603052111,4702.293602211892,159.50089494690238,151.10242510441344,1
2020-06-15,5144.285088184466,4810.351075106534,4633.43798828125,4785.077776988636,100844500,75.98265570351488,4069.895208258943,5579.998100449348,5619.105261095907,4542.768034630293,4605.745194119026,136.18584037816996,33.8961350463767,0
2020-06-16,4969.136286371257,4881.959640926785,4700.83430480957,4700.83430480957,91518500,64.32941988995786,4714.198409228079,4438.756058205257,4552.259826630238,3959.570288447793,4735.461607585072,122.13949112624813,97.560254908145,1
2020-06-17,5942.301857366116,4886.1713457441,4785.078145487325,4886.1713457441,79800000,69.13468638856288,4187.064063754788,5433.082008651663,4391.3565308420775,4466.009805257557,3686.3339492710934,206.4852562297243,18.16745792472007,0
2020-06-18,4368.947081777837,4835.625113655438,4705.04638671875,4818.776245663607,68032000,55.59046429633467,3997.8103052627184,4177.754685299023,3788.149433516426,3902.6397295429506,4916.249475576731,37.875686714556494,56.9268488369633,0
2020-06-19,2735.268626316012,4759.804832013733,4671.348282038257,4717.682665358745,110071000,66.47087152873881,4844.767050349783,5159.637873004598,4600.16055218122,4064.5636547557465,5056.391920146787,50.918665537918805,33.13689016976291,1
2020-06-22,5140.087354233839,4768.229434016809,4658.711796839745,4713.470615428278,51590500,59.06603576820984,4325.000800621201,4257.509006194289,5654.920709762108,5223.847669627409,4032.8020139633404,102.51613843120896,200.5862033572027,0
2020-06-23,4299.32880745746,4768.229473073287,4650.287401301157,4692.409569791204,69954000,57.295605274673385,3704.945882144748,4334.3803391646425,4884.039599474488,4191.293532356505,5059.992484860323,-17.182950005022747,135.6570641112497,1
2020-06-24,4569.803317046926,4852.474035933392,4751.380826851446,4759.805260941608,57333000,34.9660993346493,4512.943306496923,4190.066670815806,3168.6621120966083,4011.723270499818,4410.251450447705,110.40085613709559,143.0460937072826,0
2020-06-25,4059.3417543506453,4839.837638595114,4751.381076009825,4801.927683201419,51415000,42.687069983675116,4578.569252041663,5279.619128709392,4758.5443151916015,5242.571906305902,4226.055077318824,76.92027791915064,151.0802108659211,1
2020-06-26,5067.522856405662,4852.474258193091,4751.381044480735,4818.776520288972,57467500,27.557425035315596,4625.300584043167,4271.402695660063,6156.317154504515,6238.99886145927,5417.261599961481,-7.372089952917207,111.39011794665483,0
2020-06-29,4413.156911394563,4797.714098637115,4705.0453451954845,4751.3797219163,48796500,50.896383397233585,4229.520392131163,5366.731206153072,4276.044652459003,5130.461805297185,4015.7235269490798,18.957043323656002,61.64705834422958,0
2020-06-30,4370.3762003118445,4835.625286366879,4768.229811992427,4801.927549179653,74474000,38.053306753352885,3897.51418244749,3898.4861008574835,3828.759969940278,4308.440214213233,4619.442726603889,70.94910857592228,133.28020466860983,1
2020-07-01,5652.471385223428,4886.17138671875,4780.865968901535,4801.927052464978,63959000,62.55295112655954,4936.053618270262,4205.65207341641,4923.375761354724,3554.8891272428978,4181.429909811154,77.95863245670547,124.25012107602771,0
2020-07-02,4634.7630871218735,4945.14208984375,4852.4733283645655,4865.109977657182,75585500,53.79107935316583,4654.385129128659,2222.5798910000035,5272.531058249321,4507.187863197073,3857.4818471874246,133.7516599770538,96.44026493600839,1
2020-07-03,5597.742075869193,4974.627604859855,4919.868791258518,4945.14208984375,52219000,64.5209698758506,4566.760526888532,4638.413321268176,5230.844804984168,4699.767112113707,2672.6465736118416,95.27428620456827,61.27710245284476,0
2020-07-06,4634.779557525556,4999.90234375,4928.294643797389,4936.719079085931,67800000,66.45403829968217,4369.608257883328,5637.824946717891,4179.78742949612,5241.802419726178,4045.369664208959,148.90366835794563,83.22979162778549,0
2020-07-07,3768.1820960023897,5050.448545427274,4970.416416684057,5004.114155102254,74168000,79.91721445684148,5654.27823468568,5535.309049789487,4893.271574102132,4435.021545778292,3285.5603668157,98.2074809498081,120.75243939059646,1
2020-07-08,4093.251396034414,5277.908238564768,5037.8118542086695,5046.236288747479,106444500,87.48586362280003,5575.011046347729,5341.670834956666,3559.3775000995697,5511.261331772459,4221.141527602124,262.48692901587464,66.49033161503651,1
2020-07-09,5722.6389912027,5256.846862192622,5079.933746638063,5231.573559970543,93543500,75.2117634858409,5309.536509269857,4799.1915411448845,4205.576421245182,5970.851810394583,6011.03615668906,42.672902525949524,104.37645373294491,0
2020-07-10,4844.161331379504,5256.8471522177415,5122.056199596774,5138.905068674395,67224000,85.99492767548487,4628.627975784664,4147.589744448884,6125.487704615498,4942.199551476974,5428.02971871348,170.27439423413347,-28.969013684124818,1
2020-07-13,5094.7343158371095,5256.847697368421,5172.603343243927,5248.423261955972,86006000,90.5537185978074,5581.759873659064,3570.56148823238,5575.302665564453,5902.539910814003,4532.854389334586,193.85809001755564,133.34499620281625,1
2020-07-14,5150.933287854678,5223.1494140625,5147.3295032132055,5202.0883277154735,45616500,69.37747410783822,4387.212911638668,4708.669984647732,5220.323244390402,5121.33188371985,5769.309623029883,148.4052510816999,175.0464378867159,1
2020-07-15,6915.554518038612,5256.847256097561,5181.02734375,5223.149517276423,61468000,78.05685060433912,5250.679180881812,5137.5033065546995,5499.480090698461,5025.280693074673,5479.661060431447,112.38842185298881,178.96106265512114,0
2020-07-16,5782.040061604936,5223.1491612307855,5172.602556444681,5181.026990575698,66520500,83.50197600449718,5256.156679753578,4687.205285147683,6184.589304665678,4615.711681407338,6421.335668694731,164.60026866297883,134.87917002878612,0
2020-07-17,4646.071951592392,5206.300020105698,5088.357948452819,5168.390068502988,73348000,78.77096703996746,4307.5653889782025,4340.537275697882,4667.9002245787415,4926.009826614629,4908.795316031307,197.5916605584788,147.30224773683815,0
2020-07-20,4468.106445242884,5189.450917396172,5105.206584321559,5155.753184166327,59794500,76.70464098923543,4757.014568322239,5385.407926893202,6087.550200024082,5058.845720092865,4176.03154146892,93.48401358737559,221.3884537371749,0
2020-07-21,4213.660556973129,5252.634934948336,5138.905068674395,5138.905068674395,84159500,76.0647679900014,4884.245218541424,5277.929263889593,5078.607949158484,5013.145761079566,4357.655556092579,114.3641034140849,80.11128601803192,1
2020-07-22,4995.437821213181,5265.271331885872,5164.178122313663,5231.573595361802,44725500,61.903597023761364,5420.400666312921,4443.3375472734215,6205.363712161051,4199.664957196435,5276.4694358156175,129.43874857010178,119.61763262161466,1
2020-07-23,5181.835436911868,5235.786065870716,5172.602806829637,5206.300544984879,84026500,70.67699101729144,4771.28787714952,4854.249851288473,4907.641169709664,5206.017673161701,3867.6087855794854,227.52902445227727,168.2560242076218,0
2020-07-24,4113.585358561753,5223.149125896516,5138.90478515625,5223.149125896516,58366500,58.88848290217351,4384.51968059998,5743.475593364534,4333.223704649532,4869.6178027902415,4711.138405302317,204.08992545136368,147.2203018671638,1
2020-07-27,4538.382708964019,5172.602521452356,5054.660444415983,5138.90478515625,41972500,50.637481919680795,5096.194886076837,6625.220829115321,5648.6489323173755,6818.204026239571,6351.02935085634,178.45515619219714,130.89910317654892,0
2020-07-28,4455.157166099534,5223.148857492926,5105.206786517279,5155.753388363985,65279000,62.94740310770471,4600.851637114852,5177.532847590629,5700.605324331802,5037.388426901944,5118.832291054562,106.18701613730458,135.75890261460162,1
2020-07-29,5207.457849698621,5210.511321200718,5138.9036474251225,5210.511321200718,50262500,52.35795965758851,5081.622299324116,5352.405680704025,6111.609352679461,3537.1683484582063,4517.147818194317,133.32742092636505,58.90149781816758,0
2020-07-30,4867.839340680732,5256.84619140625,5100.9941809238535,5168.389644916241,80533500,52.736296641066374,4777.25986889623,5744.023273321626,4965.997890843474,5319.922943404401,5108.162095377094,86.11335580972451,46.186408551953534,1
2020-08-03,6089.9151007756345,5252.634782750689,4907.232976667644,5239.9981313086255,137079000,52.29082876674468,5367.018152462135,5186.311524425793,5264.337318846131,5460.338218094146,3844.096631942702,193.82429203862958,143.6336419126344,0
2020-08-04,4854.159651653377,5239.998164817331,5164.178255680103,5185.239341551555,79357000,53.2167425085836,4646.002677209264,5434.33474160061,6926.589149378364,5546.399665558558,5931.036976092807,170.24575982286967,94.6570864802987,0
2020-08-05,4139.422079526928,5239.997489738618,5138.904290579674,5223.148623212127,49393000,54.94290985117499,5678.0612037021065,4890.57399980713,5564.4813116403475,4220.55242851858,5719.413247673898,43.0150873739419,125.4868192944781,1
2020-08-06,4371.091758645777,5303.180829422923,5210.512061950879,5235.785362170527,55258500,60.10233937796416,4966.371446560308,4874.554458605106,5962.714548670599,4741.217594619084,4340.68088634229,80.28105372890091,191.69770267695878,1
2020-08-07,5563.073344732414,5294.756851344433,5189.451424706715,5277.907983082399,43621000,45.298928481987126,6174.102238591499,4050.751204559098,5171.407378566514,4069.5669028271986,5578.472064236171,88.78735159491659,97.39643524325808,0
2020-08-10,4527.241108051722,5223.148887484682,5143.116767434513,5206.300020105698,37774500,38.71447347619804,6578.2818767485,5190.031405512503,4866.671047227628,5250.13370613376,5166.645782851805,146.64881819686946,107.5728045816536,1
2020-08-11,4808.797631056777,5223.149955718624,5164.178907831478,5172.603343243927,38795500,52.34468301064177,5048.179637299781,4814.679096066076,4543.790296536111,4138.6271305610135,5647.2230211448,163.38036212014433,83.5321440975408,1
2020-08-12,5871.905011056778,5273.6953125,5189.450978434505,5202.087628544329,35612000,52.868247291402064,6239.7847753636615,5961.16786966902,5107.143073836312,6045.463872440288,4761.699724111208,127.51902545484701,68.05426231254816,1
2020-08-13,6192.382732793744,5307.3935546875,5206.300344122024,5273.695817832341,48581000,48.81692763844368,5742.8540590753055,4375.070921751957,6402.224900325243,5466.939174664631,4785.951842374317,147.81673410614246,136.63489093965325,0
2020-08-14,4447.915046416478,5395.85009765625,5256.8469335480095,5307.393538678279,57316000,71.16213672772163,4767.193360211124,6857.906416272149,5559.414271916699,4873.953736869241,5149.196050011956,41.64820107860952,106.77028385221652,1
2020-08-18,6093.359579541289,5412.698761562132,5307.393338185437,5395.849893821861,81563500,58.801244195837214,4589.636220080443,4764.028703077519,5835.171482483315,5274.572507105027,4080.1638571312515,107.10307094312817,48.37251660386643,1
2020-08-19,6606.748101141633,5400.061478697669,5315.817149856833,5357.939314277251,58793500,60.12442818244361,5077.256697899609,4838.003151836087,5042.954553256779,5626.704727664404,6151.769362881815,129.65466969188697,92.11871211285883,0
2020-08-24,3882.9119246473206,5374.789096521179,5290.544753315518,5341.091359238915,66882500,51.689919875022575,5564.525604316975,4601.788711512727,5087.941997851391,5031.5698924393555,4998.564939543263,101.8791112970057,78.77424923069889,1
2020-08-25,4989.859049859437,5374.788505560192,5311.60525510298,5324.241905194423,49211000,46.212994114871464,3938.9600264540877,5656.820517246932,5038.651824686565,3663.0435682892667,6714.18108699439,92.16599623984946,66.9614584112626,1
2020-08-26,5949.245405589814,5383.2129876651225,5311.605303165665,5379.000770929861,42983000,67.1390087076624,6342.799704007692,6484.186224899741,5898.396811799668,5843.337599658472,3942.186863257218,94.60832599508448,46.57213456027158,1
2020-08-27,6132.868870864586,5560.12646484375,5341.091179865057,5362.1522649591625,68326000,75.51779970480072,6423.876417658559,4758.656945574866,5757.63639554873,5620.77077680358,5172.194589307164,32.836846195585736,57.79541612845629,0
2020-08-28,4925.784114774921,5560.126975678407,5412.699366474812,5526.429236431871,52292500,67.4880748697806,5172.586852219673,5216.958782909275,4440.919047957245,6283.978457967883,5456.418548085464,71.42002803473264,153.02252329354587,1
2020-08-31,4973.717106977881,5509.580028324203,5286.33251953125,5475.882291147908,97032000,40.02856715085982,5042.2072866556955,4704.817462369035,4923.776011303685,5829.292220944702,5003.252315356704,43.87858635070178,14.28535672036081,1
2020-09-01,6139.094612239559,5492.73193359375,5256.847740126534,5290.545482050422,67446000,58.70466618874694,4881.63405482996,5144.470767337119,4982.248861137246,4996.31856136458,6190.490561598813,-0.49815270203265527,92.91074564332116,0
2020-09-02,4753.012813388433,5526.428467365967,5362.152011400058,5492.730732808857,66065000,60.24271784938581,6458.817253080204,4099.740780303811,4876.7119019829015,4539.7900996912285,5325.610211328583,51.545632268946356,88.94105673735477,1
2020-09-03,5066.829470015873,5475.88232421875,5307.393637319712,5446.396804011419,68208500,61.31467940717565,5550.331526717109,4695.53731618558,5065.91390017459,4436.508555991157,5917.0021342194095,64.08615522742153,139.4751588186757,1
2020-09-04,5836.352825179093,5433.76010237069,5277.908068426725,5433.76010237069,80613500,54.288216013718475,5302.264761392874,6823.929091623046,5329.476520930903,3799.615795050974,4963.21118405593,22.195807648020875,113.35970305941402,0
2020-09-07,4831.844646136498,5357.940585844272,5223.149627709825,5336.879498635765,64249500,40.946074038979944,5990.647882252645,5247.0180493156595,5975.703168584134,5974.85286494428,5418.326368487202,116.18205370339146,72.61624818363076,1
2020-09-08,5220.52118787138,5357.939991120757,5294.756736508485,5294.756736508485,39649000,45.098140369510915,5102.749496420904,5480.811170656391,5766.160898976954,5335.451351761816,6700.501037648659,44.25146363348516,114.6459449530505,0
2020-09-09,4655.061097923975,5324.242337620096,5231.573562756455,5307.393469463071,49285000,50.35838126724481,5537.182741734337,6043.364345546835,6624.048184182402,5588.004725806468,5642.026415479462,63.939756548306654,125.75171483600857,1
2020-09-10,4784.742159642058,5239.996942569384,4894.59521484375,5239.996942569384,175735000,32.96600358966123,6224.522518387776,7498.603377828411,4578.678791940583,4649.1577316996845,6124.355495922959,111.05592797761201,116.29923387551837,1
2020-09-11,5217.094376298037,5033.598963570333,4734.531577450254,4886.171378863251,403032500,38.8967918062509,6283.4270430104825,6341.478441084944,5377.2929034936105,5708.306666750341,4560.586623767249,67.50433230565521,88.6039496376685,0
2020-09-14,5184.4373179098,5151.541537399922,5042.023892287578,5054.660543646694,138115000,36.47527533229423,4674.264515502641,5932.407784521844,5905.939156724762,5629.345524831253,5629.770592262123,-12.520569237402722,104.90843280707814,1
2020-09-15,5984.566313365934,5138.905183447099,4936.71875,5088.358575085324,170087000,24.47155046815233,5227.7263388725805,4734.247425840972,5289.609558105723,5580.214735448841,6227.4816569417935,-81.5475235959364,-2.0412824842376622,0
2020-09-16,4157.881538410967,4945.143516474185,4839.83807532269,4936.719081182066,158565500,24.979147605482538,4748.825571185286,6480.121398808927,4157.273928145872,4939.346122864211,4867.023667472176,-65.29893192840551,21.476422800251548,1
2020-09-17,4799.877210454691,4932.506554677319,4772.442294149789,4844.049989648946,138796000,27.603378099605106,5273.395621332751,4852.586327203565,4911.9846962998445,5656.524220230423,5117.911841916632,-147.22226539990723,8.323040774300786,1
2020-09-18,5188.783396939748,4831.413103716835,4692.409936826987,4801.927583467474,316912000,36.907744112252985,5120.78378513504,5502.996366496948,4073.3479517010383,5599.280682795839,6194.099844046678,-145.74841460326076,32.87847143584389,1
2020-09-21,5877.259890070534,4831.412656023501,4713.470585954923,4751.380537048394,112443000,31.320140739161282,4959.968088259965,5850.093967623792,4408.310582040268,5961.162793062204,5634.071118399358,-97.47705674097588,-106.29449388144253,0
2020-09-22,4190.392946369867,4688.197893223194,4574.468025193521,4650.287937213303,163442500,16.388599972507528,4354.360819939392,5720.067463359118,5932.42989702435,4782.036946068454,5430.417106148798,-165.8237930872464,-69.44836554833931,1
2020-09-23,4982.106034467803,4705.04585497559,4570.25492627441,4591.3160088839695,100517000,20.716999072739732,4920.550786949147,6850.296997534688,3506.715094143772,5471.131712968368,5506.6230877192465,-145.11511284655802,-132.95887681879583,0
2020-09-24,4836.594543930335,4662.924897501292,4540.770586726641,4574.468327629993,88618500,7.855222244152461,5139.183554731613,4471.612903559291,4735.233653638811,5449.219892452526,4405.050482833431,-132.98943863030925,-53.403095612759095,0
2020-09-25,4305.591649554679,4738.744072735628,4599.740913268716,4616.589781082887,100705000,29.68624767271899,4881.208039509729,4513.9346774344785,5812.065412782842,5157.258470686175,5116.912116292831,-191.88063893370438,-156.8550188974921,0
2020-09-28,3072.6429980583744,4797.716010666932,4633.439518642339,4759.8060509689485,93522000,33.43002572662465,3951.3664999451794,4623.7121404974105,5804.539033949155,5829.280861844646,4150.595399061899,-212.09020323158308,-94.42789451045172,1
2020-09-29,4034.1399234145606,4747.168020194709,4599.740441927793,4696.621421931767,117778500,32.26209574276338,5021.351999956625,4707.58183879724,3707.7755404738164,3882.207859433303,6428.6070549343485,-171.00655493758876,-77.83319232813733,0
2020-09-30,3864.4264546748736,4688.197254814345,4566.04296875,4688.197254814345,107377000,27.26176476671022,3806.199718195796,3796.177209344917,5079.3015709272795,4403.136905368725,6101.981046037789,-157.07231204214176,-154.43403952816337,1
2020-10-01,4712.628723365545,4692.4091796875,4616.589282708707,4620.801499207529,56893000,38.863011557795915,4695.59630389064,4367.329590471637,4121.7675363915705,5558.6498109825125,3353.0786372048087,-174.14109112142708,-118.86399456533937,1
2020-10-02,6108.415835604004,4688.196988887943,4582.891575840145,4683.984772366031,66848000,24.593633657333676,4526.029026183836,3606.638788355002,3916.4835311202196,4228.977252741922,5274.499161669681,-201.62428054571458,-121.95317425432341,0
2020-10-05,4618.173713099269,4683.98582569067,4599.741476307744,4646.075868468353,58291000,29.72080007306416,5328.774764578229,5189.878155848857,5253.690028620147,5388.274926594191,5379.397257830198,-132.21645033545468,-177.54177085693422,1
2020-10-06,5451.85722764554,4814.563407175165,4717.682428728071,4742.955727453399,141955500,49.27855062858133,5711.477048884879,4792.796225644346,4525.68869021101,4809.12908036655,4128.761722051387,-149.05668623214146,-205.1931542931669,1
2020-10-07,5584.5639329800615,4848.26220703125,4700.83459865063,4717.683468179844,89937500,50.128663182675325,5722.805644458997,4487.912062584374,3699.9063572960904,4918.4024137717115,5248.370131798456,-64.58724176623502,-37.94947562356144,0
2020-10-08,4190.861704673751,4886.1721115376295,4810.352199462046,4877.747676862565,77384500,53.07384410650965,5194.76335075932,4338.74498955203,6296.452577320142,3750.945196058001,3899.976650668419,-113.89010900241331,-177.8713753330672,1
2020-10-09,5692.654021478104,4865.1103515625,4818.775967261905,4844.049267789502,54250500,65.22426286291444,3646.82449625765,4815.373035481665,3388.195759294601,5392.110392241757,5629.4712909967775,-61.79562863402802,-133.36748568314823,1
2020-10-12,5920.902382105664,4949.354726529142,4911.444775432323,4919.869209009394,82918500,68.0013038370711,4328.623242667936,5538.494153135439,4623.803996926558,5753.664640341496,3790.8564233163725,-26.31859370926658,-75.51927613640945,0
2020-10-13,4323.440481761227,4936.718076163535,4860.8981739698975,4919.869209009394,48250500,62.66106131937931,3900.940231975579,3343.1789702232463,4656.082110232621,5217.0399633263,4468.785015501396,-55.834735980559984,-101.13123253509966,1
2020-10-14,4372.342110693625,4970.41650390625,4894.596591134799,4919.869895391949,83117500,70.22002938580368,4866.641915493208,4554.838142547719,3499.821741368337,4002.141034239961,5108.979736686016,28.61311165645563,-137.67364479090384,1
2020-10-15,4564.054935617654,4953.566288083405,4852.473098530682,4949.354071852042,82067000,62.86400728024814,5023.221152004633,4218.099992159207,5797.70063082386,6042.319216899495,5062.5776681393145,-68.78202006393747,-100.28932566954921,0
2020-10-16,4138.1943286120395,4877.747423807779,4827.20081837972,4873.535206688774,89051500,62.79141550893561,3861.3099757864684,5532.385125453694,4981.098524579802,4920.073442076488,5654.947501616695,-49.66832676990714,-71.67054742311697,1
2020-10-19,4242.955359884091,4970.41650390625,4810.352243610964,4844.049982620498,56871500,71.16303085759486,5144.947779405453,6080.665822883493,5554.415342392133,4613.963620170989,4824.31991623476,15.022168502765973,11.57814906896936,1
2020-10-20,5866.015077548571,4953.56654756137,4873.534434973219,4953.56654756137,74995500,76.97192007090425,4868.701262601992,4965.120408315473,4609.450402599374,4726.067177328608,4556.438339633241,-38.60435834546884,-35.27127619301273,0
2020-10-21,5412.088082070922,4940.930936925552,4827.201068812175,4936.718719588019,77944000,45.804543971749936,4360.909396603001,4819.981394228599,5479.115757950474,5245.5226467689,4573.606098786326,15.344096992179338,-215.52415196045067,0
2020-10-22,4142.47692231836,4886.17138671875,4806.139269177666,4835.624786166487,96872500,60.12251536343898,4819.169229099823,4978.870019701538,4215.242626345297,3928.3243604747277,5004.632464569838,28.056102916617128,-45.21740535825438,1
2020-10-23,4960.2775952487555,4919.869969941507,4844.050056021177,4919.869969941507,66328000,67.99302214761109,4767.800191963702,5446.195516800096,5112.056998025582,4592.963721004412,4086.2048715792093,57.148999004157005,3.6442854095194193,1
2020-10-26,5175.817864518383,4915.656972555487,4822.988203578434,4822.988203578434,70452500,53.636972649408364,5162.140183945595,4776.981788358263,4792.4754954384125,5580.118702530357,5111.689260242965,5.046188221203925,8.965211585342807,0
2020-10-27,3882.819705774785,4911.445296476953,4848.262037945947,4898.808644770753,89482000,43.62182561317004,5349.935344673156,5931.022745630289,5505.593719023702,5998.704693926575,4180.229693098618,-73.52125760062766,19.533733509920648,1
2020-11-02,3999.508063741424,4907.233213444346,4818.77664908183,4852.474387886598,151006500,51.92619368818353,4600.883062226538,5035.682161275219,4081.564274733158,4797.8739823691685,5266.3757958171545,6.928952725757988,42.7707464935107,1
2020-11-03,4451.834343758446,4966.203427585156,4915.656827813296,4919.869044460951,78152000,49.020833994436,4750.91742991809,6578.274818038043,4888.417997747016,3674.8003296142037,4764.311964617818,99.29493916994574,-18.865695309757903,1
2020-11-04,5489.679002354802,5004.114212508054,4873.535474639578,4970.416473703286,78626000,50.251951273528405,5216.782786922657,4600.970908736584,4616.532217574823,5315.097557169463,4427.236856683011,47.469691476957664,-9.332701310304387,1
2020-11-05,5867.861122536335,5206.3006478658535,4970.416476117886,4970.416476117886,161090000,69.60599633912692,5921.090528072692,4832.1732215464845,5848.310571649624,4596.863047010105,5561.107613184303,30.450168585415202,-7.896819256572622,0
2020-11-06,5029.402860576308,5307.3935546875,5105.207133556547,5189.4514756944445,137303500,70.32379607303831,4603.771971321068,4094.158056905325,5435.775999331326,5127.4414533981835,4750.556061836624,43.33953221505707,-6.575219961305953,1
2020-11-09,5536.790438368604,5391.638325377884,5235.786280034929,5307.393976543855,82739500,72.0023228593065,4621.235451457366,6351.585269732524,3404.8506436276807,5004.855592864878,3920.264100944708,-70.52739341324573,23.34566302951881,1
2020-11-10,6244.032839033362,5560.125913266782,5374.788382824556,5387.425032627435,191073500,90.1927819168013,4384.44894542105,5302.631958976894,4294.384559886014,5637.282009327695,4875.635099069401,172.93093508413955,18.70008720579765,0
2020-11-11,5318.315750458986,5530.641164050555,5459.03347190367,5509.580078125,131383500,78.93462162803674,4312.225003159633,5438.378950742612,4343.95629601309,5386.529965739764,4502.039457322409,101.25810968188787,72.21399985182504,1
2020-11-12,6377.433653308918,5471.670073607257,5395.850164966048,5400.062382112782,83082500,66.63112747985537,5010.112090212227,5818.5947316089505,4142.637520816276,3712.579784195548,5281.750586227485,235.5900522524032,119.88806742768969,0
2020-11-13,6057.1635201840545,5433.760969135124,5324.243306191314,5408.487662301936,82374500,73.19780029961132,5785.393412475016,6597.810379490229,4579.561195642661,4646.899963012324,5400.515172453494,132.70959896093544,69.0359006585288,0
2020-11-16,5260.1094946684625,5463.244931444709,5379.000599425516,5463.244931444709,54905000,70.76156539159324,5920.630873927008,7547.289906335522,6459.59247341671,4185.846437305823,5428.639210708765,71.40624573712324,140.0760834518131,0
2020-11-17,4680.235445815882,5530.641045816436,5467.457789390506,5475.88222358063,119784000,68.22881352465791,5217.300296246525,6520.2395624621495,5735.756968071255,5039.724350176816,5106.632149920306,108.82835816973738,182.35746211708607,1
2020-11-18,6138.235250828673,5539.064755606688,5509.579239797375,5518.003672885749,99789000,69.08051466877427,5397.132226018366,5399.381635028364,5574.438732640977,5800.324608852109,3552.2554875496576,124.79180336625133,55.908232171616135,0
2020-11-19,6103.773931639734,5593.824268943688,5488.518842193996,5492.731059263983,147346500,76.88645843387337,4612.282530681827,5203.250739102963,4975.551530891138,4114.308674443544,4901.645448587723,234.57733565693627,158.4255910078372,0
2020-11-20,5042.489893978307,5602.2486350319605,5518.00429465554,5593.824200994319,68468500,69.72131828435047,5903.3337048701105,5213.0881537959485,6054.5042789295185,3740.8992629468667,4792.688991741784,166.68442597523278,38.5721902772282,0
2020-11-23,4978.400956595474,5568.550898881393,5518.00429465554,5560.12646484375,75265500,78.3127581370645,4580.168833957697,4626.838755878153,5226.2621364698425,4997.695762624155,4588.69635251459,255.19204055244256,178.21360465310144,1
2020-11-24,6095.509391418679,5560.12663330636,5513.792244695473,5560.12663330636,72349500,92.4154878566038,6309.746918525245,4872.659886399812,5913.021760011226,6056.3196798458075,4719.269676823591,245.2997218734333,115.8952857187573,0
2020-11-25,5931.269248695662,5547.489601742273,5374.78871057186,5543.277384884458,170140500,72.42640017500112,5677.569178709432,5279.914953166875,4171.43277655573,5163.38344884068,6487.33811795516,211.8173294444755,49.66221506134987,0
2020-11-26,5087.713959051488,5467.457148045669,5307.392917209201,5349.515083218798,64339000,57.81237252920493,5568.208077033374,4579.3421761827485,6168.697724863688,5047.753883083246,4465.643559356866,179.95746841038041,69.46192755539867,1
2020-11-27,5491.687916852157,5467.4570350736585,5374.788271767326,5459.032602045811,87361500,52.08658498609366,6314.642344590634,6043.598990681801,6355.636648498275,4841.001367592885,4981.687204538522,207.48772761482633,189.4357393475098,0
2020-11-30,4151.617007194611,5391.637288477034,5168.389807001033,5379.000638582166,393091500,32.587101719474944,6203.51855297555,5271.190368886227,5294.444250165536,5402.4188526198195,5747.845837409197,37.88193940620371,156.26478972385326,1
2020-12-01,5648.5220206288495,5421.123518740227,5239.998179730258,5239.998179730258,114563500,40.06908710058941,4509.929933754513,5244.15490710269,6295.287405239839,6358.098110802426,4731.292876069652,67.20059067288844,155.39317401050147,0
2020-12-02,5547.431555443073,5463.245774663881,5341.091474382268,5442.18468840843,93897500,51.801261547690785,4531.381083993538,4403.255328298697,4974.188150704612,5468.3518278485535,5485.315608065895,34.533593934748936,142.4473813070531,1
2020-12-03,6472.322242267981,5496.942900194104,5412.698564558945,5475.881816285314,98210000,59.57693676763561,5870.10688719065,5465.057006700806,4984.6516227311895,6113.821046502759,5701.993673145251,62.784111258084025,90.47506661574866,0
2020-12-04,6403.652265579414,5446.397622551716,5357.941048635564,5442.185404746186,64995500,34.876304412501504,5479.4336458375765,5439.139306821036,4829.54295485355,5749.529148574346,4325.3575214186885,54.913581748831575,128.12786743698103,0
2020-12-07,5214.017644288676,5543.278546479582,5459.034191669862,5475.883062631806,96636000,56.176528366055834,5942.420502176076,5393.789172917863,5526.208748636038,5723.850248307081,4603.064379791902,-11.29091449337082,157.51984477143014,1
2020-12-08,6038.1660157568085,5492.730330315871,5412.69821660728,5492.730330315871,70561500,65.13720504207156,5810.408894648839,5733.059469580774,6900.967217426752,6380.196192406505,6178.519670196043,55.96915553170166,60.50280271119388,0
2020-12-10,4647.7131452554695,5576.969611454372,5526.269887713878,5568.519657497624,151420500,52.10437094786274,5671.420867026441,5710.513222135842,6376.376156236186,4538.842841014602,3888.878527627854,141.44043317411854,41.73477716666489,1
2020-12-11,6016.154496600006,5729.068246276448,5572.744112712858,5576.969089295658,214160000,54.71444348235481,5076.686424390293,5470.42488008871,5466.069203908561,5601.447335927979,5192.678016368757,70.37787717782275,86.72179801901922,1
2020-12-14,6020.616281560886,5771.31811738224,5741.74328076315,5745.96825742302,179785500,65.97879915212745,4443.201753888823,6685.514323442533,6806.57613282828,4149.412683775156,5177.268018302739,18.941053302585843,65.71627327511727,0
2020-12-15,5131.258030713851,5830.467052881075,5581.193461489783,5771.317387127209,164024500,50.365844647603666,6331.7848188145545,6716.585750446942,5485.008534473893,5334.860982672485,4538.969904951914,135.24300822936212,92.11321926335977,1
2020-12-16,6891.245728809765,5872.716796875,5779.767322392087,5796.667226843525,138674000,85.46919067685212,6578.650657228608,6114.820523919699,6053.412987799155,5487.527331186739,5241.863444659891,109.94498521229283,140.65945399331477,0
2020-12-17,4848.626672172846,5914.967175671413,5762.868019725576,5885.392339793056,91920000,68.56493438608989,5925.356423947765,5607.645530804294,4816.907258382103,6409.776432911063,6577.283045175778,100.25719385955446,186.64458311760683,1
2020-12-18,6291.667023232227,5860.042133645451,5707.942986701517,5860.042133645451,147238500,67.93106385115007,6360.709605672242,6865.396178293149,6019.065785235121,5528.770206066185,6105.198423115464,181.44272396418205,165.30558560270805,0
2020-12-21,5264.657020924226,5822.0175888486,5745.968012216325,5822.0175888486,93692500,70.03612540637167,6940.521015574534,5991.061006287441,6405.901568445194,4593.351641747287,4717.574502102245,98.30518443226377,103.85476260351132,1
2020-12-22,5771.180419940136,5762.868062988645,5669.918578101731,5695.268437616343,61790500,59.63619565342631,5990.539468142929,5358.960744446579,5641.569967349436,6128.057965236567,6036.407620486092,111.46398487791163,154.5435309397722,0
2020-12-23,5250.098086977769,5834.692412218285,5593.868757260688,5834.692412218285,76948000,54.41529559004134,5726.727524279633,6292.090078788264,5257.899366074001,5187.589282083173,4767.90072753282,101.62667408709953,84.35868660409153,0
2020-12-28,4635.817991285142,5762.868172704646,5627.668919386062,5737.518312707412,60234000,58.17718060090897,5876.384930130462,5430.228202446755,4639.599426310657,5382.798746584665,4689.42556235472,101.36874874307281,126.27705706863438,1
2020-12-29,6054.539566596756,5754.418345516907,5695.268670893385,5724.843508205146,34212500,67.65302398994855,5198.60905607736,6034.928425220124,4538.518004072099,5041.101133037285,5773.615678381601,92.89472540056512,172.8786916265247,0
2020-12-30,4333.990055786197,5745.967532542467,5661.468010005077,5745.967532542467,52675500,73.89928378601824,5386.050437185968,7167.543450284062,6183.442802267486,5545.008676005156,5610.814616557744,-42.704771871407445,67.26441340750063,1
2021-01-04,5549.008150717718,5792.442385312843,5678.368027615215,5745.967646991588,47937000,74.42515671076536,6691.9718443110205,5606.94306190274,5306.322709850482,6700.510236289271,5373.255171394483,123.08440306020515,119.5964737729775,1
2021-01-05,6017.401506403732,5991.0166015625,5788.217732116097,5796.6676850096965,104831000,74.0740148401118,5832.886916313224,5863.183224652021,6267.232428199587,5831.096169462632,6411.424490158689,123.39036210112214,131.34540516968642,0
2021-01-06,5940.920730668392,5978.341573299136,5813.567494600432,5957.216691414687,89753500,41.89792233552808,5073.983252080361,5891.362332233112,5689.1133379838475,6424.054736335637,6074.723088200655,136.91324339121107,98.92570332338431,0
2021-01-07,5640.976620696063,5957.2166882122665,5838.917349722945,5914.96692446608,71360000,53.828262712934716,5854.257162080012,5262.5689115533205,4872.698156251632,5361.092950713124,5095.104882166984,133.03917158013599,211.7697269001526,1
2021-01-08,6441.951424549072,5982.566165226064,5893.841667012965,5944.541380277593,75033500,57.52262125054886,5083.252707311081,5893.3419035406105,5852.417305540223,5708.561329048493,4141.303853451239,68.01449576920774,71.367736975457,0
2021-01-11,4243.202437889911,6219.166141933288,6037.49213099366,6041.717107992256,169034500,60.837701385745106,4898.106480311911,6044.11399133223,5228.78500397725,5512.094668253892,5363.20505409731,151.58059979186848,81.81582209202892,1
2021-01-12,6087.3108576595905,6236.06597798097,6050.1669921875,6206.491139332009,95235000,67.50922339451881,6280.030423143129,6816.719106443488,5278.466093162263,6845.532524126244,5842.9704578950605,172.87551844764062,134.59449575367665,1
2021-01-13,6270.695643175683,6147.340475360999,5974.116448220243,6121.990617730645,76581500,67.18194055254094,6292.10871002716,7703.959627931574,6093.901438333002,6771.505465858134,4983.98108062728,173.0661337269683,120.98165789445834,1
2021-01-14,8094.775307172078,5991.016367159677,5910.741817811276,5957.216556907719,89319500,56.297422818854095,6324.9571568565825,5706.35259225886,6506.422839838024,5932.747727433337,6921.338621468695,139.93196542302644,88.38988078093283,0
2021-01-15,5799.22133279769,5999.467201260334,5779.768402340941,5995.242224358038,89853500,69.50152907610573,5728.7463187549265,5206.001265875153,5460.630633669444,5683.740800168516,4561.580561705864,91.59473895570832,158.23944145102683,0
2021-01-18,5789.304438267656,6020.5911872092265,5783.992515992582,5876.941993970549,86343000,60.4811923991814,5049.287102530684,5757.4986949128615,6669.391720067443,6351.920704076999,5605.998727863347,97.49878205763905,187.9119288103947,0
2021-01-19,4977.590812870532,6016.366581879845,5919.192121638808,6016.366581879845,73777000,66.53466020088153,4747.37989907195,5763.387093671807,6040.515198737409,7064.299399267492,5840.679406368603,160.6837112232186,128.45848157297013,1
2021-01-20,6165.785300706602,6164.240760507511,5974.116816557656,6054.391370669816,107216000,60.34012435996107,6032.324576039819,5836.163571690927,6853.491777876487,5339.114630529028,5022.218162487237,86.42033690378044,73.7783830625747,0
2021-01-21,5863.347078814515,6168.465237135601,5965.666380024293,6151.565332376325,66428000,60.09663234943666,7315.044245486948,5634.73839271903,5144.545077183171,5969.725432866555,6659.1234899099,43.88828839212442,246.2232964546206,0
2021-01-22,5120.297274523018,6050.1660266596045,5978.3414299744,5978.3414299744,80829000,62.79770911723389,6114.860731698229,5052.015964042561,6404.043168543863,5227.330917099306,7211.192418766688,158.48984038559377,64.21301508525451,0
2021-01-25,4680.199948103934,6083.966717750533,5914.967642257463,6083.966717750533,76836500,46.042177303507444,6290.516956999083,7735.2078925275555,5036.720389682135,6195.662148720711,5188.255887975938,-5.0953427590398235,58.46117404276197,0
2021-01-26,4468.85868510275,5914.967323817815,5762.8681640625,5876.942533878986,98658000,42.47040169831416,7887.929825154176,4965.070195881886,5702.06749007158,5429.270418179654,5153.107753231246,79.37560546918509,166.72362691756817,1
2021-01-27,4808.264484477361,5855.816909632732,5665.692983995305,5762.867434876657,97920000,48.875407503658614,6082.473185444485,5640.845624209938,6225.548935987888,5972.749239353424,5713.376760337474,59.003129650305745,-6.695790382129886,1
2021-01-28,6038.145409071892,5851.592656674592,5737.518287194293,5737.518287194293,104627000,42.64037781334256,5512.075966742793,6060.219543935845,5768.5064633469765,5818.021865021268,5622.752448792241,77.09690205731823,141.14696407715894,0
2021-01-29,5827.757984889555,5914.967842779216,5712.1689453125,5830.468302168084,132762500,24.179158747782846,4697.007447335731,5433.453723940524,5499.941453963299,4982.742058165895,5296.144792369681,46.69282050854848,46.255402358859264,1
2021-02-01,6744.578370063994,5847.367697259897,5572.744214368356,5712.168444144061,113129000,26.05870674947041,6298.027808643256,6032.82081588812,5878.413445864133,5505.898772690109,5085.876996158037,55.96955724319461,-8.684579476254257,0
2021-02-02,5653.070212453536,5898.066920381434,5745.9677734375,5885.39199146944,86741000,28.90586800544976,4993.846584345239,4896.8572733111705,6313.077277190437,5259.539682796153,6475.278670322687,80.57517920014949,64.13001585782709,1
2021-02-03,5770.699879272733,5914.967447916667,5767.09326171875,5914.967447916667,67291000,26.509467312320744,7221.829476913278,5921.641947926425,5654.892036927045,5602.33387924293,5314.126288625391,-64.66284198405789,95.66059916007724,0
2021-02-04,4739.37486149158,5914.966692879286,5775.542477975702,5847.367073532094,80950500,35.85011058297751,4954.1173797088395,6859.477049947811,6656.615961711377,6809.47923871511,6053.345553240637,101.43444222928926,109.28906619598949,1
2021-02-05,6832.173269402189,5872.717414022957,5792.442859442787,5805.11778911334,51602000,32.37099048571332,5500.041518658968,6103.905564002163,4368.788988569559,6264.909021389519,5668.214403842084,-20.200003393628315,-36.13967416858891,0
2021-02-08,5691.6736007471345,5961.441547371749,5813.56737716763,5957.216571080203,45604000,44.575016085721465,6345.5640399525555,5980.082320647251,6101.695208330038,5756.831461270923,6036.961753943135,11.094633717030913,44.731505254600535,1
2021-02-09,6049.822107039926,5940.317149165025,5876.942499636237,5914.96728935351,75574000,50.46750225929576,4973.712758571516,5791.21333757684,6510.525106203459,5916.192735190496,5041.886402816631,25.69557419274693,12.234918476055153,0
2021-02-10,4930.224425365915,5957.216571080203,5830.467282333815,5957.216571080203,44984500,39.31587566740528,6767.747674226608,5959.712240254814,5944.187520791055,7125.949093580431,7533.742251742519,-67.58214123294466,27.64265059968687,1
2021-02-11,5702.856025291091,5902.2923807543375,5779.768057889716,5902.2923807543375,36926000,35.395321105361745,6454.313748437337,5711.121698394723,4891.987613095164,6329.945257348556,6047.4656797423095,-70.24808314316643,35.98663702603397,0
2021-02-15,3775.074251522993,5822.017346909467,5678.368152573529,5771.31763126149,83922000,49.181746969766166,5008.399652251864,6086.364656648603,5984.343282358319,6275.092626726233,5836.843686314858,99.06449095148857,-58.10432929946885,1
2021-02-16,5648.79242369376,5868.492554766301,5771.31809201639,5813.567858429396,47221000,57.61306071799185,5550.469242626336,5141.544112701871,6950.749486128015,5891.483626871503,5498.445783216138,-9.76731717635482,35.48253102462546,1
2021-02-17,6359.46393803589,5881.167493206522,5788.218006963315,5822.017820142663,66011500,61.6488586767989,7398.469718600224,5597.494069469766,5159.249235912755,5775.010339491594,7415.032016050218,-67.15319292027719,-54.840455877755105,0
2021-02-18,5814.703946716748,5830.467684263642,5691.04345703125,5788.217918435645,91204000,40.7125180136154,5413.108895243229,5467.093148317354,6485.311097653458,6079.325967225925,5570.556631202375,-0.4361383489367707,-8.083619178660907,0
2021-02-19,5634.007164780277,5788.21814546131,5712.168563988095,5729.068470982144,70487500,56.52622355468557,6032.290726479506,6124.946385831818,6085.617368005964,5084.820813068137,6662.7863225601395,-3.8572816944016033,38.33465653352548,0
2021-02-22,4492.461305921793,5864.266861883284,5737.517578125,5830.467052881075,68913000,49.87678354843,4407.3454804601515,6259.526406919451,6165.8344064756375,6606.218112791672,6064.590046864864,-61.328081750338235,73.19059474519459,1
2021-02-23,6178.679876785203,5783.993168712798,5724.843494233632,5762.868284970238,58360000,48.61509985363913,6282.397603471696,5279.204371751868,7049.465886565718,7507.657898604191,6174.460299980138,-36.507434087521595,13.94200666502771,0
2021-02-24,5483.5403056860905,5775.542742579577,5682.59326171875,5767.092789774048,71869000,33.611717785792365,5486.952924647005,6528.895080669545,5802.318504684926,5380.220001537667,6524.355870975774,-56.08043162265652,-28.58056548325122,1
2021-02-25,6340.5298390337375,5720.617559627844,5644.567990888329,5695.267703381339,78688000,39.91605573820042,5934.000998595896,5145.739917416478,6108.3395732603585,5238.559551193763,5110.733819352738,-57.99820467864329,-37.81544526520357,0
2021-02-26,6319.747377724178,5754.417986942297,5614.99376258907,5665.693480535698,173631500,52.54463234730027,6941.00721201042,6146.956283293988,5436.745007260654,4680.763909220039,5593.7179363727955,-0.2371072262779066,-36.96159574899804,0
2021-03-01,5441.527426939204,5952.9912109375,5745.96738600071,5771.317242115419,205539000,68.57327065241185,5629.652980426287,5717.455690832359,5828.236645411099,5980.151601438856,6105.989700939573,5.433430610953646,75.1014872251569,0
2021-03-02,5059.218660535008,6050.166907965075,5914.967647451888,6016.367092836778,81446500,46.89803482128363,6236.765154165694,6107.2614527618725,6582.4234392203,6467.4424482252125,6398.734969689009,-26.699167447821385,-50.92086901851131,1
2021-03-03,6203.16338695259,5986.792382114955,5914.9677734375,5969.892474190848,84470000,50.72452107387935,5392.562754537728,6483.82645388639,6319.192753936251,5331.080727131419,4646.798970842352,4.047617524990614,92.28097942438289,0
2021-03-04,5910.202124806666,5914.966837565104,5678.3681640625,5834.692287626721,120802500,31.787456710690456,6290.4521126921345,6647.604245040173,6768.545686470935,6438.009319953305,6133.9240467487725,-73.42398659663436,-97.44602192541342,1
2021-03-05,6222.913636791455,5851.592181037454,5678.368152573529,5678.368152573529,111871500,47.60645502680122,4544.4513005330045,5584.98721482983,4944.188254485611,5948.626065721846,5447.272713614526,-51.03061113915187,65.79263807253895,0
2021-03-08,6003.168348156924,5872.717074439639,5678.3681640625,5872.717074439639,90883000,36.06600084478482,5643.530115773283,5783.898550002167,6909.350986704123,5098.446860043841,6510.720855194384,-56.07901695722203,-59.85304684668788,0
2021-03-09,5613.001761218863,5674.14283243045,5576.968383327025,5661.4679042865255,135582000,47.458898166634846,5432.970724667631,4836.360772070334,5584.31952254782,6424.770121387022,6627.105923270844,30.874229254546073,112.35058278066774,0
2021-03-10,5362.413172829608,5678.367799217002,5593.868278395321,5678.367799217002,50302000,53.981706329210695,5960.075968560577,5454.753523937733,6488.597527156051,5202.065874133554,7157.021833966294,-117.86693642769819,-39.80318834756584,1
2021-03-12,6797.782177520038,5813.568020140428,5674.14378709927,5809.343043381606,74328000,49.53084336280935,5993.495533268682,7186.464702109348,5787.37449789905,5921.632147756258,5657.606570925902,-116.69882075509564,-71.56953478840182,0
2021-03-15,5445.495503721304,5762.867823401163,5631.8935546875,5758.642846991045,57416000,52.367756031751426,4906.38055069686,5841.433868008059,6059.771228265486,5556.168375813455,6762.6403497010115,-37.66701179720149,-42.477764084736826,1
2021-03-16,5573.718183241674,5669.918843602594,5593.869261497642,5669.918843602594,70755500,49.88163798742281,5768.171725687641,4561.5881649574685,4838.100132262351,6176.221860202948,5228.123958813325,13.685664813819294,-95.08885867519876,0
2021-03-17,5197.676315096277,5631.894179259054,5581.194456715087,5619.2192486230615,71474500,35.75973675401452,6910.567335128059,3867.3544825449962,5371.354805549347,5710.397313745123,4387.162925763499,-48.938310914906076,-115.80874227789097,0
2021-03-18,4796.218158753772,5678.367799217002,5585.418326313153,5593.868278395321,70067500,52.3411906316892,5701.381422121528,4409.382035461805,5840.1928074708585,5238.61113359104,5523.225720312471,-12.88165318775173,-15.353982121157951,0
2021-03-19,4585.362077248643,5720.618899373613,5598.094565487472,5720.618899373613,125853000,47.20756637976771,6346.085810898057,6596.226863160519,6030.642014681065,5121.803886929606,4556.3908724323865,-92.39123777465835,-58.57627729981757,1
2021-03-22,5736.154484728078,5644.568860932779,5585.41918724037,5610.769047394259,67523500,26.629231347187982,6538.580350321482,5074.371811571152,5870.111338905264,5340.364308490269,5256.5787272926145,-49.94542391910018,-19.55291684121939,0
2021-03-23,4719.9894747631815,5678.368811881188,5538.944577660891,5678.368811881188,127762500,33.292793382418346,5871.241032570491,4897.320147577639,5801.457556507237,5402.484864140495,5320.378695222757,-58.69647320121358,-50.19737638912504,1
2021-03-24,5949.823694251275,5534.718514199582,5424.869139108599,5505.143682444318,152050000,38.05031669069135,5198.2318922541035,5986.461435189884,6726.903968534977,6193.386543591056,6419.0751026602475,-76.28150571334673,-11.20983764171217,0
2021-03-25,5408.018815414705,5441.769788804945,5348.820304834674,5407.969976452119,119101500,40.48438174586506,5038.090220737103,5583.098197313707,5466.599812975353,6056.4150738782655,7317.152489485949,-59.093046735312626,-16.856913923665303,1
2021-03-26,6021.439351153928,5445.994879326408,5323.470556983145,5382.620229838513,134467500,36.56850828311378,6005.055307245103,5541.4735471886015,5859.765678012411,6573.886963936401,4077.0961405034077,-91.55226542811937,-82.70004229990393,0
2021-03-29,5239.14369464472,5505.144188838935,5374.169921875,5416.419685411753,113370500,40.106606030672815,4372.230138395047,5361.791075383895,5399.336159295062,5965.377383883238,5235.505064873505,-87.57873605937768,-43.87581512077851,0
2021-03-30,4648.497956410297,5454.444836817093,5382.620234008503,5382.620234008503,83115500,38.59445228308662,4505.78444831148,5790.494229571907,7178.049556489396,6081.494410226087,7075.026806516757,-82.96597592485512,-70.1921204882004,1
2021-03-31,5327.611975486547,5403.744653654214,5192.495839985167,5399.519677380833,223390500,21.81274675368714,5866.236659364096,4642.043145490512,5385.76768068092,5004.316691704563,5597.59756207741,-140.87755797719623,-52.16785047547733,0
2021-04-01,4289.593421224007,5298.119999529367,5200.945549777234,5251.645262691391,112286000,33.73832317342518,4587.78413496084,5385.20848415107,4119.056732525952,4908.8429686949785,7032.358093601258,-145.27637362606413,-34.11969427361822,1
2021-04-05,5767.456143706192,5315.019661352559,5200.9453125,5281.219854285134,73311500,17.7847935764424,5480.185296632539,5055.239504656201,4373.470684494735,4869.121021242403,5501.240944060164,-124.4306865887729,-148.18844672411183,1
2021-04-06,5939.988233811351,5213.619995216191,5137.570432887267,5184.0451654216085,80215000,43.0706123960246,5841.220723330132,5239.751347320445,5597.318619693936,6224.34819447301,6053.064992451713,-137.75952491640984,-164.0630734970245,0
2021-04-07,5636.462327009764,5302.3455859375,5184.0462421875,5200.946148437501,107908000,30.666714529978535,5069.573169654637,4807.5727090339615,7469.782096891869,5204.630000144308,5069.133418206243,-64.65770599384129,-52.6784450971059,0
2021-04-08,4459.746343984846,5325.262062576406,5248.1464413967,5312.409459046455,123697500,43.282295609132646,4155.28525343372,4950.22453617957,5402.2151417576115,4541.68621609366,6270.864173211145,-110.87907032228668,-31.823341680354375,1
2021-04-09,6331.835783993813,5415.230002520161,5265.2829692225305,5410.945801568801,116961000,34.115913001718745,7296.269140429202,4502.6210488174465,5472.494345687385,5656.412615725098,6423.3703945742445,-150.976135801109,-163.33219367164475,0
2021-04-12,5301.1387605244445,5393.810100457929,5192.45261457904,5393.810100457929,110411500,32.732098846289524,4965.356964730584,4872.729036342206,4369.146379995795,4851.634688124061,5133.647843077271,-172.578074794516,-125.42477088488332,0
2021-04-13,4406.5497309804805,5192.452905273438,5123.905672200521,5183.884501139323,119211500,23.595023849206996,5439.475778189237,6788.485917458698,6849.894596516071,5102.779064478253,5018.201475350703,-85.83814062772251,-48.50239861053217,1
2021-04-14,6812.245640812584,5402.37841796875,5192.452531782811,5231.010347612882,135519500,39.86762159947142,5974.933827058375,4841.079090019523,5157.94294575521,5200.996032397375,5718.5037529015435,-121.54599899708778,-113.52972500516628,0
2021-04-15,5830.449064122464,5406.66223999801,5295.273002089968,5402.378038540008,102686500,51.42200308320006,4630.7771351503525,6991.169234009497,5008.156507650989,5700.953054907805,5504.117164923145,-81.20695455685917,-156.14975007849645,0
2021-04-16,4268.480086717679,5458.072679594124,5325.262433858317,5458.072679594124,79293500,50.13889742550237,4867.670857450715,5368.636718749705,5130.134136559987,5945.651677011979,6001.816106049004,-118.58687822615225,-97.78354404530634,1
2021-04-19,4456.272607446288,5380.956585800439,5338.114574766996,5376.672384697095,47095000,58.38923002629454,4297.960683299218,4921.807567473825,6087.496614833068,5462.6027385203115,4521.432794844107,-59.715758561518896,-140.8902101307928,1
2021-04-20,4664.964616320005,5355.252018907879,5299.557397911237,5312.410002756616,72721000,40.04511692726657,5170.81566885175,5172.698618553696,5950.857569944249,6277.256875681419,4987.923573457549,-47.32185197448126,-75.8522834386238,1
2021-04-21,4875.225802360463,5333.829841706584,5282.41943359375,5312.408838326237,68397000,68.18806122894215,6347.508548553864,5541.094796301764,5875.759445575365,4829.972807270808,5648.129399599793,-64.63047361743303,-126.00898029026473,1
2021-04-22,5753.235185364044,5376.672129550483,5295.272312449719,5312.409116049879,63758000,48.402993478154904,4921.269749441111,4948.995536742787,4286.235601944472,4768.97484428055,6145.065746667307,-84.09521339674325,-25.80719094475836,0
2021-04-23,5294.5120926148265,5479.493674121552,5333.830824301276,5380.9570404196,108498500,69.9702554531732,6093.072379890341,6092.2124832629015,5431.467477918414,4887.144499117061,6716.673253555386,-70.15525175987003,-171.28354091092268,0
2021-04-26,5253.034511646957,5483.77784407319,5380.957009496818,5479.493642632508,108742000,67.20321002881806,4391.27269247387,5195.7512073090475,4986.708750492388,4332.631567136683,5045.736577275118,-52.67433998795058,-99.3484050357076,1
2021-04-27,5443.498874008454,5513.767710772833,5445.220482045277,5458.073087431694,132650000,63.59149644656434,5434.132756335421,4362.188025147765,5858.585671047249,5543.413524140341,6172.035301541058,-22.95033300373333,-27.411825347511858,1
2021-04-28,5774.844181353719,5488.061891193632,5410.9462674297865,5483.777689873417,87660000,55.34224553422583,6300.413785644977,4280.112457145778,5481.361350629395,6002.765609236802,5657.457191655291,-16.31099511716088,24.736034015344302,1
2021-04-29,6056.287986588934,5535.188205379778,5449.504177432723,5535.188205379778,57355000,54.24740265879181,5393.796350771812,5134.7432468401,4930.9442549278065,4438.804431559698,5257.521426397926,-108.88419558514411,21.818010481604276,0
2021-04-30,5088.730781586165,5526.62031615925,5466.641491022639,5526.62031615925,65829500,79.19762959195921,4627.586078205639,7027.584873602501,4665.78364110431,5389.857126247606,4324.3901155971325,-76.93486666806123,-41.924300319738805,0
2021-05-03,4679.628523706496,5552.32509903169,5436.65165946853,5552.32509903169,42065500,67.55656010390726,5338.284936508761,5412.595488314401,5798.395119512232,4319.977585032927,5588.548386428232,-126.7023968852875,-4.554753225206454,0
2021-05-04,4545.259213356039,5509.482550048828,5432.366931152344,5440.935333251953,50123500,54.48608283193761,4934.613213122554,5661.957344308299,4754.080743210356,6324.030461699651,4701.971730675411,-31.252942417727773,-48.857461984490385,1
2021-05-05,5669.170265783541,5509.482443154183,5483.777237354086,5500.914041220817,51685000,64.25424342508417,5180.677459837639,6216.236520258159,6477.744455189621,5086.62999436021,4709.324915720005,-26.50693916543404,-62.12241468567391,0
2021-05-06,5425.287992402946,5526.619247020914,5483.777237354086,5483.777237354086,38115500,63.99135387704656,5390.280126049349,4896.928746313395,4516.346455040682,6227.313915670937,5366.836091907143,5.609028511190269,-26.8975925776938,1
2021-05-07,5487.517622276349,5535.187756347656,5470.924740600586,5535.187756347656,48864000,55.24800566533733,4931.482176746756,5727.296695221836,5624.2592697666305,4272.118898681442,6467.099991051992,-0.3870630799949666,-70.79593007405013,1
2021-05-10,5733.615209219763,5500.9150390625,5479.494030343409,5483.778232087228,68180500,55.87209655567028,5478.83262184639,5993.967848603685,5187.559625584952,5561.045977124372,4642.311242286229,6.90268539713427,-76.69187631043422,0
2021-05-11,4866.412030197779,5552.32470703125,5402.377666332104,5483.777488425926,70680000,77.29648277606738,5812.846881901093,5704.054567603532,4311.566405037288,5330.156057072321,6424.77843730449,96.37584395889088,62.32913461136578,1
2021-05-17,5638.15652805849,5569.4619140625,5462.3568772536055,5569.4619140625,129058500,74.61689513585453,6354.145906639528,4966.322077917708,6002.486572797156,5862.353016355721,5502.262078114775,32.89776594067502,3.580891667007525,1
2021-05-18,6911.087648971876,5530.904091705179,5453.788465329739,5483.777875586854,73563000,70.07438530404542,5218.035713924786,5225.016215704514,5426.976498501187,5148.828378467078,5433.048504502799,-36.46364219202623,69.46851547719211,0
2021-05-19,5921.559422519408,5483.778073286052,5428.083452229241,5466.641266807033,64912500,55.85990148134564,6438.418176245852,5799.520341353548,5267.620913257769,5038.823016720088,4975.849746266679,45.089347875686386,-6.364622781209359,0
2021-05-20,5395.388057961776,5513.767329775053,5440.93590428463,5475.209516280123,64950000,40.21444040697491,5123.6340440787135,4243.497939853155,6382.467147111465,4919.837274869344,4686.169218451683,-94.06612062538319,30.450899962130453,0
2021-05-21,5256.056453842534,5526.619527564859,5363.819882566824,5526.619527564859,92620000,51.22549218905777,4818.46892582873,6943.8120698829,4420.262907547322,4681.2204571565535,5633.135083710077,30.509948277545973,-33.910041648380165,0
2021-05-24,4950.760812006435,5466.640862771739,5389.525239315712,5445.219856256175,59210000,45.417479713979546,5394.607697246184,6433.336638438775,5258.367632000139,6783.56276531346,4493.631010077173,-66.7563156662436,0.3210610976735868,1
2021-05-25,5511.902543245107,5518.052136605035,5398.094481461448,5398.094481461448,87470000,38.405413611173664,5518.867404139612,4358.497548474419,5947.499375889448,6486.278474215563,5275.047361905133,14.538159847353654,-31.655262680055433,1
2021-05-27,5970.4729975652135,5552.324629934211,5372.38818359375,5518.051021107456,537971500,46.1323700274674,6046.3162822332215,4911.758991021456,5548.552552198328,5286.681104745488,5407.979669288162,7.554902213000828,-14.303921632154953,0
2021-05-28,5128.448715411229,5458.072885603559,5423.799272507147,5423.799272507147,102108500,45.90308284689475,6061.874707718951,4803.652295476237,5040.850455301899,5952.303192405065,6428.401064048534,-42.101088834006575,60.24658641195652,0
2021-05-31,4917.803661958226,5475.209538143383,5419.514918428309,5449.504329044118,101442000,48.12009549873058,5789.465618027428,4251.613842118592,6519.213238893366,4369.155857528546,4493.546750354754,-23.8069111314929,-5.82626742293744,1
2021-06-02,5136.217110091004,5582.314180095345,5500.914357054815,5569.461576457367,141732500,52.35150437154937,5281.292217522407,6247.470131813496,5454.481895806054,4787.833899750825,5438.101453949087,-64.10315038627941,25.57587396838842,1
2021-06-03,6366.872967187473,5655.14599609375,5509.483144679214,5565.177764337714,133810500,61.71373612321231,6029.711476036702,6825.66134172721,6426.095685653717,5553.111865047093,5943.029259682801,-9.02328641361892,74.27414399893016,0
2021-06-04,4684.1637852550075,5672.282889971979,5569.46205208729,5672.282889971979,62108500,65.1183249126965,5844.278618241429,5164.9337065724385,6665.547083785332,6133.458770804128,5889.3386060771345,69.08693971291805,44.33289237851851,1
2021-06-07,5842.75511710082,5629.440603165677,5509.482964742056,5620.872200421133,62576000,50.32048270004536,3670.1936777199844,5770.960514932882,5754.39524723788,5661.436978401604,5527.121099141577,-25.451574153831594,22.11602329766122,0
2021-06-08,4072.880641036427,5633.724249428946,5509.482421875,5633.724249428946,64348000,41.84229154560589,4144.026112104806,5980.986401640871,5127.766814963586,4310.133180620362,5055.077658188834,37.074763420718355,-4.737059112810879,1
2021-06-09,5058.591996208411,5599.451193559772,5449.504145530244,5449.504145530244,77198000,38.176985035280026,5868.609040134373,4331.4549562926295,5423.445313882251,5031.362419235062,5730.945572176931,-7.559042932207859,42.34345934251053,1
2021-06-10,5242.637058138795,5672.2822265625,5560.892998548433,5616.587612555466,73262500,75.48525070335302,4110.55815205103,4082.316117624916,4908.273965216261,5132.794778438607,4325.058398077564,33.45221970420899,-61.11228513973384,1
2021-06-11,6489.761961724398,5638.008773968798,5535.1879452642,5629.4403715767485,72780500,50.69069458091557,6300.016903467854,6462.808895315191,5508.29988212208,6532.728029046807,5091.0242917801925,41.646080296914086,-2.6302476437911366,0
2021-06-14,5232.24005493058,5586.598622148011,5483.777788611545,5586.598622148011,61478500,61.07366695868974,6221.958643636022,5763.6180493134425,6057.039794796615,5055.190060005138,5123.979860084551,-62.540590333545026,47.2530910498317,1
2021-06-15,5745.809444515939,5543.75634765625,5488.061732107926,5522.335341676126,87799000,56.59165224381754,6197.328056942103,5129.2562716169605,4478.534529534461,5866.575203831966,5475.588319278906,55.27368505995384,-14.763700649217803,1
2021-06-16,5790.284013766428,5513.766815687402,5449.503799187549,5500.914212387432,48984000,46.13357268496856,4595.198277485365,5308.656160072026,4213.624254534999,5136.593940924527,4427.551499772554,28.240733390077114,0.8494701275448264,0
2021-06-17,5603.756383234295,5475.208750647956,5376.672129939894,5475.208750647956,68448500,55.03292857030374,5336.028128366483,6061.556692964113,5944.370370753902,5482.880191999787,5040.293790953958,-3.0481807239914644,29.575828172856312,1
2021-06-18,6912.82161388918,5436.651453649951,5380.956836709486,5398.093641921936,118043000,59.22929077754682,7576.102037182098,5479.88824961429,5848.336390316703,5740.110084218177,4529.801620895237,-3.252879941050014,34.765260282284515,0
2021-06-21,4693.653314599572,5398.09396875,5320.978340625,5398.09396875,60823500,47.87290679878146,5614.77416651567,5261.401099243748,6615.167295385083,5508.190042115556,5477.992701321432,-60.72322361333066,-42.29949271135615,1
2021-06-22,5964.61807221237,5475.209692151765,5346.683643040221,5355.252046314324,65824000,37.63613922003206,5318.860301994044,4963.168249893153,6250.053111587514,5478.578578524168,5305.346629760412,5.975060136391418,37.51003839738481,0
2021-06-23,4592.886782713307,5432.368167197532,5338.11572265625,5393.810348976099,52451000,32.91063379090942,4353.560292825632,6531.912005195312,5631.243415690096,7041.923444871185,5402.8118268955595,47.802405870070075,-58.68077434498993,1
2021-06-24,5567.570866265495,5406.662053548964,5312.409624723229,5406.662053548964,56010000,32.42048455760324,4684.3437048372725,5963.7119297357585,5812.338120836727,6234.390496029945,5474.767541753515,20.39802817460262,29.79597090905194,1
2021-06-25,5845.818985485341,5363.820127915489,5303.84130859375,5338.114919634743,68939500,26.207041871387332,6130.6087652418455,6864.695554998033,6385.752192306989,6214.46802065034,6381.413073586156,-148.50148090161656,45.89579100713472,0
2021-06-28,3590.439338727424,5269.5673005586805,5188.16748046875,5226.725289985033,84420500,32.00243948333798,4470.490672506704,5672.657648395769,5628.922375880433,6654.499767266341,5443.409113099349,-93.59794625911452,-23.940542076693557,1
2021-06-29,5050.302389842238,5218.157422844292,5175.315407878412,5183.883810871588,53704000,31.020038058293448,6741.415151451018,5433.175004106105,3773.033616536518,5732.525507683035,5787.4318624689695,-72.3419158065096,-36.61750431088848,1
2021-06-30,6077.188660729529,5201.020212817686,5141.041396524896,5141.041396524896,65795000,13.752992398521384,5048.159979378108,5414.957992650787,5319.512590334774,5184.975810504265,5309.872244892254,-8.347505542174403,-29.070949815313696,0
2021-07-01,4629.163906648288,5205.304413981457,5141.041396524896,5192.451810490145,58153000,14.269424991658134,3370.8713839873144,5362.506358519982,4232.21958913599,5363.996248133772,4905.05192177179,-139.91310929272575,-102.97703004084514,1
2021-07-02,4996.39409551834,5260.998704853996,5175.314686859631,5201.019892257941,67392500,38.10312466137775,6625.155559671021,5385.657478813548,4753.865627178528,4420.061515096232,6097.99144332943,-111.14314226819992,-63.93960437593529,1
2021-07-05,5655.929064229018,5252.430750370806,5201.020335195888,5226.725542783347,39710500,21.711864132477437,5471.215939338341,4529.052883833956,5836.961971064132,4614.325655021586,6391.096889925298,-85.43706998173036,6.548627586767211,0
2021-07-06,5410.315497713957,5235.293692099763,5188.16748046875,5235.293692099763,34279500,25.770778829857647,4314.471057269457,3965.850769488161,5281.611849489532,4538.90286942151,5353.092298280612,34.90297061456701,-83.31305414530286,1
2021-07-07,6557.80573588872,5295.27345843209,5166.747403615777,5295.27345843209,35595000,33.346068568940055,4564.846323452072,5910.741682560935,4395.166571055922,5878.024313465013,4766.783926946265,23.18808535845598,-39.87423579201699,0
2021-07-08,4879.632012766713,5175.3155392768085,5123.905120012469,5141.041926433915,47297000,23.193213533688603,3964.088403964419,4151.635284458726,4331.941365198076,5364.783087674376,5892.696754529843,-92.23894836719785,-101.08277571947777,0
2021-07-09,4268.930624425221,5158.17822265625,5132.473015566601,5149.609820293033,40707500,23.083635757848803,4435.781360722942,4624.403119102406,5834.664304449095,4948.883716644263,5230.087220110319,-13.068392832929149,-106.95773643187121,1
2021-07-12,6332.998950808551,5295.272992744631,5158.1785463305305,5201.020560834937,65981500,40.45461699433362,4595.363278702943,5257.817179654012,4525.269538859494,6416.675467771415,4607.811462716206,-116.77541614908009,-54.61706098759784,0
2021-07-13,6210.687839471119,5290.98884828629,5153.894400395471,5286.704646789703,65946500,46.75397222595261,6203.453362546705,5078.048055281721,3272.1062968531205,5135.127395169647,5466.340463243665,-117.92657102583456,-24.922093812984848,0
2021-07-14,6148.088189565188,5166.746754845315,5123.904741952734,5158.178352266799,59321000,37.54628157284293,6159.334467016453,5435.025265709029,4621.549733964998,4283.440448310778,5773.186424254151,-96.99902756589738,-133.3716020290135,0
2021-07-15,5285.363554987792,5239.57861328125,5136.757773772869,5141.041975419052,49724000,55.026773075424956,5073.024465813016,6679.385245633159,6250.138930361163,5375.127256761061,6225.121554080685,-19.332981868236672,-50.206876236970196,0
2021-07-16,4912.6190454195685,5286.704360487418,5188.167731402158,5286.704360487418,47998500,42.8628382136918,6358.187802285587,5552.528035402772,4849.019460321662,6303.558911855211,6721.268533626804,-253.78524879160025,-79.8137394269944,1
2021-07-19,5859.6095151717145,5235.29440635408,5145.326171875,5235.29440635408,47119000,41.14476834652169,4908.482596290763,4834.677746463191,4989.602445860181,5571.933159079979,6003.910223600524,-32.11099122868447,-84.0111814194945,0
2021-07-21,5179.046476397565,5243.863284499792,5149.61083984375,5183.884456082311,55009500,29.58531160889652,5817.608272689859,4088.5114359820154,5258.149180396504,5484.632647575341,3839.320084544759,-29.7819864229199,-111.93267703088479,1
2021-07-22,5245.787417216612,5273.85107421875,5183.882859305189,5239.5774685373935,60792000,52.02033912346931,5867.93705185577,4930.037347806276,4837.886810080991,4473.195645694309,5677.48852635578,56.8047104794737,-116.70595650308829,0
2021-07-23,5061.746396243062,5303.841497514499,5162.462846934549,5295.273094449048,79938000,57.81146072503291,5234.104441600539,5397.5399148037495,4550.222210879952,5916.598803268292,5365.9567919628225,-76.53414722807587,-58.19186030826083,1
2021-07-26,6281.626992001271,5192.45238993547,5145.326171875,5175.315583368027,48171500,50.293078607289196,3849.2562794723667,4667.006013858583,5875.474116698621,5575.433874040284,6198.699484627654,-38.482955944579516,-38.16883825561472,1
2021-07-27,6398.230279161539,5192.45238993547,5141.041970233139,5145.326171875,53107500,49.72009775835653,5063.263791678131,5210.048493572981,5131.341542858942,4769.31995906812,5149.79635823375,-79.80201171009955,-41.43036048431453,0
2021-07-28,5495.807692997234,5149.61048383936,5115.336869970213,5145.326282105717,74133000,52.34450042578302,5413.843483264431,4512.359306178587,5030.78002352357,4999.605127319867,5280.243917680733,-134.7195810604774,-134.44450207116807,1
2021-07-29,5907.078234218533,5213.873243319278,5123.905011511797,5188.168034231426,84605000,52.704039794597115,6561.433034319858,5145.831359413682,5686.295940941945,4951.630909188876,5529.483974636176,9.592366291314,-39.247601731306744,1
2021-07-30,5912.762907461459,5226.725661183522,5106.768023057998,5175.315244844011,105685000,51.87505886547871,5300.74556653166,4452.103491010819,5734.466169205221,5537.454958108575,4822.054377296888,-115.04501491726808,-74.70254132440927,1
2021-08-02,6620.927797339345,5196.735798880558,5059.641367253041,5192.451597892198,119981500,53.860647067998755,3276.464716075039,4272.198863149756,5575.269510963071,4997.106332060205,4373.001569790987,-106.86960516532702,-75.25266098909077,0
2021-08-03,4036.6706267169648,5295.273102179109,5128.189242158895,5162.462854470733,110071500,67.32697022179956,5731.816164829629,4926.488004001467,5349.949082194616,5890.423486619344,6558.088502971343,-20.57026719681156,88.13583908667903,1
2021-08-04,6011.016690680552,5269.567512063419,5192.451889935662,5265.283310834099,41112000,59.76533080830912,4968.543737654866,4363.276934269233,4822.696679797312,7157.643288753547,5108.5948347469475,-11.89862857801359,-84.99415795320864,0
2021-08-05,5990.047027098197,5406.662152777778,5260.999305555556,5286.704513888889,93768000,54.97546088156714,4975.387305709252,6420.490545691455,5242.56294007719,5411.394672188535,5471.29676658968,-19.313017950168486,-94.1001601225305,0
2021-08-06,4615.829811961105,5449.504289899553,5256.7152230399,5449.504289899553,67285000,50.29781415731594,5160.622530794633,4460.4415902200835,4618.790149339326,6891.0410234190285,4847.785488108235,-136.84595616296895,-81.19592624988275,1
2021-08-09,5522.579202132842,5312.4091796875,5231.009361611643,5256.714567319808,52858500,59.11928694021286,6885.1314076624185,4792.792567783733,5918.549213513696,4229.806971777227,4507.747292816938,-21.997052773358504,-61.192440398638965,0
2021-08-10,5097.726280665567,5398.09375,5239.578298611112,5355.251736111111,60446000,62.88312648431829,4849.2518969717885,4847.928871881634,5171.980273896997,5877.556299330607,4764.461823135975,17.52916844900955,-7.992263359589616,1
2021-08-12,5689.284930981866,5415.230555555556,5243.8625,5243.8625,118325500,65.60061635823855,4953.479193392829,6019.885159502696,5398.745751447033,5412.4398880643785,5620.123338024358,-31.039316156256398,-26.66154281814314,1
2021-08-13,7027.005894922741,5513.767198393014,5419.514767651253,5440.935774638017,86929000,67.99921723796875,5658.075719744303,5702.94620408269,5647.303097036285,4959.43391717454,4949.923583497706,107.37263229348463,-70.8313419873561,0
2021-08-16,6392.10225461079,5500.9150390625,5402.378398954683,5500.9150390625,69282000,83.87387111221248,5511.976489570865,5319.96560305598,5120.562540970081,4913.048506319224,4753.064972039993,73.77464321167197,-23.137468148300535,0
2021-08-18,5570.22804354307,5792.240444483902,5535.188353752367,5586.598771898674,186354500,68.7308621610142,5950.894719626888,5377.1506636398,4585.190830211554,5093.9256348184945,6141.135074259137,26.578594926956995,99.86501895577945,0
2021-08-19,4500.386711350154,5655.14599609375,5595.167174923059,5655.14599609375,100926000,82.38185584750428,4117.787312785005,5176.219875025128,5259.518056903691,6214.539762720428,5438.816917198173,102.23211837739512,-35.318713644047314,1
2021-08-20,5952.835843747469,5655.14599609375,5578.03036887429,5655.14599609375,120163500,72.44798828357766,4511.507672054995,4485.860374722909,5634.340537175494,4623.267409209062,4997.985205932098,90.7166871978351,92.8286228781362,0
2021-08-23,5918.251258248778,5646.5771484375,5582.314130814919,5582.314130814919,68253000,91.16158340153618,6022.454717202794,5392.4763015469225,4260.802788192648,5580.012204274421,5800.0656675238,67.24709117291624,48.34429449774946,0
2021-08-24,5372.727587538569,5655.14599609375,5569.461965849906,5629.440787020597,59561500,90.82708046716046,6659.610735147671,5431.827504767102,5294.181068463089,5986.441792409139,6116.379969227304,178.04299380782507,144.60994090924453,1
2021-08-25,6282.523449087883,5659.430197605942,5642.293391557174,5655.14599609375,80751500,80.65218891599318,5278.684741723381,5508.858268999565,5931.877632853842,4250.201945495949,4652.604698850364,252.2671401068344,67.8081633311787,1
2021-08-26,6967.056469418139,5638.008875404917,5543.756447396628,5620.8720703125,74337000,73.95091559539932,4662.252226932382,6527.095094908566,5618.044532636919,4616.526367850502,5592.696898084325,154.645603627877,104.3621099234932,0
2021-08-27,6457.888923698369,5595.166099630376,5560.892494119624,5560.892494119624,71572500,75.80042872252389,5451.055144947883,5384.426262093695,5066.264138327701,6185.233689437218,5766.49326194521,112.0517247469876,130.9424334011611,0
2021-08-30,4204.854047015909,5638.009343166888,5586.598923624333,5595.167326881426,74564500,89.45526578521942,5544.407935318705,5318.925262241351,7020.283334201291,5917.539673544133,4640.690442754896,2.427834545275971,109.29070553970931,1
2021-08-31,5982.38257951299,5629.441005933922,5582.3147874672,5586.598989145992,115373500,79.80214484321145,7465.388909532578,5559.608364960769,6885.786623318355,4945.6677223151355,4833.514509472843,224.06585148692892,128.02959895432224,1
2021-09-01,6614.128292304441,5655.146149681073,5599.451528509972,5612.304133395611,67362500,66.43347061665487,5566.646648606185,6353.981603686209,5783.457819044292,5032.09319344359,5435.260029543679,68.08512956617058,-33.804107045814604,0
2021-09-02,6595.220133383846,5633.725251830681,5530.904410732631,5590.883234706494,53257000,68.63577803885326,4382.046323732076,5706.074736050198,5470.693535305346,6553.289585112124,5295.619560487737,-24.577038862028928,198.90478345804706,0
2021-09-03,6516.130407037238,5655.14599609375,5582.314570386482,5620.872383996212,35764500,66.8029124464293,5547.240461265303,4774.037449316587,5364.681623445175,6568.504916634655,5257.319035895132,19.431146972227026,112.23710347426817,0
2021-09-06,4246.671791514393,5659.430307227305,5612.30408968037,5655.14610563213,36780000,67.99210435258333,6161.135004386011,5817.9928348680805,6246.017243323814,4310.914382237942,4809.186546229938,57.57153624764467,65.64528852799627,1
2021-09-07,5312.651330122639,5659.429838369245,5629.4404296875,5650.861435888746,53902000,48.52971588157241,5530.078543488118,5787.352223988431,5367.827274656614,5193.997102048862,5167.143359101987,44.517910487574234,69.91942446667154,1
2021-09-08,5411.143123518673,5650.860509647346,5500.913490816673,5612.302704805173,77888000,24.584847779387644,5990.754654880461,5858.291021563724,5394.040788183652,5242.846034850927,5631.020158658515,50.07288918593281,41.048899321450925,1
2021-09-09,5517.662057632172,5629.4404296875,5492.345989999524,5492.345989999524,110074000,42.44740457472521,6649.752973357163,5985.649149298108,6954.1740901858,5487.342025087695,6244.401683117227,143.7402673831024,1.5343800060723396,0
2021-09-10,5267.697988016353,5625.157428764858,5565.178598602857,5565.178598602857,41483500,49.03781825364521,6670.154686656127,6046.911551620511,5978.313188206943,5983.4977819151445,5159.114558400077,118.75969237865024,-22.677479330315336,1
2021-09-13,5754.117003759833,5620.872091914569,5590.882682887585,5620.872091914569,29929000,55.61008312039655,6656.1175511044,4836.381460373111,6144.331229312731,5126.551264765848,6475.3455964300065,83.68054722862547,89.87864605991814,0
2021-09-14,4673.373239812367,5650.86203648718,5565.1780025753205,5646.577834791588,51990500,49.787511782044845,5044.447993054463,5569.208732280933,5085.88892898927,5242.062051089221,4838.049143696501,24.003967130760987,13.154541143519118,1
2021-09-15,5405.817563166765,5612.303458339347,5556.608843867278,5608.019257226111,44514000,39.45668088905647,5674.289844859055,5524.790058741181,4945.885877568563,5747.246749994915,5246.979972940964,199.41841457750579,16.195947626922816,1
2021-09-16,5491.949688114245,5638.009137620193,5552.325108173077,5638.009137620193,58672500,38.398684438151946,4158.586481225816,7018.426100558591,4303.917604768851,5397.011842461229,6290.64011261612,-3.8901989120772953,31.217901512071553,0
2021-09-17,4046.954686350522,5599.452215838286,5552.325992139571,5560.894396448428,117540000,47.793327106035605,5327.338428209827,5936.944472098654,5988.4352780128565,6803.031185309584,5277.015347744391,25.917369739118215,18.22073068587141,1
2021-09-20,4554.349136780794,5646.578147245159,5578.030916322608,5629.441339514521,73157500,52.06683619049736,5339.713214426568,5068.394687080438,5783.459460202855,6451.513672154445,5976.35702378878,79.12093646348902,95.781813275135,1
2021-09-21,5616.144865585479,5599.4508765739365,5543.756261887279,5578.029870925222,57115500,47.13806390166479,5318.255224864942,5969.512019521966,5885.71763018657,3625.150880987944,6090.127898608042,31.817445060323458,16.81390192928998,0
2021-09-22,5244.534411233137,5638.008897072845,5569.461676439741,5569.461676439741,68722000,66.42381379873275,5197.559593830446,6003.000497833699,5945.276070012662,5718.970012391205,5929.111325899891,24.681883715930397,52.29967991820331,1
2021-09-23,5677.889375323059,5646.577680500807,5608.019866294049,5616.5882694511065,60998500,61.68980992607124,4161.065020936506,4875.037845041502,4680.88512870815,6046.552224730121,5031.7663800389655,22.17344422377184,207.28975624910765,0
2021-09-24,5607.31560351963,5642.2939453125,5569.462512457289,5569.462512457289,60539500,59.83067984160419,6079.500429393924,5082.413025285273,5536.028750058726,6382.346045270512,6263.484733896545,-6.091237080965328,14.79269828443077,0
2021-09-27,5431.893578045963,5650.861882079335,5616.5882694511065,5642.293478922278,55052500,54.87184702607947,6052.053187858834,6421.867574833368,5392.429046568849,5338.291176083603,5988.395735386167,-18.89419016217486,-27.23594200761451,1
2021-09-28,6977.85868700488,5620.87322661043,5569.462800757286,5603.736417992715,80186000,52.72399635886107,5609.9554250150595,5402.098476344537,4363.792140593382,5672.16563198269,4595.707088267454,-51.78823923537041,15.46765158292903,0
2021-09-29,6155.651568407158,5638.00927734375,5582.314656822877,5586.598858401406,74079000,53.10132600917369,6043.101838773164,5122.517813984754,4543.956403504784,5345.157600617568,5393.331005359479,-3.0601153702927917,31.067317991826155,1
2021-09-30,7074.675034019705,5997.88232421875,5650.861989746094,5655.14619140625,156848000,65.62936762074851,6248.187952338743,5915.80595332707,5774.071483031096,4795.978241282505,5306.764678838747,-15.968506876731738,88.64703245242384,0
2021-10-01,6080.550822913918,5912.198370758599,5749.39870547684,5912.198370758599,103954500,70.88559236528991,6598.765184572523,5735.821903404045,4984.34317583216,6660.513014551711,5406.436940927777,73.55004315238149,-8.800442959757675,0
2021-10-04,6071.953735780694,5963.60791015625,5775.103062421426,5775.103062421426,74719000,74.84313453779416,5253.337709203325,6962.624495389187,5764.495439721785,6705.163519471666,6060.63067121544,5.270778439071449,3.722615322680852,0
2021-10-05,5047.895101889492,5950.75537109375,5877.923951865101,5920.765963176071,54986500,60.35764025909413,6671.145146484302,4637.368052159391,5432.405974715894,6187.247243175548,4797.152289338251,9.461949880527897,71.4457358619117,1
2021-10-06,6902.085278488828,6152.11328125,5972.176820377786,5980.745223276463,174312000,68.65490082366486,6706.425804816665,6114.999119457397,6396.4263759367705,6670.670808589281,5113.637470268743,156.48218658150583,89.75954679392629,0
2021-10-07,5657.25492337952,6147.829167030377,6066.429338337988,6147.829167030377,107263500,53.341128777670775,6186.8022576149015,5949.440213603146,5571.115555100623,5582.1434018226555,7201.0099461474065,176.99296615664565,94.41725930030303,1
2021-10-08,6046.771530279241,6254.933636616941,6147.828608592678,6169.249614197532,94643500,77.81688279533539,5749.510959603118,5990.512147687879,5442.199192261109,5064.547336072266,7366.05351288167,87.34179700396106,21.49150676548446,1
2021-10-11,7447.405260059726,6246.365385133098,6194.9549704406445,6203.523372889387,47201000,88.56958050890007,6244.027520978695,6060.065429975757,5726.429751437057,6655.401702184918,6802.91196346175,162.52337321028165,120.95911875735123,0
2021-10-12,6716.381615127925,6272.07080078125,6207.807780281442,6216.37618301475,91067000,77.42676045772136,5946.353987595521,5626.224230940335,6745.017926132921,5495.959839980538,5007.305354930767,141.23856081015612,191.90331053043826,0
2021-10-13,6471.840043085411,7068.931815822259,6340.617628737541,6340.617628737541,210893300,81.72585018894313,6327.882416041792,6592.185043082138,7020.914363240725,6194.235469430739,5129.193626211426,150.1845454077529,171.62809736710417,0
2021-10-14,6364.321115838958,6769.038747479838,6511.986643145161,6511.986643145161,138811900,80.2803158405513,7308.988956294241,6170.376590301161,6507.885593341662,5421.225013849132,6476.566304306127,99.42849544332056,198.54896976489107,0
2021-10-15,6123.648487216365,6747.6171875,6383.460069444445,6683.354166666667,142378200,63.17485489820062,5361.730189901829,6226.245289361173,6640.000747316598,5206.927319057573,5168.764132163724,262.10405616414,138.33972699177332,1
2021-10-18,6709.228224527806,6576.24868926495,6404.880645245016,6554.827683762458,116644300,78.52328523379084,5903.478730351677,7012.382229811733,6252.574994543,5384.150061076258,6799.15226425601,223.91035221034383,182.3162375925666,0
2021-10-19,5499.636006783722,6447.722763671875,6297.77572265625,6404.880751953125,134601200,74.57537966242423,6748.269039979863,6186.901630504941,7888.368751599058,6325.854661879994,5454.19122852407,245.22210692306348,203.86739817380075,1
2021-10-21,7629.162047205035,6469.144207928632,6297.776149440456,6426.302193306588,106120100,46.572019020966465,6973.996375961602,6500.86654270879,6484.993392129463,5682.515720419595,5811.1259115792645,190.1409326113029,137.93454434907812,0
2021-10-22,6119.136502081807,6469.143661752491,6362.038634240033,6383.459639742525,96730700,86.3964674585438,6444.507418706049,6456.46432934337,5807.45707728936,6964.494367084096,6442.779586600073,232.91151602494497,259.8435933159672,1
2021-10-25,6638.390889531464,6447.72265625,6340.617628737541,6340.617628737541,60329800,73.73223096821243,5772.501368261596,7825.373607309199,7907.488960252307,7102.465526073974,5583.878219799048,229.89156015861352,175.8893253490257,1
2021-10-26,7119.706676817451,6511.985672757475,6426.301650747509,6511.985672757475,70103000,83.46914546109419,6916.079894939791,6148.450565350553,5635.62073305453,6155.484143283803,5534.51974127772,257.8008738728994,100.10933986563693,0
2021-10-27,7075.557027272242,6490.564993839136,6362.038954357173,6490.564993839136,57067000,61.33009864828923,6163.483463969298,6724.310004288495,6812.115110670929,5498.09399780678,4510.740004277133,219.53124876092448,217.22352075314348,0
2021-10-28,6011.690655366371,6362.03928098517,6297.776257944915,6297.776257944915,75271900,62.2108620347226,5442.710997458971,6278.210541664434,6101.977043252087,6965.3280378419495,5639.154587360465,108.70025421269273,229.6100909025584,1
2021-10-29,6965.643469209188,6404.88134765625,6319.197316249478,6383.4603398045565,60639200,64.93988472067686,6343.157505828401,6247.302885872284,4959.6647852606675,6856.496592047559,5994.620835486742,265.8352720844076,158.0806907702223,0
2021-11-01,6346.493561899864,6469.144207928632,6340.6181640625,6469.144207928632,38593400,55.387329599105776,7093.075699118818,6325.036365802233,7111.6028880085605,6263.220705957639,5431.852118152636,110.23668741871148,242.3797421090766,1
2021-11-02,6375.749869305179,6362.039117682471,6212.092067770762,6319.197103421982,90535400,52.215399839695415,6043.8628334906725,7601.79411899504,6804.912909026768,4415.168922456805,5766.602818337626,73.60905989945567,129.99823002968282,0
2021-11-03,5847.227883935244,6340.617400085034,6212.091371704932,6254.933381164966,61621500,44.43455577674841,6880.083766218336,7341.185486748915,7548.183842592643,7119.02309887246,6838.508494413628,50.292761118399014,262.21157054543914,1
2021-11-04,7599.8454553628535,6404.881296345339,6319.197265625,6362.03928098517,61081400,37.515088350414906,5542.229071599058,6628.17624042025,6532.325321922138,5341.8600015981665,7112.907796707418,104.26743788911995,84.75824900020606,0
2021-11-05,6487.39465297867,6404.880967517827,6319.196941196518,6404.880967517827,43120400,41.94090783881808,5882.181659614498,5403.848080749182,6435.003881715736,8003.130458028416,5843.24338778571,142.48395921848464,180.59505443180356,1
2021-11-08,7304.847895099797,6511.98643770627,6383.460389593647,6426.302405631188,85441700,58.960409908411236,5450.534089545822,6715.18480917699,6594.218856909327,6732.358815488306,6258.798257244559,139.58622045370208,192.64135338114818,0
2021-11-09,6952.0876417240515,6576.2490234375,6490.564997073494,6511.986003664495,101785800,53.172274942654504,4664.638363973652,6202.2679767977015,6353.634783968164,6043.654994499414,5889.80591017522,257.73225699169075,215.81475654971368,0
2021-11-10,6194.729317729166,6576.249131944445,6490.565104166667,6576.249131944445,47503900,68.57813470066681,6786.915192226048,7389.738787472359,5350.518602047243,6064.601575074989,6715.678197260116,160.2941845644595,83.64627712088277,1
2021-11-11,6721.307211386708,6640.512043210505,6511.986003664495,6597.670030028502,55790000,55.92531635977082,6859.006065428792,6246.996978444445,5977.32686424003,6659.249122489114,6240.9777385404295,109.52302038613244,117.2404211202338,1
2021-11-12,7086.612689643114,6640.511705772426,6447.72265625,6640.511705772426,52590100,53.50519453299109,7626.203333200435,6870.964922847183,7406.206603966874,6406.241370961711,6607.916933493526,88.85202051996446,96.1881806153033,0
2021-11-15,6299.107936145999,6533.406787109375,6426.3017578125,6533.406787109375,67344200,58.43167573732228,6544.836623254321,6628.891294761227,4954.629970637865,7142.97957647475,5169.626322799852,24.7992488275205,134.50162958777437,0
2021-11-16,5806.472921517798,6404.88134765625,6276.355300546091,6340.61832410117,98616900,49.18255791209565,7489.926278116101,7834.189646901057,7629.494293884164,6064.744796403455,6510.782813668015,135.41133467278127,87.94382945489,1
2021-11-17,6149.926702066308,6512.34521484375,6383.387883856745,6447.866549350248,61968100,62.86455426238741,7942.347828972415,6886.914532970773,5344.608343946467,6257.903249422727,6610.845068443292,54.30523374711753,121.98993281647734,1
2021-11-18,6943.092456034648,6447.867068728885,6361.8955078125,6383.388398041597,78839600,54.94430967946094,6578.043028828046,5405.738551093053,6671.830035818062,7622.1076581006655,7055.40033625797,52.37010618600324,84.01816986406826,0
2021-11-19,5805.715232876862,6404.8810731008,6340.402404579651,6383.38818359375,68203700,45.68799589458545,5569.933077398783,5334.324993340682,6859.084930412178,6610.001464825101,6581.03958543243,90.66290393976735,99.52423230951564,1
2021-11-22,5925.152537172767,6469.359802858487,6361.89535430602,6383.388244016513,66328300,52.35122630365734,6691.232639983048,6970.181876411518,6952.393115854689,6720.271855904638,6606.953939887847,35.87263565517012,99.73033519072622,1
2021-11-23,6103.0098405071085,6447.866913147993,6361.89535430602,6361.89535430602,43477500,65.14373690584037,7214.448001483273,6330.248589637368,6824.8421610266105,6773.781190115066,5609.959683041041,72.31398022236742,64.58785066787578,1
2021-11-24,6179.317755626072,6512.345582279473,6383.388244016513,6512.345582279473,35181400,50.128835409152316,7268.483751484497,5930.362820144648,7380.24283788481,5974.840718522216,6052.941499312596,-56.91554887287976,99.3580464316405,1
2021-11-25,6939.971215051207,6469.359741621949,6383.38818359375,6404.8810731008,40216100,40.94535021502374,6830.847227912735,7535.882446571115,7512.848858378829,5887.004830826858,5831.660733718209,28.979835090951347,43.49051029225326,0
2021-11-26,6077.701564265106,6404.881386248926,6232.938261785867,6361.895605133162,113288400,35.244551538379206,6014.072935997383,6605.176927618001,6035.461713784036,6251.107035110659,6129.760028299329,53.03607318474417,181.3551304981483,0
2021-11-29,5886.265018305756,6383.388398041597,6168.459495750633,6254.431056667018,87907900,34.38198906373972,5148.104378931471,6835.276559643398,6008.954684638846,7098.381731081531,7106.68499753369,90.65422525697021,46.786352061579905,1
2021-11-30,6818.869727995202,6383.388495691043,6254.43115234375,6297.416933459514,144923700,23.15470284534735,5807.882247968767,5762.02955842508,5702.662243479308,6092.983321110662,6485.257110958781,97.62615113077818,20.26781248000773,0
2021-12-01,6616.354751273206,6404.881665373502,6254.431424911708,6254.431424911708,76538100,21.719418934434824,5477.250175374795,6900.428459041903,5456.877429793227,6426.44923372798,6027.993786174181,-36.462267819301076,41.059868761781345,1
2021-12-02,6877.8695543475,6447.8662109375,6275.923111979167,6340.401774088541,66831000,54.95637337646197,6938.166662570404,7099.696542131632,6627.584079171936,5773.726688548183,6305.679069715739,-26.2216856836001,-9.970455844362235,1
2021-12-03,7110.203556435081,6469.359679555085,6318.909454449152,6469.359679555085,63283700,43.792563498115356,6792.712946882833,6362.393139401841,5695.156454450926,7146.128004913181,5253.118689201123,-48.25198647436092,4.30887311436004,0
2021-12-06,6401.100821201163,6426.37362151892,6318.9091796875,6404.880733152636,56944100,41.0262668997258,7770.07763121436,6800.358668466052,5550.632326763156,6176.903438642072,5582.264432461191,-84.44082735519115,92.22756607280525,1
2021-12-07,6467.050697916803,6426.37362151892,6318.9091796875,6404.880733152636,51258200,51.49989052442713,6832.471442850447,5773.0857393032,5858.316152118286,6648.884413669656,6912.209861032777,-7.208667896624043,13.307682698050211,0
2021-12-08,5821.423786683559,6426.3739626078495,6361.895294086701,6404.8810731008,74775000,43.431756395094155,6442.169450370442,6564.674278458696,5650.07978734308,6893.768266485809,6298.188830382164,-31.010071126127258,-40.89128163124846,1
2021-12-09,6513.857514795605,6404.880733152636,6318.9091796875,6361.894956420068,54886400,47.171284959052215,6607.657178718804,5269.2665615181595,5635.595295031104,5447.892750625459,5824.614042867404,-29.325368933730847,-78.63039829543689,0
2021-12-10,5534.759163625297,6340.40234375,6254.43078654661,6297.4165651483045,91092400,47.32617287605134,5291.608823147887,5654.685708693256,5334.257614054735,6712.286215750552,5838.833346621035,11.28429121500651,28.95641981534493,1
2021-12-13,6443.911529996801,6361.895882384418,6275.92431640625,6340.402990889876,59977100,49.96673136929311,5379.30928490359,7279.13260012264,4980.399518702348,7224.071997568309,6494.532522204599,-22.385042383180902,51.22926768315061,0
2021-12-14,5824.815589717638,6340.402990889876,6254.431424911708,6275.92431640625,49763600,47.149014583070645,5391.737722881323,6879.90411969694,7381.912264179025,5882.011219141903,6566.731467441089,33.55631384094076,86.9082025269403,1
2021-12-15,6552.166880041854,6340.402990889876,6254.431424911708,6275.92431640625,52477600,55.68276446852666,5553.197390005779,6591.56804456448,5920.117260512617,7600.875478423629,6042.575617169845,-21.632437786331923,-51.179663663107775,0
2021-12-16,6544.848619060722,6361.895605133162,6254.43115234375,6340.402714575279,95171400,43.345646342049534,5424.077286589639,8052.388080891642,6345.37397155144,6216.086741402307,6540.069687526518,17.86077222860492,-41.32598984834607,0
2021-12-17,6136.206190758899,6447.8662109375,6275.923111979167,6297.415999348958,107096800,47.61876226947103,6522.680916202508,6549.222917364039,7060.156854807767,6264.626374545747,6424.247284560832,-59.94688688669556,63.5774562955959,0
2021-12-20,5529.692776664561,6361.895233050847,6297.4165651483045,6318.909454449152,74753000,54.199189818122,6169.562014342672,7811.560865163177,6314.969841313164,6306.662335782205,6493.412524211609,42.58475238697856,3.824665298736412,0
2021-12-21,5508.7349440662165,6361.895233050847,6297.4165651483045,6297.4165651483045,52386100,45.87385592050869,6033.358392751818,6936.63929284881,5418.896524362848,5997.419143599064,6316.165243419845,-43.042248906342486,-17.382534822167706,1
2021-12-22,5630.511198228394,6383.388060273571,6297.41650390625,6383.388060273571,33232000,30.565886458661772,6116.53378618113,4846.263430705492,5761.09060618164,5808.09278386831,6847.1482902574535,7.1113114065474115,-8.433432498643484,1
2021-12-23,6268.466800027575,6318.910099395333,6275.92431640625,6297.417207900792,37136400,34.60774107614553,6381.971398876444,6076.503135980871,5818.527350902974,6585.61292191451,6709.9319981726985,-32.4581803517098,-80.59697691455297,0
2021-12-24,5785.820901271701,6318.910099395333,6275.92431640625,6275.92431640625,30802100,40.86840686690368,6059.193316418663,6858.140712264293,7150.504782602706,6340.801645452864,7019.630846916232,-1.1089384276959908,147.49186813358574,1
2021-12-27,6169.539498643224,6318.9091796875,6275.923402954932,6275.923402954932,20722100,47.161154415076574,6289.156496189417,6611.083123633024,6722.0831343749105,7027.792206325649,5993.537520199949,-10.081273277715052,-47.20881795249027,1
2021-12-28,7268.587138624837,6361.894956420068,6297.416291321216,6340.402068053784,39343800,42.53579711945712,6261.538063443726,7057.549930146938,5522.356899338457,6225.824664990371,5714.0815601991,-103.22363977694961,-12.98275812566768,0
2021-12-29,4510.7278522135775,6340.402990889876,6275.92431640625,6318.910099395333,42079500,51.30780387401529,7312.550407853265,6311.754025344633,5459.65896632894,5915.093309538152,6191.68558079257,-69.5193407551813,-1.9039078223857357,1
2021-12-30,6559.589393151244,6318.910099395333,6275.92431640625,6318.910099395333,49954700,58.53620992385142,6459.937922222783,7281.868171456745,6674.671208078127,6533.623157027821,6550.961728821554,26.711243690903153,0.7718971930305809,0
2022-01-03,5838.539473874892,6361.895171181741,6275.92361481442,6297.41650390625,54287400,55.14617541865159,5478.015431796057,6494.615047667469,6615.142011663368,6641.541555043364,7516.660934627742,20.960946184666803,-74.27372371845382,1
2022-01-04,6772.182497332521,6404.8812882706925,6297.416837125212,6297.416837125212,70624000,61.954770938480834,6945.24522184892,5890.593892220129,6851.111033209632,5366.363855649562,6207.554868609906,-22.632545940735874,14.486631810195828,0
2022-01-05,6204.205212961297,6469.36001894138,6340.40267637112,6404.88134765625,76164900,76.11067505722147,6033.157896922881,6903.3744788759905,6304.830993658862,8263.114914897425,6007.097295437431,25.38230373708879,-114.30039864268902,1
2022-01-06,7246.120706396001,6469.359802858487,6383.388244016513,6447.866913147993,63657100,55.094031230433444,7687.330316124015,5432.194235874986,6668.1852019019225,6820.007445793421,6442.92956984549,26.824102306331167,-17.450859138507198,0
2022-01-07,6352.056238653414,6619.809997957516,6447.866881127451,6490.852660334967,143433300,60.32030156546394,5807.932290048188,5983.85822447245,5867.302211585724,6180.429937379283,5752.530352328417,105.68919725655029,6.131964980054358,0
2022-01-10,6327.210371618694,6576.824157714844,6490.852600097656,6512.345489501953,45351900,60.61123557253684,5722.624872060705,6871.46167507039,6895.673030494185,6914.746956169594,7187.001949023801,-8.69786476542069,10.860126599606316,0
2022-01-11,6212.605008679608,6619.8095703125,6555.330905666599,6576.823793881899,110334600,68.86891921554707,6268.657130381232,5305.625764906303,6467.891567528769,5947.963323208424,5909.067694241055,-2.0766484691230005,31.83959406232585,0
2022-01-12,5883.748858475722,6619.8095703125,6576.823793881899,6619.8095703125,62606000,83.06121831538466,6404.71042100958,6119.052441670696,5851.9242984447465,6391.910335439241,5348.940115081271,33.76411147159909,5.960520715099555,1
2022-01-13,7382.623811422143,6662.795346743101,6576.823793881899,6619.8095703125,50025200,88.17897887102639,5328.828236123851,6668.352652287646,6787.145804367556,6149.151503240314,7064.112757284184,44.996321611648995,12.652787316926801,1
2022-01-14,7597.889517157035,6748.76708984375,6576.823979274483,6619.809756916799,65898700,93.46889212053216,6733.401210514972,7232.2905430603005,5919.903172509542,6720.664322778295,8154.165349182444,38.387313399868916,43.94443444021669,0
2022-01-17,6481.6244938554255,6791.753736139113,6619.8106035786295,6791.753736139113,63902600,78.68823636363199,7493.03976253418,8372.080383599567,5310.755084592427,5723.20049980881,7018.068148446907,106.24627980841885,84.57291768964564,0
2022-01-18,5901.430180279089,6684.288944803542,6490.852930323697,6684.288944803542,71476300,63.886341388563714,6616.331167938497,7054.789029539872,7367.745087038516,7315.560718270325,6036.082701191937,54.797742235531565,33.53539509079583,1
2022-01-19,6483.933149876426,6641.303163808021,6512.345820821458,6576.82449231474,60389700,73.39541131641892,6267.9334823469435,7518.8830517447595,7601.917445803681,7427.231902340212,5637.917934695018,117.72479315679242,66.81281510576547,0
2022-01-20,6452.8412256789225,6684.28857421875,6555.331238381732,6641.302795606411,59925500,70.51825367067124,6981.556599688026,6350.882927470006,6527.620899529024,5933.928334500996,7083.448851529967,17.55944715134291,-11.581894481093371,1
2022-01-21,7497.060938629964,6834.73876953125,6619.809877407625,6684.288545044713,63370500,85.56387207888189,6882.510913319006,7509.363477308132,6279.337059356296,6272.17558347881,6692.355969107414,119.80622759595349,72.95896503774672,0
2022-01-24,5933.553567388798,6748.76702724359,6684.288361378205,6727.274138621795,40278300,77.17611995298493,6579.429411784196,6241.592376747353,6809.1293859637935,6519.872884324277,7002.977923845947,66.99843555830458,27.38878707063173,1
2022-01-25,6617.968411048641,6684.28857421875,6555.331238381732,6598.317016994071,106796900,63.73292013001454,6806.868467112538,7318.132487632066,6312.513839902404,4610.564142093821,6446.966551729403,74.38167566259635,166.5065594236886,0
2022-01-26,6169.534087359337,6662.795346743101,6576.823793881899,6619.8095703125,53350200,49.62319315781132,6292.5590606502665,7569.171951348506,7309.06829386369,5719.382819383066,4930.920044525999,200.8608823014702,131.40484939458943,1
2022-01-27,7269.854856217165,6705.78125,6555.3310296474365,6555.3310296474365,71945100,51.95057294557164,6436.563901057069,6267.412334072311,6490.401972216931,5687.4198970654625,6746.813850361689,18.08556362477968,-5.676618764099999,0
2022-01-28,6408.5373210815715,6727.274352831088,6619.809906300241,6705.78146352492,70595000,56.68845249971797,7459.8271553636805,6646.108728995912,7239.54163463205,6212.599357232704,5867.402594511889,149.36230344309487,87.7809578751186,1
2022-01-31,6829.4570380581945,6684.288386910861,6555.3310546875,6684.288386910861,68122000,59.462733241350165,5469.6341673609895,6251.639387281526,8292.789231858886,8652.60231345566,5813.268031915275,38.214859293746194,24.05818677732092,1
2022-02-02,7288.399328662525,6705.78125,6598.316806891026,6684.288361378205,65308100,51.46829486172154,6331.52157972234,4831.775206792446,7216.728764146869,7230.411120204026,6330.261224489618,65.36284469981743,-44.54851573648358,0
2022-02-03,5544.211986841356,6727.274290807039,6619.80984526699,6705.781401699029,35100600,51.668830916187,7561.691950444224,5567.443716547001,6177.465040709218,7953.1690718140635,5258.718040707171,96.37642831781454,38.413667085808754,1
2022-02-04,6985.356562933955,6705.781401699029,6619.80984526699,6662.79562348301,39324700,45.92527921005884,6161.110289721686,7095.808758666537,7535.050844843833,6327.58436769808,6022.51327197612,96.33976632227586,122.52366181430415,1
2022-02-07,8012.045035420588,6705.78125,6619.809695512821,6684.288361378205,56813200,54.15551313788815,7235.468457985144,6159.302244416651,6096.190230157879,7077.69823734297,6625.95670810233,-70.08714355003903,154.1399401172124,0
2022-02-08,7495.7271145926,6748.7671799150485,6641.302734375,6662.79562348301,61883100,45.222441040148325,6458.293773151012,6872.212480005924,6863.9716837543165,7110.578632084531,7734.721756869476,-10.200259742151893,24.48173289728573,0
2022-02-09,6142.393554203589,6834.73876953125,6705.781434257076,6748.7672126818,108922200,51.7764245036506,7250.795819811244,6685.76799794462,7488.072660714246,6233.2399004516,6051.375616068315,110.37525518836556,25.26222484761454,0
2022-02-10,5989.682644070691,6834.739519279235,6662.79638671875,6834.739519279235,93277000,35.28115234467331,7028.7184914291765,7612.626392084898,7328.606385017416,7586.351122493154,7509.329645029618,76.28100720288317,10.660401121176648,1
2022-02-11,7187.010852003014,6727.27490234375,6576.824664911142,6598.317555972943,71968800,40.5705001947273,6858.7186115640525,6123.368422288384,6078.755344176596,7442.194288910024,6863.336548760392,110.97229365151753,98.65898187814268,1
2022-02-14,7569.172969206768,6684.288234958401,6619.8095703125,6662.795346743101,57710700,41.389396603386054,7494.069201248496,6949.367553757795,7876.87325443216,6488.960600343175,6592.826034467006,16.494744550289646,122.44059227026456,0
2022-02-15,5624.838444784589,6770.259765625,6641.302436755953,6662.795324900794,55617000,34.24610588288353,7033.0015500292975,7199.615103037995,6935.710743263923,6234.5000639806685,7672.745796858217,120.16336434671028,33.22005803322445,1
2022-02-16,6148.482171820064,6856.23095703125,6727.273634955427,6748.766521968064,77055100,56.89058422221697,6813.661654988055,5667.500001495042,7804.805291295835,7070.899884041961,7063.0982421614035,28.253082969760037,97.11276534109265,1
2022-02-17,7198.354060242024,6813.244839052611,6705.780409414557,6748.766181269778,48704600,48.05943477195278,6014.698295701617,7553.082810141505,7709.315744175607,6254.231131232438,6114.652797194376,60.464438307189724,56.368805095444024,0
2022-02-18,6935.908167976833,6834.738003992507,6748.766456772476,6834.738003992507,56813400,59.17367710245223,6525.073242182281,7199.398765599367,7332.896468907955,7223.455015916441,6432.75802021679,23.76151773762389,188.10210798709076,0
2022-02-21,6303.207324324014,6856.231658743613,6791.752991106525,6813.245880318887,43821700,62.8104985624866,6658.089684352371,6775.8894999441945,7669.938837748655,6940.074881586097,7083.724803000868,12.33255130121735,86.40514073384742,1
2022-02-22,7195.8335856790045,6834.737724980221,6748.766181269778,6791.751953125,80095500,60.51664198043497,5539.091315888081,7121.076584891432,7440.765317134066,6218.7729346286005,7026.92919050276,5.4509878013780195,47.111298508961866,0
2022-02-23,6978.700991458357,6963.695737092391,6770.25974439538,6791.752632472826,99240300,78.83439474836541,7169.314521801413,7170.137280795632,7030.391947321509,6612.176050236747,5603.33636249466,64.93902062481203,111.51660652988568,1
2022-02-24,7094.901046115396,7006.681448364257,6813.245457458496,6985.18856048584,124947700,64.35146822358121,6266.717294684956,7375.650871569187,6244.358659404772,7341.817326503355,5561.101518195952,93.26005861841969,104.40217104310551,0
2022-02-25,6540.494666049784,7028.174401324728,6813.245520550272,6834.738408627717,135899900,65.16083697229826,5989.557604478623,5896.006971897609,6072.827718687976,6857.029717400298,6112.8168901294075,57.01620030759935,66.46982610697081,0
2022-03-01,6304.82709134618,7028.174401324728,6877.724184782608,6877.724184782608,136616800,74.86774704477028,6745.874342152804,6494.073168684682,6091.908162608304,8380.775685346343,6833.026549886178,93.75899873070067,131.81285579165336,0
2022-03-02,6089.4106350968805,7071.159827157621,6856.23095703125,7071.159827157621,100301000,37.14902714859318,7184.910883341103,7822.390710123692,7264.633086615478,6587.218979016027,6691.042006034165,91.40528988322552,52.778596563226685,1
2022-03-04,6502.007356934686,6899.216382763053,6791.751953125,6856.230610907832,132983400,43.07008773835442,6906.2372487579,6106.306132940172,5193.106413694494,7475.418623161055,5865.98289431758,7.293956872066751,84.23839708713746,1
2022-03-07,8879.465359119386,6748.766899604301,6619.8095703125,6705.781123173701,130990900,39.121428178678165,6045.8136022762055,7013.823678743363,7309.052149920026,7230.173599725329,6737.513311705017,97.92373819161465,96.09571901645067,0
2022-03-08,7273.731664154307,6748.767335580065,6576.82421875,6619.809997957516,119256500,46.72131803249,7784.206047137172,7483.531064573577,6834.039975144086,7625.78201976753,6378.850204432302,24.12105211617178,55.91212024399914,1
2022-03-09,7464.906513509014,6834.738645128384,6576.823979274483,6619.809756916799,132814500,47.54630766135942,5773.197478200384,6825.391255540332,5667.035051476249,5913.634193032142,6020.120417779424,70.69928967683732,113.41221725017519,0
2022-03-10,6641.101178409044,6856.230890797516,6705.78068316246,6813.2451171875,86484000,41.44412627413421,6790.685919723364,5811.804326321534,7852.908427292675,6313.1027791373,6011.410535585058,12.62151604188053,70.98831956007982,0
2022-03-11,5871.980071136018,6834.73876953125,6641.302766619988,6641.302766619988,61053900,49.503737989473564,6755.795027220636,7412.3864082944565,5735.850742576571,6135.9241795985745,7301.8168115358985,-28.246820417415968,62.58177459134899,1
2022-03-14,6242.945667227397,6963.695524138932,6834.738199617841,6920.709749298569,78432100,44.49088395371213,5866.803109832006,5760.850638568668,6858.200743664867,7029.414002528037,7349.261722844298,-81.94310631412286,15.869798538913763,1
2022-03-15,6255.699175609434,7049.668400115031,6942.203942796204,7006.6826171875,111214500,57.84300660492203,4913.962352024177,6961.689667324111,6862.096054793595,6963.597135010896,6019.831522718253,42.50447833674866,130.56685216641938,1
2022-03-16,7126.838090995624,7114.147131943121,6942.203998844798,7114.147131943121,149761300,69.25768109520644,6811.384743386184,7015.681873015068,5854.128201140031,7033.899911429318,5979.737364303358,64.6435507988429,63.28918680379917,0
2022-03-17,5873.280215148121,7135.638775634766,6877.72412109375,7135.638775634766,132439400,33.96843177752943,6389.616183314999,7314.5769514788235,6987.141870949015,5081.516504735057,8726.873308953052,78.59915889751294,40.99527418875236,1
2022-03-18,7011.256486587586,6963.695040545886,6791.751953125,6877.723496835442,143981700,38.58059460294459,7717.299357679873,8239.808218495806,7483.706229931725,8239.759102195514,4658.188821675094,35.97475952998148,5.792126349275968,1
2022-03-21,7210.180089216606,6834.737724980221,6705.780409414557,6705.780409414557,85485500,43.737787887868514,7966.268775936951,6739.516554745069,6363.0916746078865,6568.37805355261,6066.251676950178,64.18722387095607,19.509049995863897,0
2022-03-22,6117.108891662363,6834.738003992507,6770.259343577484,6791.752230382492,60010900,56.46667833798466,7342.158803309502,6568.080107450129,6303.262705249907,6291.390840465189,6750.467988132011,80.7528834104038,71.1478692524366,1
2022-03-23,7332.767792502897,6834.737724980221,6727.273295342167,6813.244839052611,82208000,50.92048868955831,8429.504326683593,6893.153143368168,8029.98733474915,6248.876927161243,5997.598281083445,-41.67024486169392,9.74865120260759,0
2022-03-24,7130.22372749348,6834.738003992507,6705.78068316246,6748.766456772476,95245100,70.99225029515753,6667.887866412349,6695.017503325774,6890.819409343053,6539.224294084973,6764.088357148961,18.47441865894082,-9.144423449782671,0
2022-03-25,6995.647535580422,6834.73876953125,6791.752991106525,6791.752991106525,85101200,62.07713494412672,5818.71009103923,6182.010139360724,6741.7376990718885,7136.6603185102,5661.144046678755,-11.301460839559923,94.16575127883137,0
2022-03-28,5690.306200579087,6895.84033203125,6808.551213904272,6830.373493436016,83911500,77.43436440187158,6202.649250734733,7516.784237908874,6931.923131925559,7834.429422529314,7056.135342825921,-0.23156904705874837,8.922819944225143,1
2022-03-29,6565.554790661602,6895.841342804538,6830.374494613356,6874.019060074143,62180600,65.02269157824523,7909.014695704185,5758.864690462268,7296.619797496065,7663.6078325526905,7412.551830829765,41.572758569221314,-71.85655214198881,0
2022-03-30,6513.31856252227,6895.840345982143,6830.373507254465,6895.840345982143,71430600,54.95704636342019,8450.821787262013,6192.688497280132,6758.219883954481,8154.564266067855,4862.275622114916,10.569505452989688,23.459026244296894,1
2022-03-31,6513.63491366008,6983.129898119122,6874.018493461011,6917.663055324256,112691900,60.82139245453005,6695.878862907148,6411.953444175229,6479.40210176515,6562.3249862341945,6719.136575996592,-6.384148321199312,94.59464742242348,1
2022-04-01,7008.649122086302,7048.596274583498,6852.195759192626,7048.596274583498,105575400,47.73836892332744,6831.348986784047,6599.413030884127,6720.455537927773,6271.986648323312,6097.594786986231,48.70615224974127,-25.96624226664086,1
2022-04-04,7891.868779750739,6917.662611562994,6830.373493436016,6917.662611562994,57321200,29.675776477310464,6807.420064967468,8160.643418840687,6769.759725005507,6734.085594560187,7108.849245679657,-60.21363179957348,105.8441882074874,0
2022-04-05,7396.177924104097,6895.84033203125,6852.1957729677615,6895.84033203125,48528300,31.208500434440435,4884.956257758024,5412.436482842511,6112.569262615812,6130.0311143540175,7181.25516134467,13.62196058286305,70.73709428546042,0
2022-04-06,7033.281569823175,6852.196846648186,6764.90771484375,6830.374563697076,119263000,24.746859074400223,7146.909501986464,7282.957264076,6205.648654449437,6944.772608747106,5904.919335523382,-1.2276228956207866,90.18898446374784,0
2022-04-07,6904.446341588377,6830.374563697076,6721.263148941533,6743.085431892641,68619400,50.4884217665605,7187.767624077775,7533.740962033793,6158.464411711294,6802.286074172995,8056.417551449386,-66.35901587256585,5.908664643318165,0
2022-04-08,6684.363879316938,6874.019060074143,6786.729929152568,6808.552211882961,69791600,53.63981434423555,6255.7982616282825,8192.730114392658,5551.896372630753,7953.337769458846,6574.150064949557,-15.807252446001629,37.84369587090906,0
2022-04-11,6190.341888263351,6874.018649499393,6743.0849609375,6830.374086645429,62776200,40.35097945871679,7330.93409018343,7330.270658431976,6335.384280186788,7582.63137058792,6843.32311831432,29.162222426075843,34.36375079817359,1
2022-04-12,7125.7685583357215,6808.5517578125,6721.26263271234,6743.08491398738,73471300,43.13021841582913,6322.384360944769,6415.387457660654,5939.2740669756795,7483.859101336555,5969.635217109782,84.05708232769523,20.516205302223895,0
2022-04-13,6892.10974862959,6852.19632036258,6764.90719526242,6808.5517578125,57622100,58.818389312219104,6862.008009300021,7535.831313333181,6502.199845703213,6499.655492925592,6325.758627800881,-34.23928161314625,36.12796436050358,0
2022-04-14,6400.05844186675,6808.551821225649,6721.2626953125,6808.551821225649,93342900,52.738891113964094,7112.257209496667,7370.461253076619,7350.134139045704,6695.773592950931,6991.262791740797,-48.765581222464625,91.58781458454057,1
2022-04-18,7078.0668429848,6743.084976790787,6655.795850877637,6721.2626953125,68464700,39.898632066291555,7729.75959661823,6456.198094432088,6744.232776097028,7119.18378962155,6506.060036925508,-62.787390919083215,41.61373140951589,0
2022-04-19,5333.19481695033,6721.262743340164,6655.7958984375,6721.262743340164,98632000,28.83479174388866,7274.054576308213,6893.653604678745,7127.654094407323,8282.044560021004,7291.837460317349,-49.624335926065505,-38.912481851283175,1
2022-04-20,6559.906390397967,6743.085501876531,6655.796369166156,6743.085501876531,124388800,23.33407472743697,7236.852704152728,6615.298514721205,6662.134673624789,5998.054406392069,6871.931303186589,-86.56230788745708,-57.35525713612512,0
2022-04-21,5989.465588941549,6917.66259765625,6764.906641241128,6808.551200216877,129323400,34.124603170682235,6460.827429525338,6601.973352253503,7549.357110184114,7015.79261086434,7242.101027107568,6.3534081040468635,104.29754696219598,1
2022-04-22,6061.596985492306,6917.662625558036,6808.551227678572,6852.195786830358,85956100,37.20035758764638,5764.638562124567,6211.319141808457,5444.765860984037,6841.5110906008185,6766.852523382942,6.782066085454851,-1.1539305191356544,1
2022-04-25,6421.07093623778,6983.1298828125,6830.373916625977,6874.018478393555,91279600,51.90833416407397,7315.126303783999,5813.276965146674,7694.376155565016,5908.897723804674,7804.455951711248,46.74439929515783,43.80133605618156,1
2022-04-26,7110.07635533209,7092.24267578125,6917.66439453125,6917.66439453125,128360900,49.86288718200958,7017.547378454086,6039.247495617123,7830.546208533103,5664.018571796174,6773.22389237879,-81.56709429399682,-68.13177052401969,0
2022-04-27,6462.351539200394,7157.708984375,7048.59756693026,7048.59756693026,89463100,57.90330090425069,7202.941937989189,7547.099101209872,6451.245885050029,7150.704744104683,7333.468174091088,2.357730115386296,5.881914788930338,1
2022-04-28,8126.733407116667,7201.3541015625,7048.59810546875,7201.3541015625,133730600,64.09406999534319,7050.509187300953,6869.669761560399,9165.28601744074,6966.011000259058,6273.738507788454,101.20236149103698,62.48357875301046,0
2022-05-09,6372.798733284462,6895.841520610608,6633.97412109375,6874.019237317537,456796600,40.05668041695429,7489.061679644605,6739.444229714337,9126.460216979915,5884.372853042699,7239.005807989613,-44.37230817723979,14.972832253111571,1
2022-05-10,7087.102622392564,6633.973188330565,6328.461265183762,6328.461265183762,268445700,55.297860586385696,6838.1806233152165,7099.060519089157,7583.475993875831,6439.637956504421,7504.674022403769,30.746510792279842,14.014953582014304,0
2022-05-11,5926.711604068418,6721.263218698938,6503.040386922999,6568.50723645578,156535200,43.88325870960779,7266.389532358252,6883.222200742885,5898.024399515412,7455.355287773873,7797.63516484445,7.7474034179451206,42.521514677135585,1
2022-05-12,6430.832013530633,6590.329792874785,6350.28466796875,6568.507508792419,240529600,31.341250559483015,7231.368361990974,5099.367325351466,6566.939466151135,7261.785775580403,6390.877049020915,-19.695463312746522,54.83209736380195,0
2022-05-13,5811.660907858933,6524.862404676835,6328.461864067833,6328.461864067833,212968600,38.85446595380992,6177.851955065768,6171.651962303949,6654.849401780519,6751.007520321033,6645.611707169713,-175.02850307601207,47.571256295452976,1
2022-05-17,6290.541014298013,6524.862354175465,6350.284097207559,6350.284097207559,159657600,39.86116898133467,5456.685225903384,6002.574027853206,6379.9750643777825,8329.317064836156,6754.277957013388,-48.19844556821531,-14.58577482990509,1
2022-05-18,6904.393061652636,6612.1513671875,6437.573113268359,6546.684521967823,153514300,47.04575505717946,6636.583608705644,6690.639180782507,6551.945206506251,5897.35173301384,6259.495726334549,-35.69622828312733,-71.60916302341658,1
2022-05-19,7372.728452542261,6524.862810992555,6437.573676397336,6459.395960046141,140908900,44.11453887930713,6207.725493980975,5521.373719542545,8392.703820746328,6868.750271157144,6006.820366192396,-38.027119264800014,-20.500836788692876,0
2022-05-20,6781.033000672772,6524.862354175465,6459.3955078125,6481.217789933488,86520200,29.016431000390966,5985.685210591618,5625.98134417917,5643.326544318453,6722.361465128206,7318.753739654152,-97.72986921637319,-45.850168947774826,0
2022-05-23,5660.685043832731,6524.862370895127,6415.750960010593,6503.04008871822,71603500,25.737544330973297,7362.743214496453,8254.984717192423,7343.491251896886,6464.2362489965435,7882.857998233465,-32.16639829990055,-103.31070827681978,1
2022-05-24,6202.158871322392,6524.861891143177,6393.928207708866,6393.928207708866,108710800,41.8640996247251,6720.628219041336,5872.021799615334,6069.327179709031,6593.573698275395,6018.384252653439,-75.4043409469049,-87.65708198656078,1
2022-05-25,7356.494255598402,6503.04008871822,6415.750960010593,6459.395524364407,76747400,22.13016585504737,5792.315898828099,6716.160797963386,5862.848929268368,6750.531403433355,6185.031467637047,-193.34949896781833,-139.54531732476642,0
2022-05-27,5468.001400771162,6612.1513671875,6524.86224022793,6568.506803707714,84336900,40.33808646020084,7437.07628219326,6869.697245401713,7509.31115040051,7319.003871560539,5978.445108405069,-83.94010304355506,-47.70194912551217,1
2022-05-30,5760.811745095662,6633.973648927393,6524.86224022793,6612.1513671875,105411400,40.72990098974613,5697.912766813166,7597.467593401358,6353.290897940973,7308.5581246950305,6562.925339980711,1.1720243538765232,-36.87282190756996,1
2022-05-31,6917.812107632664,6764.90771484375,6568.50716828377,6633.974017137097,286292700,71.81106598875049,5746.444361227322,6568.874215262272,7623.803889619448,6655.866684092641,6742.616822554292,-45.041639109734945,-47.41034698763276,0
2022-06-02,5440.8828438723485,6699.440494147071,6568.506803707714,6655.795930667286,149226300,65.0575050434468,7231.023937244908,5886.304027118532,6706.938972339632,7183.643515658327,6479.198739525912,-97.07646340568198,-9.772112349556586,1
2022-06-03,6668.563044857658,6699.440970972964,6612.151837800679,6633.97412109375,80563100,40.470070412938504,6354.78215034893,6668.53741520174,5619.694792188391,5565.426817462145,6405.4537788037915,-96.93812489910084,25.774678196707924,1
2022-06-06,7050.590811549072,6612.151945587772,6481.218243694945,6590.3296619389685,81140300,45.039474651393235,7066.864458473792,7005.218884726543,6160.713741373662,6981.031479607476,6404.901521976561,16.38708341383453,-57.91748518547091,0
2022-06-07,5315.702328870038,6524.862370895127,6372.10639565678,6372.10639565678,129242500,54.41358891422594,6792.003848474358,6001.01539073993,7213.067235234608,7724.211270791127,5864.992287385174,-67.6345001998365,-32.475642960923906,1
2022-06-08,7133.65836713791,6633.97412109375,6481.218138042249,6546.684987921463,108910500,58.167014745644416,6073.993681840285,7136.123772783287,5967.449806081081,6108.971866692463,5952.309264558119,-40.54220987216565,-95.93156645654032,0
2022-06-09,6415.003280801064,6612.150922851562,6546.68408203125,6546.68408203125,107828300,42.7253461123915,6108.181833196154,6119.139852223354,6053.452521005414,7190.161657530417,6055.567051001604,-34.46391332943206,-82.6113305059275,1
2022-06-10,7074.850316464578,6503.039610570791,6415.75048828125,6459.395049426021,111768600,36.78253915795813,5142.3393541369705,6630.261779371375,5884.693500639123,6143.144579119471,6479.513784401089,20.786895571095513,-48.867408599281916,0
2022-06-13,6886.822926267891,6459.395049426021,6350.283646564095,6372.10592713648,85539500,45.71890679918076,6784.706902676964,6963.895814103693,5472.060919264542,7553.324641016382,5568.048997511698,-66.4673978247336,-101.33062297600353,1
2022-06-14,8367.020433429581,6459.3955078125,6328.461815086571,6372.106379328548,80865100,48.29303183387683,5804.456974620861,5993.221116719941,7071.064164688667,7064.378726888854,7203.453788771939,-89.79487424212009,-60.881579070875425,0
2022-06-15,6083.609540096304,6437.573275517278,6372.10642864761,6372.10642864761,130367100,37.06040110130115,7275.325225001345,7344.4353563427685,6893.480241650314,5319.279038901406,6520.976123757712,-31.887916766528846,10.433773713538791,0
2022-06-16,5776.139147338091,6633.973648927393,6437.573113268359,6459.395395008251,132666300,47.70562941801009,6918.542727444205,6155.342939529022,6212.2285715172375,6935.405269669263,5953.17881584618,-31.769121238917258,-47.59234986404025,1
2022-06-17,6171.315273535237,6590.328642578125,6481.217241210938,6481.217241210938,117839400,38.04459203556997,5696.359656217551,6863.164310999319,6767.569678219766,7392.477731996684,6153.987368057672,-172.3110536739253,-88.66068738298235,0
2022-06-20,5837.2012324378875,6677.618180071721,6546.684490266393,6633.973616803279,88138700,47.6041528713593,7133.883928824186,5466.905032540403,7383.655519276996,7443.553865704348,6174.394573240068,-5.610330259582167,-65.34848278472518,1
2022-06-21,7473.759251666235,6677.61865234375,6590.329519633374,6633.974085988562,44295700,34.64685184341508,6518.479974706083,6007.826157466785,7550.4588743853,6388.570850952053,6647.788430046476,-96.9369823457959,-70.94885853160261,1
2022-06-22,7554.185426937354,6677.617763671875,6546.68408203125,6655.795483398438,53041800,44.2190756514841,6793.958774299677,6326.694255183515,6190.435331517801,6132.002576855396,6254.049954793461,-43.867243544030885,-6.02478889574671,0
2022-06-23,7304.599823603547,6612.150908105793,6503.039506981935,6503.039506981935,60443000,34.40347048954566,6097.546471958855,8069.029879733125,7692.868717718741,5874.752484311012,6229.286229661178,10.815895772492642,14.02792352474966,0
2022-06-24,5779.689335265667,6633.974210911371,6524.86279296875,6633.974210911371,57956600,54.89686233507797,6772.277290313918,6366.686863412759,6733.781757827491,7795.887436682805,6688.975434453355,23.927234815868154,-103.4121549825988,0
2022-06-27,5281.16422944059,6546.684171715561,6415.75048828125,6524.861891143177,76354100,53.88270007694432,5863.012817560809,6356.210868303026,6288.7265180421155,5881.767617591064,6833.534419128645,-57.50294503471079,9.335903047040315,1
2022-06-28,7086.099761651847,6459.39656464041,6372.107421875,6372.107421875,146078100,33.99071947527936,5760.573820502377,6602.800095863491,6300.193960233808,5822.553669995822,6104.30730637774,41.12630122729534,45.126580003188096,0
2022-06-29,7023.530683599692,6459.396088380584,6350.28466796875,6393.929236133484,98517800,32.38822358772216,6676.600281996933,6484.553396160361,6042.087797645758,6598.578943949184,7307.086739439585,86.93934876449597,47.283841894204556,0
2022-06-30,6663.552097096725,6459.395608836207,6328.4619140625,6372.10647898707,101343900,55.459135271501715,6084.528320688717,5516.255673334361,5772.535043698305,6787.31348130949,6859.272958945209,-33.89683907154493,-3.207659626154623,0
2022-07-01,5831.802113464625,6393.928761449354,6328.4619140625,6372.10647898707,68738800,49.729416162334005,7638.407159836971,5923.639761400463,5691.669472398045,5387.446112435239,5964.356248346052,-60.051188747757855,8.182905864578558,0
2022-07-04,5331.813863514629,6350.283831657248,6110.238738364362,6328.461550448804,102238600,33.989349933305476,7452.10097064692,6618.2089060853095,5558.478335360246,7160.255342016682,6843.041892387008,-38.270261922248125,-74.99735293140924,1
2022-07-05,7800.137231110391,6393.928761449354,6197.5282192887935,6197.5282192887935,69172900,42.357753811695886,6013.288712459964,5865.897932006295,6184.010066815652,6553.267823688799,5943.333752527729,-101.99619238028454,28.898735402071523,0
2022-07-06,5795.887619078882,6393.929707566353,6262.995993418236,6372.107421875,66801100,36.661867725057974,6544.500098726672,6609.501723861814,7400.109345869856,5682.720062255021,6369.740922622047,-43.0125088714615,-102.40323548594236,1
2022-07-07,6110.721342490887,6328.462515817561,6197.52880859375,6306.640231280259,86126800,36.10391813478412,7145.184664825643,6379.930652516211,6442.584105134262,6163.409541049044,6227.33492822193,-109.53053167628504,-5.491967236289334,0
2022-07-08,5775.281589186978,6262.994644271744,6175.705520309768,6219.350082290756,64312400,22.279837209404825,5966.111782600899,7238.213846177542,5573.126512431584,8109.202570533189,5673.6787991243455,-68.25237993510493,-94.26138902245341,1
2022-07-11,5785.603036389284,6284.817434210526,6219.3505859375,6284.817434210526,36830800,25.925842797330045,7058.328960205918,6340.3790014724555,5643.597592343417,7310.901290517944,7200.028782550831,-95.01719910010677,-90.56731549412619,1
2022-07-12,6422.050842921542,6328.461965102351,6241.172834549216,6262.9951171875,34269000,55.46736662729204,4504.5120731615825,5795.171454387867,7051.947926114216,7007.205953796262,6068.672772328591,-87.00901660404232,-79.50941636737193,1
2022-07-13,7759.860741960807,6219.350176130022,6110.23876953125,6197.527894810268,71988200,33.57146721554321,4933.145352822374,6744.631434237219,5809.601388077263,6015.692634436711,6359.520387803875,-90.2096277272775,15.239859484460382,0
2022-07-14,7125.324097884362,6197.528372442171,6110.239240435943,6132.0615234375,83316300,28.59496163237457,6759.874720355069,6540.495526487775,6237.344755148068,5900.978733754494,4911.660504917974,-126.25401114684502,-8.022681500330094,0
2022-07-15,5717.760593245863,6197.527894810268,6110.23876953125,6197.527894810268,57419900,31.86654418458953,6451.8976047988735,5088.846011973865,6842.521294010297,6372.816855597258,6147.15247531639,-161.38655555198378,-141.57640590249207,1
2022-07-18,7099.292608443607,6241.17236328125,6132.0609583287805,6132.0609583287805,60077700,43.42437858937686,7051.912724240295,6300.764305423259,5630.703583273919,5639.852963820558,6394.060995855901,-75.12644756287966,-5.255223817457718,0
2022-07-19,5828.514660598595,6262.9951171875,6197.528269272648,6197.528269272648,59641000,46.002492790996854,7003.9443593604865,6963.185120389023,6858.961209043968,5223.154573630365,7035.048121049698,-64.68318391349668,-64.63794024861157,1
2022-07-20,5941.023695565025,6459.3955078125,6262.994968723607,6284.817250844595,105792900,62.482583450237186,5224.379913216512,5799.835830748175,7638.80417272613,7219.815652825933,6059.489587253404,-63.32492422347886,-122.62982338280182,1
2022-07-21,6477.269160057494,6459.3955078125,6328.461815086571,6459.3955078125,64337100,58.160728174165534,7029.881716880965,6072.934560128551,6188.011911668095,6265.13043786637,5927.554769222542,-109.54944135153465,-71.78355375041568,1
2022-07-22,6810.7976026309125,6459.395557807167,6372.10642864761,6459.395557807167,38956500,62.60240852087393,6056.018966041895,7188.652347243479,6036.0742728707155,6374.613032539142,5751.262651545712,4.723306088696205,-108.61293243368922,0
2022-07-25,6559.527657295659,6437.574278949058,6372.107421875,6415.751993257705,31247600,43.50859449506441,6995.908521530815,6752.019649049882,5780.364887594825,7181.81160125313,6858.164942751486,-28.581872640510298,-56.946136595249484,0
2022-07-26,5181.856565461458,6437.574278949058,6328.462850492294,6328.462850492294,44379900,41.59397675325563,7326.317067550763,6547.5018343541615,5739.956069863816,5272.0298658875445,5803.836261278351,43.808313291966755,3.3365255954774042,1
2022-07-27,5578.3979032073,6415.750993227389,6350.2841463577215,6393.9287109375,58465500,68.92886096203915,7025.221093952181,6941.448503880437,5492.916559219089,6203.547794010254,5070.174808627797,43.09548673105791,-43.73294084045524,1
2022-07-28,5786.331378238958,6503.039610570791,6393.928207708866,6437.572768853635,86909700,64.93476714436373,5699.919802325795,5795.785746335804,6449.998986381768,5599.438274470823,7203.162520220906,104.31510172211408,-37.208069394739525,1
2022-07-29,7188.79616325432,6524.861891143177,6415.75048828125,6459.395049426021,131553000,59.7851507124265,6599.69359415857,7646.602375985121,6157.6856752735475,5874.092368344827,6782.192731985106,-2.051427427843852,-44.29209451423722,1
2022-08-01,7321.401298598832,6546.68408203125,6415.750400390625,6415.750400390625,104841600,48.250912386891,6834.369561958894,6383.267843753041,7048.471711528421,6174.9480691380895,7316.852272459341,8.560213722876483,-37.28026098411888,0
2022-08-02,6618.363171487539,6655.796404386821,6546.684987921463,6633.97412109375,106466900,77.5782211408655,6511.628516848385,6056.655545618602,6607.195800429733,6641.137275909552,5820.847068005448,47.148065781096385,40.27593010545816,0
2022-08-03,5426.396307388509,6655.7958984375,6612.151335169057,6655.7958984375,60170600,88.94602023457048,7154.173223881093,6385.024609731216,6508.527845630196,6669.930123901727,6429.478739045196,24.370134150971104,12.890093968642436,1
2022-08-04,7199.950464317187,6808.5517578125,6677.61807016226,6699.4403514373,164221000,84.79938300413305,5071.091851530729,5544.824226218807,6554.9953417581455,6827.483523131309,6276.2130940181505,52.81294223900569,13.66524506098825,0
2022-08-05,6875.705276966048,6874.01806640625,6743.084388950893,6830.373507254465,118734200,85.81341831056798,6273.656353731398,5907.861252599777,6293.817337484619,6224.606137585574,6206.333019345753,52.02780858189025,79.68105036045455,0
2022-08-08,6386.370864502444,6917.662625558036,6764.906668526786,6874.01806640625,84328900,87.9706689666057,6602.138978267852,6383.206869704926,6333.472164338637,6609.868778608095,6712.118634330144,77.3184716213013,30.861359121927315,1
2022-08-09,7002.169598321541,6961.307170626484,6874.018052499506,6874.018052499506,92875800,83.70232883240762,7427.384981449284,6670.262676630926,7116.6235427466745,6145.804306553847,6285.550968261557,77.36745454045933,51.94891043038548,0
2022-08-10,6447.696183951578,6895.84033203125,6743.084375309039,6808.551213904272,104376300,87.31086198436681,6481.1368400742585,7013.640110114266,8388.387294889017,7007.292674318821,6246.010433152118,187.89231830404228,-8.426102253858886,1
2022-08-11,7590.995735821806,6939.48583984375,6830.37442726759,6852.196709782823,73204700,87.06789704599544,7361.45311387803,6050.906362753227,6344.056357768139,6121.478828968482,6665.143198543356,161.3497811843072,139.2632253201859,0
2022-08-12,6814.128917608814,6961.307156631999,6852.195759192626,6917.66259765625,59381200,103.1101665060078,6413.786175693048,5970.110829776611,8084.693848224308,6990.286584967375,6714.56752467126,150.00289083824543,73.1908463189826,0
2022-08-15,5496.564972586713,6961.308122358983,6895.841274813287,6939.48583984375,81411000,94.88693032998208,7752.41068498137,7783.414894070872,6840.5859558483235,6145.710174266023,6585.5533509303705,89.90681425256662,43.31235838874774,1
2022-08-16,7442.141280352029,6961.3076171875,6852.1962125293885,6939.485336255878,83556700,90.3602916492024,7557.758803704214,7473.400432185921,8102.923658810669,7621.480160716766,6338.829162434731,162.63062611313387,129.12371039803574,0
2022-08-18,6591.563031492877,7004.952163696289,6874.018478393555,6895.840759277344,86136900,104.00868894275855,5833.195547569275,7194.769885179518,6910.746588928259,5170.056460486876,4223.470166306027,64.09984642428495,203.5249787116154,1
2022-08-19,6621.8226461024815,7026.774009221717,6895.84033203125,7026.774009221717,58194900,71.35813352609883,6784.78175969485,6821.901923544201,6692.672873122047,5743.48697433557,6153.924815323901,152.33536197036045,146.03930375506667,1
2022-08-22,7689.254230925261,6983.1298828125,6830.373916625977,6852.196197509766,97293300,84.95631180870464,6312.629580029921,8772.878631046451,7138.612378017528,7726.114437977458,7614.146601400285,220.70347903813536,78.67595657647114,1
2022-08-23,7971.9362439767,6983.129450158228,6895.84033203125,6983.129450158228,71671800,66.07121841423701,5245.198528256174,6811.097047467597,7011.904935743817,6641.98729606283,7482.978282400803,182.54142195230182,105.33625982767376,0
2022-08-24,6590.387391180412,7004.952687389447,6895.841274813287,6939.48583984375,108892400,79.09356366174403,7079.597131066516,6973.63739112165,7455.220910700014,7436.819161080637,8064.687078174556,145.33808381193842,134.8461482366384,1
2022-08-25,6613.446804646186,7070.4184706366095,6895.840236793731,6983.12935371517,99503500,86.91502521601058,5677.654602406861,8821.594246402283,7479.3488409232605,6996.665906923751,5807.457881154583,104.51653771816275,169.63263803802064,0
2022-08-26,6198.311101575928,7092.241287231445,6983.1298828125,7004.952163696289,80472400,61.12166815442336,6350.481953201145,7791.373849151132,6835.202625917613,6964.935702892989,5707.761319890772,132.07970440033708,126.88600686762611,1
2022-08-29,6610.163761167597,7114.064453125,6939.486184336656,6983.130751533742,57762100,66.53971941991078,5824.418863932966,5756.927587784866,6166.400865477675,7842.462888726305,5710.876368390765,52.85288938447435,128.18625242835057,1
2022-08-30,8212.109772367454,7223.175852924312,7048.597584575688,7070.419868119266,124467000,61.40883911068152,7292.586377418402,6793.851741529608,6690.098917823766,6967.94621871359,7216.32666507336,134.8432341385621,136.70553361973967,0
2022-08-31,5791.320795382741,7179.531267863948,7026.775283441311,7048.59756693026,137659900,70.84049256850439,7120.702296803128,7322.673146744819,7674.043615734328,7282.2413519670445,6827.981098009797,148.93632609078287,140.59788271316745,1
2022-09-01,6865.674384498959,7201.353587519171,7092.242169526457,7114.064453125,74960800,70.1711106830011,6902.686000049204,7613.965815738886,7198.853421111258,5830.589276697268,7638.037048371733,99.32573427154124,176.00900978972228,1
2022-09-02,7658.123275819159,7179.53076171875,7114.063915867211,7114.063915867211,71430600,66.37730233112946,8301.40920596126,8128.881989557103,6940.994907864535,7211.612074012486,6699.588705631731,127.45731915465333,145.841405600182,0
2022-09-05,6992.408741191432,7244.998064577039,7157.708931268882,7179.5312145959215,62906000,75.46883480649544,7314.725101013499,6385.951915724219,7521.763494757681,7198.016852773034,7004.455990383093,224.93508546824333,119.32968984248689,1
2022-09-06,7292.605301998372,7288.642631231118,7201.353497922961,7244.998064577039,67079900,74.52469556988625,8267.374123831596,7983.438144233428,7572.316146118507,7441.334490658407,6260.655301035249,109.8380141443046,123.95732195694502,0
2022-09-07,5900.202004908595,7310.46435546875,7201.352947178172,7201.352947178172,117931700,69.9609613042835,7216.0912076959075,7097.261719338871,7534.088783884527,7223.628445251635,7369.0168689639495,189.28610877865037,150.97032005183368,1
2022-09-08,6680.71493535715,7419.575780080464,7288.64208984375,7332.286653255988,132777400,62.98985715512575,6213.569110237974,8780.696259783392,7170.856535257054,7521.854010093174,6392.733192985518,192.80673847605925,149.20744599095366,1
2022-09-09,7469.603421458086,7419.575763759329,7223.175228836288,7419.575763759329,91234600,72.45436685852803,5977.837910417498,7195.173283173176,8496.273605254955,7107.368584847528,6381.312090216603,139.75299909280278,192.90282773961138,0
2022-09-12,7301.443659931176,7354.108918784981,7266.819792152519,7266.819792152519,52395300,69.90259606098579,7245.496079290303,7307.5964118474985,8120.062670023588,8356.418916129065,6887.809287730887,255.39836409218645,89.27223367849606,0
2022-09-13,7101.1258110021445,7485.042511970766,7310.464260962702,7310.464260962702,124485200,104.92060739609501,6970.8718276243435,6949.856458194576,8123.497079474201,7018.437054112039,7787.98244233977,171.68756801271675,122.81286588286632,1
2022-09-14,8147.769825926069,7550.50887522978,7310.463795381434,7310.463795381434,116642400,79.11877016122722,7885.778307259088,7577.480491239437,7674.981190328603,7325.179416486091,7313.643108467437,82.97261171201536,174.01511932506824,1
2022-09-15,8217.110784858027,7746.910735212054,7419.576478794644,7419.576478794644,190404800,97.48085017833066,7085.284779537043,7318.941971629462,6424.627583914641,7016.661520978038,7466.927929835659,182.4845059912014,202.13921578325161,0
2022-09-16,8174.870672669382,7615.976753189719,7375.931640625,7594.1544702292895,363127600,62.33421848703878,8520.907071887503,7479.798271117905,7211.353545227969,7582.793760162309,6430.5061387179785,122.21024652030069,135.41159108456156,1
2022-09-19,8519.716006154997,7637.79889586344,7375.931505148122,7397.753787707731,102530600,58.61500913596025,6363.835186958799,8044.464167149626,8533.739457444035,7891.947176028569,6901.760101946435,134.4127630570203,89.9916183214034,0
2022-09-20,5810.432258139902,7550.50934016356,7463.22021484375,7463.22021484375,89238400,70.63510141494233,7019.495361348801,8466.359097692406,8581.634522511182,6939.652817982669,6504.798350525848,165.8897586311949,112.55859559771248,1
2022-09-21,6222.411728869682,7506.864825313421,7354.108855030881,7441.397980906619,90933700,62.793238011698655,7258.995699320727,7004.54522177332,7005.946377476895,7187.925279829405,6005.586229163785,225.04584751422124,221.0696214190535,1
2022-09-22,7272.229890052894,7441.397980906619,7310.464292093013,7310.464292093013,61908500,60.97862341244925,8287.694571294638,8245.207059787755,7894.0191165077495,6542.885619415557,7014.895241627304,135.02612225533255,133.58674186042816,1
2022-09-23,7754.798480100813,7397.753482101213,7310.46435546875,7310.46435546875,60567600,74.2458635225556,7847.951120766869,6939.453581912207,7498.097846683696,8055.662689887783,7076.454469072315,191.0712091928314,180.87338339482952,0
2022-09-26,7030.372099570519,7419.575238779673,7157.707877410979,7157.707877410979,106228200,55.10439092099268,8983.814766314723,6970.898463446503,7473.400676370323,8474.082560746667,6209.027624240738,88.33905003560247,168.1894664007678,0
2022-09-27,6761.668193451804,7375.93174651732,7244.998046875,7310.46489669616,89567100,44.64532104342273,7637.324319014908,8177.000483707144,7644.2016097661135,7948.506494515453,8804.525322965608,205.45171048712984,114.78576524124858,1
2022-09-28,7269.779024167434,7354.109445382883,7201.3534628378375,7201.3534628378375,89153400,54.9288623431263,6574.120808440241,6119.583984919775,6390.406682455596,8764.56571261093,5991.515828474198,114.9658378792977,46.53491758630359,1
2022-09-29,7829.695967557917,7375.931200443097,7266.819792152519,7266.819792152519,62643700,61.580284696846796,7437.514302086427,7663.0061652166205,7620.048373479399,8258.609092184064,5658.825889317677,33.98901008723586,72.627456690467,0
2022-09-30,7280.751714173415,7485.042496173703,7223.175120214273,7310.464245534083,176524800,74.81859376618007,7267.436736082684,6900.776891193065,8125.246763849752,8419.419210767153,8453.808428311799,82.23113372192022,26.718072682370575,0
2022-10-03,6591.2396584807975,7441.397475298713,7375.930635340073,7375.930635340073,115079600,42.30636360222242,6051.249741287509,7287.499390316707,7086.818561488829,6775.162673649732,6578.243565705191,18.387717875165137,64.00872404589306,1
2022-10-04,8600.496557617826,7528.687058833608,7441.397933513798,7441.397933513798,80524500,56.030292079553114,8290.746974711872,7948.67684740186,7667.484177759285,8056.981889561355,6396.535330861699,44.52055539884977,93.4432472420607,0
2022-10-05,6663.192107517593,7463.220772466716,7354.109357664571,7441.398489506287,63788000,34.846748005140796,7234.937142573293,7905.315805929775,5795.061792136159,6938.405748272545,7411.47812864231,75.2028623893113,123.12628788994454,1
2022-10-06,8232.900493506997,7419.575238779673,7354.1083984375,7397.752958665616,43967400,47.76763811861169,8312.725687066542,7689.229569901369,7110.621060203933,6922.8092957949975,7499.025527893729,70.56466980349855,58.67381938478848,0
2022-10-07,7371.947588116976,7310.464968797637,7157.708984375,7266.820401819741,112043400,27.412290048160557,7824.500572801667,7421.335165997067,6411.581814809757,7084.027555204401,6714.442909295421,94.01676951513845,145.7075931881134,1
2022-10-10,7984.728371303925,7310.46489669616,7092.242063958961,7114.064347232681,80238200,44.683574819315815,7303.72313714412,6803.80775210542,7314.9817492681,8377.44635465646,8014.520588383708,33.494021777153804,66.93916061047756,0
2022-10-11,7650.4457924209,7244.997591145834,7114.063899739584,7157.708463541667,64060000,39.55922272188614,7443.060544577204,7142.661059815747,7095.561916694617,7635.84274869695,7352.340925514232,1.1885756939646015,119.37159368117689,0
2022-10-12,7118.631993050652,7266.8203125,7135.886613175676,7157.708896396396,47569700,45.19523159281183,7670.294315707764,6353.224240948417,7715.180446712438,5829.34054189575,9711.785270641554,-27.403214343962443,41.01894176072124,1
2022-10-13,7942.322989244144,7310.464914558157,7223.17578125,7223.17578125,62282800,41.62445764283128,7639.096139001614,6945.963302838635,7170.174153874147,7594.217676688385,7929.1098556573925,-47.855805044427726,75.00845065286765,0
2022-10-14,7476.872444898424,7288.642154947917,7201.35302734375,7244.997591145834,70642900,32.23682420839466,6470.84458785085,7288.03594904843,8088.180145170462,7847.8391548184245,7018.288526426152,-19.868411566382644,15.398013070178557,0
2022-10-17,6696.966359855836,7244.997591145834,7135.886181640625,7201.35302734375,56387500,55.223204949135464,7511.843418104952,8307.944898408336,7510.131199972766,7917.972539630739,7400.794486479571,-30.289735708415797,9.541454952198357,1
2022-10-18,6801.885659223011,7397.75402979104,7201.353480327561,7223.175763601281,85665300,47.53113841544499,7195.496688484778,6989.974208897973,7384.433292313426,7276.419838474624,7389.560619033809,37.02647277848521,75.39772517332835,1
2022-10-19,7627.267422908656,7288.642631231118,7179.5312145959215,7201.353497922961,66753500,51.94399225803867,7891.591807470122,7673.920123002866,6615.656220213857,8597.738723488466,7269.8815863318805,-65.6244300145415,82.13424835466303,0
2022-10-20,6975.696188202452,7419.5751953125,7201.352395450368,7201.352395450368,91812300,42.90111676514124,6852.349386490696,7453.969270247774,6964.246458598973,7096.574954250327,7663.145717814752,8.605113946262868,-18.927493723599433,1
2022-10-21,7235.918882579533,7615.976613303829,7375.931505148122,7375.931505148122,122777800,60.48175533614443,6784.455666796984,6935.673172856687,5689.21184280874,7015.502469397665,7038.984348612281,37.480911432518546,45.972672612913044,1
2022-10-24,8169.384559670802,7768.732421875,7615.97644728757,7637.798729371489,89416500,50.97800319617151,8041.610076265008,6780.630197572917,7631.373788295413,7259.064877325183,6615.580006086444,15.202797932559442,14.292813694449194,0
2022-10-25,7983.021430904143,7746.910274110992,7594.154296875001,7703.265709186423,84696300,64.59005663073373,7318.6938975577295,7409.295763106234,6209.208897458719,8192.457203604854,7181.503706397418,14.820957584995476,125.14275364307348,0
2022-10-26,7503.269429094516,7550.50934016356,7463.22021484375,7528.687058833608,98962100,62.12040896904398,8624.960312744981,7653.982409925542,7585.425034532355,8299.835313517904,7422.564142015947,90.9704992833523,22.399600288645143,0
2022-10-27,6733.103093072974,7594.154296875001,7463.220602101293,7463.220602101293,77003400,72.13445277488954,7225.913454208418,7683.415937263821,6631.861096383404,8123.8640942765605,6327.312817373664,88.39226027609321,107.02436023818561,1
2022-10-28,8158.181550546578,7637.799316406251,7550.510181361607,7550.510181361607,84980600,61.332890950730345,8291.16304531448,7637.604789680784,6090.263635959338,6639.62047977217,7098.467985216901,11.043458529567317,135.39488648702292,0
2022-10-31,6855.738521292014,7725.088414972479,7659.621563998136,7725.088414972479,138922800,75.40499131382813,7332.902243666806,7784.211951240501,7695.204478609517,8295.552286175129,7192.516842634172,48.080312954908734,40.94668883749279,1
2022-11-01,7405.194649704904,7856.0221169211645,7615.976996681907,7856.0221169211645,118118400,72.93053152341075,7582.565040404059,6927.627118686638,7372.027678187791,8670.505339460633,7969.468199853736,57.03775246620512,7.817425921509852,1
2022-11-02,7690.75675497272,7703.266167689732,7615.97703264509,7681.443883928572,68323600,79.37017816143545,8848.34001096362,7116.871381744861,6150.98284722091,6658.780780280772,8146.869144314766,101.52518062847099,67.3707850167214,1
2022-11-03,8160.63920786379,7703.266131314364,7594.154713023793,7594.154713023793,81856300,80.2531495179532,7725.006752597197,7577.320901943512,6885.379524111855,7202.733665286795,7042.22131671067,65.85258262877396,64.52969429609257,0
2022-11-04,7571.849724748933,7681.442886396011,7572.331481759704,7659.62060546875,84458300,74.06679111058516,6838.355112061625,8701.473541881749,7257.842581070678,8309.559465296885,8024.327646517355,153.90470646945528,83.30815389684331,0
2022-11-07,7226.793412311847,7725.087890625,7572.331915386652,7615.976479740466,94794000,74.63777285256378,6347.220803072072,7503.924146869047,7785.463740312451,8002.646814838384,8223.261517711107,174.59101135855235,61.97221869042407,1
2022-11-08,7704.436656363206,7746.910735212054,7615.97703264509,7725.088451450893,42525500,66.77746255160561,7890.750329601966,8240.35538914912,7799.033610292955,7873.417341236833,7707.3262467261175,48.348918545106436,61.91727894708562,1
2022-11-09,7853.411245376616,7746.90966796875,7572.331421930018,7572.331421930018,96599500,58.023878997764946,7804.543435113726,7489.830636992391,7709.932998172255,7304.500135794806,6968.395548204698,201.5442873891302,76.21757033814171,0
2022-11-10,7062.478709565349,7681.44384765625,7615.976996681907,7615.976996681907,89463000,49.6566113082107,6892.804494857508,8225.78842379985,6724.035571716328,7018.708054444631,7574.329782668549,100.74767975040392,151.8932308516517,1
2022-11-11,7630.269986501065,7790.55473715572,7703.265608448093,7768.732454978814,59597900,42.49359011138565,7882.694260476347,8291.317302802117,7586.83943766951,7579.392414622829,7389.588071057237,145.03537133511327,36.94283354111279,0
2022-11-14,6651.701158582506,7768.733018973215,7637.799316406251,7746.910735212054,49208200,53.74598368864333,6963.390475702412,8093.931099235403,8967.590017902488,7770.301032893681,6893.8361460184005,113.51169724098071,118.90262344232285,1
2022-11-15,8158.3860615674475,7725.088414972479,7637.799280340021,7659.621563998136,59092900,58.66830542772436,7887.722021119703,8195.818510705898,8645.392494744607,7914.214753119284,7656.747179241249,96.36202002747498,32.79458535580149,0
2022-11-16,7599.988567770973,7572.331589809684,7463.220183616461,7528.687027332395,143424800,48.56460784672266,7651.511300217682,6729.669882277506,6986.055141316592,7336.309371333788,6426.372600556433,81.00340547244619,71.00670080634164,0
2022-11-17,7242.880822107309,7703.266186033758,7506.865631715616,7528.687915528743,72679800,43.299401022250414,7779.111761540856,7919.29199838087,7317.119624147376,7787.624247814517,6771.293087804375,27.996124303372405,60.88563884834592,1
2022-11-18,7330.062509936381,7768.732471671387,7615.976496104816,7615.976496104816,83556900,53.90450454021906,7981.11057017823,7904.824885252392,7560.658118372706,8136.789623717998,7280.513838716167,99.7067717072141,76.16488492928741,1
2022-11-21,8600.51701404269,7768.733037473138,7615.97705078125,7746.910753660011,35901000,44.02023697674085,7004.7438313797675,7232.514462209271,8778.83292879605,7953.192038389252,7589.2619722704185,25.436430451551548,102.51003107947773,0
2022-11-22,6916.11205477727,7812.376986042837,7725.0878577071635,7768.732421875,84684200,54.12482003604264,7523.258585650812,7596.150111665551,7015.724784077508,8845.854329710688,7604.258728823934,89.41999210495467,48.70345763438577,0
2022-11-23,6668.710660014654,7834.198790988116,7746.90966796875,7768.731948723592,84642100,46.89749112753575,7914.729551842415,8603.496144431132,6847.984046933964,8155.722562951887,6872.827872673691,-8.772852862272117,44.91039417424843,1
2022-11-24,6978.664251752429,7856.0224609375,7812.37789171007,7834.200176323785,53520800,58.92489382022979,7668.57206516155,8020.827110661727,7037.08737419134,7765.18707115243,8415.065214546348,183.3617497678084,116.90946063945208,1
2022-11-25,7494.647252833355,7856.021011055014,7768.731888709958,7856.021011055014,75048300,45.79330990753043,7828.958127065759,7077.786864314231,7810.0473410728955,7213.838596564265,6238.31131043604,43.49134636200022,138.64668111661445,1
2022-11-28,8133.458831785432,7943.309610889889,7834.198215135907,7899.665052588296,96209700,42.434916186388804,7333.439452025225,7282.234926759528,7714.217664970368,8125.338312306518,7913.138564259216,54.085757612183144,18.59116851857319,1
2022-11-29,8906.232332942569,7921.487852813806,7790.554169296222,7834.19873046875,91562100,57.70875765102639,7623.082456618235,6407.609452818933,7626.767221227881,6719.678295963076,7618.663353849178,187.08390412240868,50.00904224607345,1
2022-11-30,9166.108579217034,8205.178290910619,7725.088071761593,7746.910354450185,644359600,72.28009462353295,7983.899706051226,8259.829807529384,7952.290315028818,5985.258259795658,7587.591847600155,185.81607626518627,38.80866658454375,0
2022-12-01,7534.371495343455,8161.534445529514,7856.0224609375,8096.067591688368,155775400,51.073607297711035,7015.181116804208,7834.381907245615,8081.622588786558,8255.38779879935,8098.447682255238,65.99852757621832,56.37919997189421,0
2022-12-02,7172.3559662770085,7864.784936797753,7799.0625,7799.0625,130982100,62.66600986673316,8041.968030241421,7220.4405285528865,8434.535536999401,7812.2364088344,7283.053813023418,-8.973425398855937,153.70371044604502,0
2022-12-05,6454.522246935741,7799.061798878205,7689.5244140625,7711.431891025642,114656300,62.45696597401192,6604.8295250644,6906.8507397888125,8016.956792964949,6994.137902615249,7806.44342418165,104.5174743433728,8.582027165078344,1
2022-12-06,6639.842374908056,7667.61745485861,7514.265105761438,7645.709976416157,180553800,50.54977892192819,8756.376286933897,7456.9464808845305,7556.621243109472,8019.985735626077,8816.933435003895,55.3890007923955,124.54268347636553,1
2022-12-07,7593.289682318003,7514.265424197947,7404.72802734375,7448.542986085429,229308700,44.127239087100975,7951.586675850875,8875.153756241985,6927.7933968648595,7588.110175975849,6520.106713160063,55.28256700995591,87.87978523509757,0
2022-12-08,7416.403400956816,7514.264421530331,7317.0971335018385,7339.004609949448,172590100,40.259037710575946,8540.788417129323,7798.527879930146,8722.11961372436,7178.172491533973,7678.156204165931,96.99746572564287,22.435213985044754,0
2022-12-09,7228.414945109813,7536.172125546647,7404.7272628917635,7448.542217110058,90851300,37.59625481245166,7688.552795438429,7697.194605701124,7026.779107335497,7283.110552504601,8365.918003036275,-40.345190174338725,12.323710360924178,1
2022-12-12,7604.02720325171,7623.802734375,7426.635422279095,7470.450380522629,102851800,43.21352862583441,7724.708131200316,8709.463675903118,6981.923589286022,7976.130609207881,7201.425797194058,22.463378493574176,66.10641372325159,1
2022-12-13,7900.574227954864,7623.802734375,7492.357859644397,7558.080297009698,104580200,46.66370432886589,8442.237171407247,7549.541841901957,7612.00081911584,7791.590009105638,7837.2557966805525,0.7459317526908933,63.9446922733583,1
2022-12-14,8632.671801430344,7623.802021059782,7470.449681555707,7536.172112771739,118164300,40.35410983049324,7673.3021829074605,7511.676254484475,8069.420578870169,9140.47227127276,7214.301873369107,-63.309776547514865,39.89338155267576,0
2022-12-15,6949.976885732978,7536.171897977941,7448.5419921875,7514.264421530331,113255700,38.844144471417984,7206.643937818982,6814.48718832875,7865.111642138183,6612.4023254759795,7122.301523751436,-14.805249881861755,-53.973419164403055,1
2022-12-16,7101.78542408479,7579.987318881722,7360.912540879361,7382.820018679597,181516700,37.88689195042795,7840.913610324964,7749.17001251056,6345.477226735204,6135.848228393233,6341.326795103165,21.81405977711681,-37.42961880758248,1
2022-12-19,8269.75208614369,7623.80275130961,7536.172834627891,7579.98779296875,67482900,44.23600823311359,7259.764019129444,7733.102724566901,7524.4516678536875,5995.015797676868,6318.597928007544,24.465542784601617,29.643128271621933,1
2022-12-20,8497.308775600355,7579.987079764942,7492.357171328353,7492.357171328353,41243700,18.331710612484663,7715.912760101857,8044.435904911928,7290.515624915738,5737.381986369495,8461.139247416035,-97.71311741857014,-45.58315324625963,1
2022-12-21,8521.001778367852,7623.802497973704,7514.265105761438,7536.17258420389,33617700,40.188534750032744,8041.795201863345,7723.511659708881,7756.977822579305,8015.042429126387,8163.965749138081,-146.8859495871112,-71.91860567239395,0
2022-12-22,6778.20619066047,7601.894556874089,7514.2646484375,7579.987079764942,59591500,41.0647195984122,6295.1967313723435,6283.523623018971,7695.333034133935,7469.361148027325,8083.093328990679,37.01107042255387,-86.60263198142641,1
2022-12-23,8196.082941760902,7514.264421530331,7448.5419921875,7470.44946863511,47393000,50.870814183219906,6737.205140489717,7080.446666994515,7290.869661780265,9239.045633753984,7585.52780045993,-35.8685191276592,-32.846513280798824,0
2022-12-26,6708.670856322658,7558.079602655795,7448.542217110058,7448.542217110058,20495900,57.136015909100934,7702.61109747967,7322.199730084622,7601.262240053363,8940.445330137667,8335.585313344702,-66.52526899723689,87.6913908122489,1
2022-12-27,7682.63336250003,7579.987318881722,7514.264885481014,7536.17236328125,27193800,60.61655040712664,7343.75323635343,8573.087403308766,6777.144141202351,7601.626714228463,7129.891166486153,-94.69325910633127,7.365607180033585,1
2022-12-28,8710.409323622449,7579.98779296875,7492.35787628703,7579.98779296875,40420200,49.804249369638214,6967.578100957584,7681.659145041369,7999.193636121179,8248.670527865981,7495.067641054633,-91.15492397523386,41.13656824756675,0
2022-12-29,7167.803344818454,7536.172125546647,7448.542217110058,7470.449694219205,47020900,50.08406877197655,8586.140333100207,8127.485961484534,6929.871264232975,7234.866786951933,6526.849054340702,-53.49658230084168,-50.707080345448716,0
2022-12-30,7007.156981725653,7579.987333241959,7492.357421875,7514.26489971674,44681400,59.88410264507874,5710.0332606060965,7601.288681806333,6549.605527041042,7940.913094670767,7072.102267270998,76.52391733311758,-38.65589283315477,1
2023-01-02,7196.685296933082,7536.17237755848,7448.54246619152,7514.26489971674,10653900,49.30552016550399,7992.567372278889,8105.682360617328,7859.720238507059,7534.549475455858,7679.7312918839025,-7.464792506194858,6.889277708248983,1
2023-01-03,7718.339929983615,7536.17237755848,7470.44994403326,7492.357421875,27399100,46.08507452809605,8184.6846083562705,5677.476548278284,7746.116429021913,8159.578577942335,8738.120659729597,-40.60199639905848,-43.25911334688162,0
2023-01-04,7344.646129640409,7514.264958364522,7317.09765625,7470.450002339072,90918800,38.39818323068536,7917.459862330716,7650.518483222348,7114.632329158606,8007.233124497746,8674.657725117935,-38.75447314755675,-76.02853639722575,1
2023-01-05,7838.160301983717,7339.005659623579,7141.838343394886,7317.098180042613,128838500,29.09118650693084,8522.48883810004,7281.525921851054,9414.93793834749,7455.5546831693555,7226.746292942398,-46.13147707831412,-9.786039306404845,0
2023-01-06,6598.307546122658,7295.190682652485,7098.023366905121,7098.023366905121,69286600,35.46064586096605,7555.049909742698,7879.461589284669,8531.672897838505,7773.927245013578,7542.849604416695,-54.49081702753344,-102.56764058360457,1
2023-01-09,7366.606108643361,7404.72802734375,7295.190630489553,7295.190630489553,86916900,38.39358630637284,8469.422921095727,7569.671714900785,7321.680097280054,8086.378612496135,8256.581716042263,-33.37524098179146,-118.9371667131991,0
2023-01-10,7207.827448218052,7382.820394626816,7141.838126552943,7360.912915711009,101759100,33.13798064715553,8941.564774174494,7689.955693968215,8034.827865573645,7715.506440858857,7683.91695158213,-97.56291302296418,-87.49181454686561,0
2023-01-11,6507.275301874009,7141.838632812501,7010.39375,7054.208710937501,96069100,30.2553747215054,6444.289801260418,6939.310365344853,6263.205045046374,7889.1647825143455,8115.317080160967,-241.47271608838452,-156.20881120687892,1
2023-01-12,6528.667516592001,7251.375521131976,7119.930647637137,7141.838126552943,103804600,31.775234537944527,6548.685026814529,7210.514108846015,8067.447356242628,8149.190746865769,7398.444631534027,-137.4483706933708,-115.18890001519,0
2023-01-13,6418.46201181878,7163.74539923816,7032.300529527368,7141.837920953028,119748200,30.647082929407947,6248.685165528697,6885.8846015756435,7018.649291169698,8217.063696460425,6769.077973614892,-244.6358019160806,-114.4423583437756,0
2023-01-16,5778.66332102341,7185.6533382860425,7054.208460146664,7054.208460146664,105710700,29.833957536104506,7127.161051972692,7421.957625319612,6998.687452090965,4977.914444268567,7264.064867359498,-172.92127069329635,-128.46539839045897,1
2023-01-17,7276.100673352373,7339.00538722316,7141.838078312688,7163.745557080518,88695900,30.039600786378156,5393.822333862843,7920.995601962632,8232.002765426054,7687.01040847956,6825.640875517979,-81.16486813207061,-93.71133265129946,0
2023-01-18,7101.9926536583425,7295.190682652485,7163.745805487576,7185.653285015061,96814600,39.77968837990845,8536.897512660731,7222.044360215274,7836.212819453724,7368.634528824266,6396.315700991552,-104.39473151947844,-119.44955818114322,0
2023-01-19,7029.618023667267,7317.09790845533,7229.467993384009,7317.09790845533,66391800,42.30931903657739,7162.291091635681,7075.92810444189,8124.467270220928,7483.06996260982,6157.560410115879,-69.12288684602339,4.963101490576378,0
2023-01-20,6271.932627909991,7295.190682652485,7229.468244070031,7251.375723597515,96859500,51.53340107540074,7328.781538156194,7495.230886761823,7003.073014037428,7936.44332260487,9122.588235466092,17.93300495663773,-98.55664032103384,1
2023-01-24,7283.839223353543,7317.097941204407,7207.560546875,7273.282983472644,42474500,39.99812392024328,7822.530636080946,7233.884499071074,8118.850354491465,7372.621690739026,7759.951739552049,-90.39238897629392,-167.69711777247613,1
2023-01-25,8538.263014733337,7273.283238852897,7185.6533203125,7273.283238852897,66124500,43.29676260867102,6751.083585334602,7086.649486419212,7429.222378747977,8146.397994184149,7276.61191849383,-97.8371176268792,32.949985591304426,0
2023-01-26,7611.861321372456,7426.634765625,7207.559993777655,7207.559993777655,77582300,51.05780578470304,5972.260482015893,7256.387566289066,6588.616199942094,6404.316263275231,6495.807078801805,-23.225656081665,4.268778940034082,0
2023-01-27,7251.101923844834,7755.247609105604,7492.357859644397,7623.802734375,196804700,53.15903004852758,6958.831694189959,6875.600946509699,5994.025834023364,7536.179892145165,6824.5563106427435,-93.94610458771922,-66.61324112451678,1
2023-01-30,7283.471050421743,7689.5251717403025,7514.265338766164,7645.710213496768,68544300,65.44666734637006,6962.011616953336,8042.013610501946,6988.759974025321,8074.264418914855,6298.253310299174,-30.890422015132767,-42.72004122326551,1
2023-01-31,7862.745897485115,7601.894583102876,7426.634765625,7558.079628733407,200589000,69.84293952584251,6786.035983266847,6922.641605991243,7639.06094062334,6831.598609045401,7699.214991099957,-26.16090370726438,-54.60064639233206,0
2023-02-01,7755.971454969933,7514.264421530331,7404.727039292279,7514.264421530331,77396200,65.61878581157231,6835.548686959605,7680.021737947869,8537.716893825736,7910.1849705253435,6983.790670032127,-17.07021394641623,-111.68641863308665,0
2023-02-02,6292.8258002716975,7470.450465456269,7360.913068602071,7382.82054797291,99109500,70.90109803150693,6278.431185794945,5554.475219985496,8563.240791830352,7266.086352913841,8025.8320142325765,-30.790350117565822,-86.17137064365373,1
2023-02-03,7341.4011028974755,7623.802734375,7448.542901400862,7492.357859644397,71716700,75.22461474937013,7050.14899286698,7652.710191855635,5419.254296057463,7161.93025906498,7584.386771262625,-10.681455384089261,10.997261962221152,1
2023-02-06,8323.127154007921,7667.617929015938,7579.988009827185,7667.617929015938,117757700,78.16454318200549,7473.3976446585675,8025.4141865085185,6542.6727775166055,8168.641764261433,6741.645395013613,23.48933798710153,15.770445115602126,0
2023-02-07,7474.083448585854,7755.24755859375,7667.617642677436,7689.525121656515,116014700,74.44888987515078,7466.8441007648435,7714.328171621815,6937.023187287209,7291.486355394891,8306.716510092298,57.9491728710918,-57.52518383030464,1
2023-02-08,7593.443040757961,7755.247322060907,7711.432365439094,7733.339843750001,54495500,54.652268604552,7619.194780502016,7551.511452829735,8465.508784776965,7631.494798405516,7387.4745970319245,44.19989919486554,40.213777422246125,0
2023-02-09,6281.944638512691,7799.0625,7711.432584269663,7733.340063202248,72381700,64.71121547722055,9008.25371023897,7790.179565452094,7251.7376439151585,7838.008438804349,7194.036258547221,80.33525752668326,-27.78413589856838,1
2023-02-10,6671.850638233131,7799.06227868272,7623.802452195468,7777.154800371813,62060900,65.96791539011937,7975.679359213428,7582.867442463667,7641.251928936164,7138.70820720456,7620.801588632978,152.39335830850828,35.627177009897906,1
2023-02-13,7502.3303084043355,7799.061773767606,7689.524389304578,7777.154296875,63775000,74.62589632273514,8103.568622167413,8249.863226110698,8347.280434737335,8062.430251926361,7115.105731035108,59.44083618117005,4.2787775822697185,1
2023-02-14,7569.690742201525,7842.877441406251,7733.340046973202,7755.2475258598115,81678200,63.39777677917869,8459.466419485223,8224.156691858501,8813.480981722021,8484.8846493671,6926.903203617972,148.0590123904116,-0.24411542995517266,0
2023-02-15,7195.581707236308,7799.061773767606,7667.616912411972,7777.154296875,38037000,73.30011262922714,7931.50414922422,7900.950743660299,8482.273118983712,6725.110884727569,6784.269471466688,89.66063880219744,62.048047014471805,0
2023-02-16,7024.824601789779,7755.247609105604,7623.802734375,7733.340129983837,66040400,58.78945089431133,7809.302548403213,7604.561653533105,6972.079125045257,7348.8238404550175,6886.9449090727485,27.014552190563222,86.87622581921623,1
2023-02-17,7282.21890743368,7755.247848204692,7645.71044921875,7689.525408813127,43588900,57.063105878481956,7464.577747141024,7765.907218388754,7888.77853634045,7472.587160112159,6727.500323112304,97.3964929399813,75.38520935497507,0
2023-02-20,7218.940042066396,7733.34060546875,7623.803203125,7645.71068359375,40077000,68.82179514967419,7814.889969070172,8121.812501824062,7308.584774086923,7590.092851601755,7548.6216594303605,-29.945601770535077,0.4525312629195497,1
2023-02-21,7448.438447539738,7711.43265086207,7623.802734375,7689.5251717403025,25390500,55.09687964126361,9705.18086926109,8264.62578178571,9259.537273526079,8194.867109670842,7566.825939971783,47.235911948501595,98.42440459712694,1
2023-02-22,7897.392074979495,7667.61745485861,7558.080062646344,7623.802497973704,38671900,57.530755949869125,8354.636222627993,8544.330276385355,6103.925598064052,8292.110824034069,5926.676153336333,59.115705603458224,78.88274892765871,0
2023-02-23,7697.429691524294,7667.617929015938,7558.080530029996,7558.080530029996,53412300,54.81937317730831,7450.005190120662,7436.677388083732,6831.670980320838,8014.751180768195,7315.473445576353,44.84662695747292,58.57389318373134,0
2023-02-24,6543.3871800375155,7755.247368628423,7601.89501953125,7689.524933301063,44123400,51.07193060779756,7381.700104590301,8486.607145076345,6376.042241990619,8508.278646483757,8649.669187169186,34.780615111559534,-3.2670007747849326,1
2023-02-27,7585.36116152893,7689.5244140625,7579.987029246795,7601.894506209936,59983900,42.251572876788806,7012.041350063329,7991.924851379057,7543.19750521845,6699.895879528341,7838.274214462914,137.89907463765172,27.05982639803632,1
2023-02-28,8353.503717611606,7689.525644531251,7601.895722656251,7689.525644531251,106349400,47.037009465247536,7704.849821944216,7621.497499918542,8091.880680683236,6947.865697557323,6249.678322868362,104.04968130324468,33.970978780731016,1
2023-03-01,8449.460570930718,7667.617230082666,7536.17236328125,7645.709752282431,67034700,29.401376678207093,7784.488568808318,7763.932726334493,8205.568874471799,7456.233962026122,7480.563872270293,33.54544617613531,81.2952760389077,1
2023-03-02,8687.992329158802,7623.802021059782,7536.172112771739,7536.172112771739,56672000,21.461116101659137,6767.815521012749,7740.140063410755,7279.269353766329,8275.187643040717,7768.567319204482,-40.54695822144444,29.573418467425185,0
2023-03-03,7527.301537380064,7601.894583102876,7426.634765625,7579.987105918141,95376900,26.13181121543903,6154.408400705864,7847.051860837289,7903.225233242836,7904.657375384951,7263.459443266258,46.70743317171553,51.106149592949684,1
2023-03-06,7533.259210517302,7492.357962472098,7360.9130859375,7492.357962472098,92652000,11.584485259905238,8220.000785630144,8731.871872551097,8373.726450943805,7698.818160443516,8102.704712620053,5.717008258580194,63.276951274510196,1
2023-03-07,8611.496752899953,7426.634778665152,7317.097392549147,7317.097392549147,106115600,33.2605185335215,6674.756492674772,6766.314143789369,7861.3815698840035,8243.02468709588,7809.090638682124,-29.042891254918317,26.278154484314015,0
2023-03-08,6462.647704395286,7514.2646484375,7360.912308673469,7360.912308673469,79350900,40.95649747112406,6499.57153116297,8070.111083906975,7804.937626848559,6536.5912448774725,7274.45645830645,45.92452424186364,-12.877778448529213,1
2023-03-09,8252.85015538881,7579.987079764942,7492.357171328353,7579.987079764942,54201400,33.53972780897734,7621.750844330149,8966.033767627405,7776.901908791741,5584.521144061622,7956.611942176728,66.63832650547432,0.3821446456432178,0
2023-03-10,7165.333935385441,7492.357944827108,7404.72802734375,7448.542986085429,59580100,29.948436855601084,6678.092683439752,8408.701202268316,8224.313605313817,7443.861323294686,7446.124225116671,23.08253288220039,9.637169982879985,0
2023-03-13,6670.334472661657,7558.0798554002195,7404.727510508042,7404.727510508042,82077700,34.267927827319895,7623.572520043294,7325.836448821348,7919.902347062752,7783.5981247082755,8257.838677294618,-40.14322959692465,-4.269742238463736,1
2023-03-14,7611.159711000897,7426.635302294481,7295.1904296875,7382.820344758821,90495300,27.362082374291923,7684.856552574145,8377.430711005556,7233.388935067392,6720.030917174099,5966.719153713206,-13.383863138937478,-30.211094340244685,0
2023-03-15,7220.189683496797,7426.635302294481,7295.1904296875,7404.727823526651,86747400,42.417410596458744,8265.073838825216,6484.517889431153,8611.23096533088,8458.663819731953,5157.529022011584,-22.447152126871458,-28.457094508128815,0
2023-03-16,6175.54608769524,7317.09816217997,7229.468244070031,7273.283203125,105894000,34.68399630989673,7758.802444926714,7686.5427599672885,8046.348833626571,8537.810446292733,7822.756587342691,-34.87023757576445,32.052222018537655,1
2023-03-17,7719.260678174658,7404.72731459888,7295.189928288246,7339.0048828125,198558600,31.92270369133865,6596.872212863907,6895.967035292913,8101.243595923916,8539.978440328456,8534.990309486177,-31.592372210816137,15.265772379554136,0
2023-03-20,7240.5261599112555,7426.6355242047985,7339.005606515067,7360.9130859375,37277900,31.056580822989417,9235.475435574555,8163.7400455602,7363.87365291129,8449.008616501145,9354.073007814637,-21.89556649996907,-7.588618060024309,1
2023-03-21,8871.215440669419,7448.5419921875,7339.004609949448,7360.912086397058,91617400,51.099551105357726,5821.732961147813,7696.297758261314,7367.434543839561,8870.34006862535,8110.038397238465,-47.319021768717896,40.48967776899756,0
2023-03-24,7368.453514451193,7733.339843750001,7558.080017262749,7623.802452195468,145603600,61.11741346838045,7974.259064439583,7906.948819633055,8779.03163074343,8294.37277545884,8383.836864610119,129.00405461699583,-118.6760965949527,1
2023-03-27,8965.446980319615,7733.340129983837,7623.802734375,7733.340129983837,110692800,58.384206355422265,7645.638938392147,7899.970182774213,7188.10707602043,7571.072529858109,7228.920271898896,-19.557256650258545,8.835738620435755,0
2023-03-28,7311.838294028557,7711.432411743516,7601.89501953125,7711.432411743516,98296600,52.41146226407907,7518.88510019734,7662.928060619113,8298.137650640141,7397.56284871036,7114.809879848441,-37.74583529582202,-36.56981406683059,0
2023-03-29,6506.274369738414,7865.57080078125,7709.153199629351,7753.843942815607,101068200,61.48574352472076,8207.609045016981,8234.032199598534,7232.003308719565,8235.269016363269,8805.352895912643,15.000901884051641,-43.11397230506208,1
2023-03-30,7363.340543656507,7954.95114421034,7865.569670679887,7954.95114421034,118912100,65.0545587246577,7526.662209158564,7467.161192226427,7603.26955265125,8149.6142293425355,7721.611326279454,-33.26951753721221,37.27210698305031,1
2023-03-31,7693.054352218233,7910.2613671875,7798.53451171875,7887.915996093749,97146900,67.13996367697465,7661.438927982019,8282.812666040838,6608.417158627259,5919.63006623068,7748.169940814792,71.34703236574069,-40.46278195977239,1
2023-04-03,7952.717738481018,7887.916172374379,7820.880057594994,7887.916172374379,60288900,67.33416784211552,7584.014151320951,7253.136137200409,8564.775700912516,7365.5881944470775,8204.500113724094,159.6008934342144,-55.8397762970392,1
2023-04-04,8768.441904733816,7887.915347889957,7731.4977630876065,7887.915347889957,60975800,73.60641048951842,8204.295016631111,6797.794576729829,6986.897589311481,5990.275216029544,6544.885856666803,66.37651066441109,43.11224812431087,0
2023-04-05,7895.383425243347,7865.570782593123,7798.53466796875,7843.225411051666,36922100,77.20848556645348,6912.073362222868,6630.509090567906,7776.025627900506,8056.039129124648,6318.910936014831,62.26675000035574,35.32168370108775,0
2023-04-06,7279.854443715976,7843.22525390625,7776.189140625,7776.189140625,45489400,81.02489469192334,7856.837441064484,8440.386442949095,8367.66705763116,6933.72968947556,6578.8069572499335,118.94294159305167,128.03020083603673,0
2023-04-10,7234.176654273796,7865.57080078125,7776.189314408736,7798.534686001864,32996000,70.16452806773599,6871.681808476739,7181.6989048819705,6824.5821209082205,6875.963373906666,7251.583153619301,9.20888626745058,129.52137958851182,1
2023-04-11,7349.942003691112,7887.9150390625,7820.878933914661,7887.9150390625,44554300,66.40116801398925,7959.252269665885,8169.42364846294,8225.97087485962,7648.767392214948,7553.911746588453,14.100453227998798,50.0028811706142,1
2023-04-12,7618.857969701663,7954.951171875,7887.915066494031,7954.951171875,91903600,71.07420924803215,9044.261767766884,8089.475943946589,8892.119926509527,7275.102993430209,7232.200349296775,120.18613730430243,53.259668332425605,1
2023-04-13,7945.708938980108,7999.643223695728,7932.607107296044,7999.643223695728,51726500,81.91951892475898,7421.849164837059,9400.117088344965,8190.97350999184,8764.612534638265,7426.856180569592,137.61277550921815,108.38063693824242,1
2023-04-14,8779.105632596158,8044.333984375,7999.643240017362,8044.333984375,110354200,62.55220250741333,8843.48670970588,8200.661496316232,7445.038780442509,7636.160334773942,7329.900079362904,59.595249149657356,81.85563753934058,0
2023-04-17,7322.052294590485,8089.024081327908,7954.951858985457,8066.6787109375,83946900,73.74657872978301,8034.914574677272,8701.986350127085,7659.465797199466,9305.634532342932,6917.310911547659,45.38096682467719,42.275432202380074,1
2023-04-18,9356.715702978385,8200.749816727312,8066.677612639127,8089.022979987158,91178700,92.78290820195286,7947.706627802629,8304.767180985711,7080.3289082807605,7274.773409843394,7353.867545426431,240.34195674710776,148.21791348358437,0
2023-04-26,7139.83116101594,8223.095703125,8044.332753057066,8156.059596849524,186928200,73.3905264044461,8605.962609450547,6912.065659026572,7975.419456756787,7231.380396230462,8358.256882367243,274.6996002901452,37.81124668378793,1
2023-04-27,8760.351627063043,8200.751132652407,8111.369648917777,8133.715019851435,54842400,71.74081022637903,7289.222486687926,6397.071290274738,7448.856857937615,7887.570150454335,8254.306999597,169.82414456119554,136.59375542077635,0
2023-04-28,7869.913447479997,8156.059543335635,8089.0234375,8133.7141747237565,145775300,73.3025337896311,7519.263958838642,8554.84088557137,7543.240870156571,8681.799500055096,7387.265803007918,161.36991734584132,102.83554243259127,1
2023-05-02,8561.291319566857,8133.7141747237565,7954.951225828729,8133.7141747237565,83645900,69.17647314259976,8270.770679992685,8475.864835891214,7639.246436333855,7130.192239391271,7930.302030982343,185.96258466475612,75.02993072963757,0
2023-05-03,7937.113517297181,8089.024712228642,7932.607107296044,8089.024712228642,83728800,47.19803283425567,7490.803978420701,8870.34430770174,8063.828295154335,7272.224602769533,7363.2121828319105,136.86445934248772,72.9670494771729,1
2023-05-04,8668.300917329283,8066.679356553819,7932.607123480903,7977.297867838542,67565000,63.20434332615541,8885.304365459178,8898.16842699009,7914.299135395591,7450.656494790074,7046.808225176348,94.52871887609716,122.74441132469194,1
2023-05-05,9241.403483766284,8089.024728732639,7999.643240017362,8044.333984375,64815100,64.12034850383696,8094.355736515935,9217.332147872847,7591.31824128924,8258.951703367156,7250.397834142425,32.94383076034329,151.8202896347421,0
2023-05-08,7052.281910160709,8111.370100911458,7999.643240017362,8044.333984375,84754500,56.77135003299186,8523.908115000935,6972.071147569193,8589.994797824684,7966.7344790218185,7138.359910524244,96.30685099151262,96.14063179378552,1
2023-05-09,7328.569022280168,8021.988595828957,7954.952479429272,7999.643223695728,40929600,54.8230880638327,9210.12973580912,7390.246463785541,8573.184959201128,8240.587005802587,7079.421949629178,159.2753529775767,146.0659849948299,1
2023-05-10,7479.396451646231,7999.643223695728,7954.952479429272,7977.2978515625,45322600,42.36958638992087,8410.570312376802,7687.682648154844,8605.613426285765,7913.023035950255,8285.73691194062,112.45563176769568,80.20471817864315,1
2023-05-11,8331.751892374077,7954.95114421034,7865.569670679887,7954.95114421034,81993900,38.52038963733605,7102.27674043891,8422.380360609804,7305.085236931524,7716.987900608936,7844.8503687324055,19.709642203824473,39.80231947125227,1
2023-05-12,8661.86907384851,7932.606915560636,7798.534686001864,7820.880057594994,96525600,41.744060275208234,6819.616412865273,7528.339885360688,8500.60950541681,8348.546350687247,7970.806637576061,72.5700564087319,106.36817743833241,0
2023-05-15,6538.736525458697,7932.606086404914,7798.533870860042,7932.606086404914,64830300,28.81589691765052,8043.119353015311,7596.581062030481,8523.85552848693,8642.175471098953,7827.021032951021,56.36805266723724,62.35804378368033,1
2023-05-16,8064.430519715527,7887.915322490122,7776.1884765625,7865.569953304597,49497000,21.099487279690326,7240.521552145112,8556.204598632045,7928.149333650299,7217.035181795608,7337.051083237647,53.3564702365729,54.07760087709925,1
2023-05-17,8301.784790533507,7910.260717147436,7820.879240117521,7843.224609374999,69996100,13.921543330924685,7460.326072149199,7116.193668889341,8199.13690601523,7780.084161575396,8625.181870897131,64.24814855924494,67.92275959130409,1
2023-05-19,8605.25297392597,8044.333984375,7887.916379123264,7954.952495659722,123592500,33.47310972245812,7909.015605593348,8069.832626977673,7578.09430056455,6886.959279483682,8794.403783586258,16.863349803402215,-14.8382241630543,0
2023-05-22,8131.240459643563,8111.370100911458,7977.297867838542,8044.333984375,91000000,47.22163095381487,8343.007731812975,8590.169212332466,8352.507361600805,8382.53011189305,7450.945129874887,28.682479722988184,13.844646894357773,1
2023-05-23,8452.807600303651,8178.404449379281,8066.677612639127,8089.022979987158,102980500,55.07327434517843,8407.260692065158,8176.8774285264,7927.177524865453,8812.128036808399,7650.370724439723,-4.988484170321932,72.82216237403574,0
2023-05-24,8071.242342547523,8223.09630367036,8066.6787109375,8223.09630367036,77392900,39.94213040631624,7538.116846122202,9056.979808713038,9425.775513776283,8541.307700032563,6510.673006073488,0.5062764052083537,75.91685236981,0
2023-05-25,7699.62083469585,8178.404911947514,8089.0234375,8133.7141747237565,76325700,51.53569670027235,8467.906073536938,8119.367211050057,8317.47481726253,7456.874852677697,7596.562639292704,71.5643228593562,18.545209489436683,0
2023-05-26,7280.594431786439,8223.096503586066,8133.715019851435,8200.751132652407,55675900,47.58988175151863,7647.75049694235,8873.623590736986,8524.470598455997,8040.642366738053,6726.611148163912,17.36758045291414,39.7574569677856,1
2023-05-29,8442.00274153127,8267.78724545338,8111.369648917777,8267.78724545338,79148200,45.74347903023053,8456.210683353112,9157.780158789425,8046.500939134854,8734.518827054151,7228.57780721245,54.750447871852096,-82.85645446291399,0
2023-05-30,7707.658151061739,8334.822236592061,8178.40466110642,8223.09539695946,97189500,70.84151782313805,7982.461866394518,7469.502255904666,8301.192447686471,8494.491934697353,7716.9739317001395,112.9992496928602,77.20163171136053,0
2023-05-31,7534.871574707725,8334.822492230664,8089.0234375,8312.477123618784,722827900,44.117713288147954,7475.986988117653,8280.893832969083,8593.069990262971,7569.715376471001,6737.746015921195,112.22663657638597,102.74825491521202,1
2023-06-05,9056.393065345987,8334.82254691746,8133.714228091033,8178.404965608017,163535600,58.78855860708134,9116.439773810218,7685.18889792889,7253.128609468364,8819.810495880767,8708.631345319904,-10.851576515520208,141.30296814775556,1
2023-06-06,9235.065472162934,8223.096503586066,8089.024277984119,8089.024277984119,74872200,66.20536532286948,7381.834265093705,8571.148585266303,8746.153838032054,7821.352472358348,8301.320043614662,115.81052019162729,72.56380846632166,0
2023-06-07,7233.377235418022,8200.750462794042,8111.368986360319,8156.0597245771805,87492200,61.38714900646658,8664.522491833128,9350.306025716609,7322.379991664596,8082.3276670867845,8076.600725988074,82.90939808991783,59.36267902668544,1
2023-06-08,8803.809292841406,8156.05908203125,8111.368347335188,8111.368347335188,53188400,71.1317943532163,8384.77897900326,8156.065702798551,9203.41842754201,7895.899955161072,6348.526785062667,101.99704129591223,51.15542045842009,0
2023-06-09,8137.654330697051,8200.750462794042,8133.71435546875,8200.750462794042,44632400,60.42929466943036,9405.026112557824,7636.054783172521,8004.68356394364,8391.485921651323,8075.56146455134,11.40213801229769,74.04154800375107,0
2023-06-12,7404.229443866896,8178.40576171875,8133.715019851435,8178.40576171875,38082300,61.32026688514705,8802.214253593087,7546.992382151785,7579.901217332119,7857.448054186673,8781.715229156922,79.03501319966541,17.258065587037947,1
2023-06-13,7747.211634595044,8200.751132652407,8133.715019851435,8200.751132652407,45552600,72.33665074742709,8583.152283589909,8770.837612266463,7392.881790501329,8434.940340461195,8312.201790667821,99.36129025021279,65.38309549341956,0
2023-06-14,7693.734847011904,8156.0593887203,8089.023284155475,8133.714020532026,72223700,40.215460587704115,6729.663580885707,8472.36738959872,9204.417174299893,9162.76372240631,8111.213363222183,42.709557486358946,-15.025410474325327,1
2023-06-15,10083.641195188231,8133.7141747237565,8089.0234375,8133.7141747237565,59073000,55.87099777274545,8174.830526007496,8507.795396661259,8668.202193822592,8476.036589887832,8219.761951544895,20.137019161534106,23.174173552097997,0
2023-06-16,7661.312117683618,8133.7141747237565,8021.987331664364,8133.7141747237565,112769400,49.5403999782194,8346.95105528539,7756.1732316341095,7878.489397075165,7485.134792694552,9432.603901880564,39.782347734945105,86.37248692878498,1
2023-06-19,7829.631737286955,8089.024728732639,8044.333984375,8044.333984375,32330600,40.31721319502694,8809.215453230077,6205.913221031692,8953.566498702465,8453.781543474699,9010.222170495443,-15.424082805057061,60.584258200170396,1
2023-06-20,9172.677072962408,8089.0234375,7999.641963052486,8066.678068888121,54990100,35.04466151420627,9417.966097291368,8979.193799400355,8418.74808485633,8249.523095346234,7733.699668420647,-21.764769600474157,46.89214372706308,0
2023-06-21,8421.31363123257,8156.05908203125,8044.332245291096,8089.022979987158,42676300,44.40215599057188,8042.863457037317,7989.9765414343765,8725.772398212914,7717.778625360794,9359.151747993255,60.52432786646188,114.92623108614094,0
2023-06-22,7046.572937933591,8178.404911947514,8089.0234375,8156.059543335635,48291100,46.63756302552313,9135.117687279086,7404.594430517124,8581.429060396878,7547.453116878108,8968.241204864706,-5.9934438103361884,-2.1915779264557784,1
2023-06-23,7723.692591473024,8178.404911947514,8066.678068888121,8066.678068888121,47813500,42.53751147136547,7157.031880816985,9491.075894321513,8376.253233742047,8846.757304036644,8077.19769014689,-63.12964860984627,59.75976091500964,1
2023-06-26,8108.368220683064,8156.0593887203,8066.6779159672,8066.6779159672,36389900,49.37760683803535,7560.6104063213115,7778.200430797725,9072.268640730592,9436.47651926874,7904.419681305822,-12.12946913271341,63.690532372839264,0
2023-06-27,7734.752870276536,8178.40576171875,8089.024277984119,8089.024277984119,36225100,51.30915195511496,7623.608951809105,7850.57180854693,7898.894487024669,8133.535703122153,7199.1162184343575,91.42807713099857,31.41379772693917,1
2023-07-03,7976.0938958312945,8111.36865234375,8066.6779159672,8066.6779159672,108855900,47.22157038820235,6779.077934974348,7088.408556298282,8143.502610632889,8074.603553847961,7835.639069231444,21.01611324678697,-43.21497399775006,1
2023-07-04,8690.901692867137,8178.404911947514,8089.0234375,8178.404911947514,35049300,50.65255256719341,8321.892783268551,8053.306834059036,7517.326326487943,7740.042458356755,9811.415460561842,17.565368427222023,49.77175405403187,0
2023-07-05,8400.266599250845,8111.368806111878,8066.678068888121,8089.0234375,44609200,43.308158559718976,7989.08136644992,7977.523605169273,9210.312478451884,7967.579773315283,8279.784769738513,29.740256580206662,-55.29016246399168,0
2023-07-06,7802.254342349255,8133.714020532026,8066.6779159672,8089.023284155475,52532400,47.664015934441345,7437.020450560834,7308.523911636534,7864.652647496318,8589.057218570924,8151.303234887067,25.666208797245453,-22.136461450945887,1
2023-07-07,7873.541737577536,8133.714822108725,8066.6787109375,8066.6787109375,37641300,41.25308584551658,8833.465000730275,7380.576886044941,8197.26353299323,8162.984139125413,8319.712463803164,36.27098288925713,92.00061519586667,1
2023-07-10,8287.489300488629,8133.7141747237565,8089.0234375,8133.7141747237565,28981500,50.00855079921106,8676.99289609432,7987.582172322558,7751.147399462678,7902.312059364996,8003.449192997374,55.671601306723005,-16.15008535654244,1
2023-07-11,8313.023876725683,8133.714822108725,8066.6787109375,8133.714822108725,43703500,29.97676826999633,6558.472872589561,8619.231985007847,7945.456888954467,7145.145958940695,8254.260891420403,0.35513362274297755,2.5000793744879495,0
2023-07-12,7132.766122404735,8200.75,8089.023160762942,8111.368528610354,61566500,67.91994625740753,7816.734389125224,8220.140848903504,8399.611049520712,7577.915655675014,8439.050681008588,41.640470102119316,52.88933345225751,0
2023-07-13,7060.044731188047,8245.440551423373,8156.05908203125,8223.095184075342,65230900,70.96086085032383,8352.104506281183,9853.692457345072,6463.202933917746,7899.5156351967835,8256.478891481012,3.770847023595694,-20.767930823461562,1
2023-07-14,8336.41422654891,8223.095703125,8156.059596849524,8200.750334366508,55554500,48.94134506525515,8037.418000761405,6972.542421560495,8293.696995427867,7784.9236311192335,9564.730513861792,-67.45429379806922,-0.8882445278710485,1
2023-07-17,8675.699829567247,8267.786103542234,8200.75,8223.09536784741,62550100,52.72534191250507,6657.79320641352,8915.049978545972,8032.690253635466,9023.571771047558,8252.043469173448,24.206628899990427,50.264586834073064,0
2023-07-18,8353.521787881733,8267.78724545338,8133.715019851435,8223.096503586066,52924600,63.93879676627714,7924.70262140475,7747.844411668824,8294.221493601499,8142.143927225279,8538.107831697216,42.90580052466382,66.61503787598485,1
2023-07-20,9176.372562269033,8245.441874519724,8156.060390785093,8223.096503586066,83476600,58.16340157819484,8436.417763716847,7006.985035425327,8328.008509778216,9062.901498646479,6868.459180094702,98.45365204037108,7.436162441356791,0
2023-07-21,8152.097898950917,8200.751132652407,8156.060390785093,8178.40576171875,42667800,63.37286361483966,8674.088630721391,7371.594114466617,6858.031355402587,8182.907761757711,8047.134731400834,63.14032862685012,73.41721244946481,0
2023-07-24,6378.196208915111,8223.095831902472,8133.71435546875,8223.095831902472,62061200,53.86463792527593,8606.619738882619,9053.295474381246,8107.836566564154,6943.950137850148,9150.65078035278,-58.0739425226257,91.51026313356036,1
2023-07-25,7668.839073158607,8312.477987320697,8178.40576171875,8200.751132652407,122802700,51.513562537368905,6931.6424134458475,7772.376594661672,8011.246748858551,8216.02478248686,8450.793837313357,23.361248348706976,17.069108260149374,1
2023-07-26,8961.100634094591,8357.16796875,8156.05964864639,8200.750386447193,113868700,58.41585492768616,9371.063748393794,8567.546841328744,7555.386997891714,8853.042821224068,7106.044661503213,-11.069864294956687,-3.0527853814517485,0
2023-07-27,6918.185262300446,8401.857998814363,8245.4404296875,8401.857998814363,77848400,46.05965038833972,8244.040058300856,9154.746608212788,7530.839079277471,7599.786217818008,8744.843148580036,23.70946184281153,56.043045538480726,1
2023-07-28,7628.61113804976,8245.440551423373,8156.05908203125,8223.095184075342,74510200,71.35832934468773,7939.8823437758265,8318.47357251805,8817.706352867124,7899.742564929785,8218.30239501854,-57.35282136615329,-11.950435024008076,0
2023-07-31,7008.280899968674,8223.095184075342,8133.713714683219,8200.749816727312,80868000,63.775526293488376,8522.61854648511,7547.984367079934,7630.194307054398,8178.143162162573,8226.886830884576,-11.648303959372917,4.737020115639847,1
2023-08-01,7414.416463915568,8200.749816727312,8133.713714683219,8200.749816727312,49756400,47.818286111684486,7299.125400263498,9005.859430751156,8195.659115242255,7649.609356214778,8227.753318225583,53.293643773823796,11.326743216515606,1
2023-08-02,7434.232888109509,8223.095703125,8156.059596849524,8156.059596849524,60629900,50.67864159996525,9108.207761886491,9101.357745666253,7807.659641492991,7939.363648691491,9392.231367725506,-46.90348201981338,-11.02020637915653,1
2023-08-03,8841.342023914833,8312.47686866554,8178.40466110642,8178.40466110642,64596100,60.95904356738208,8063.939281861601,8113.122565696168,8381.212624792715,8223.35156251943,8619.091873403113,-71.73755415452662,51.20026378423698,1
2023-08-04,9022.027446541944,8290.13261638704,8156.060390785093,8267.78724545338,52675900,49.80686970462367,8116.56859361742,9357.857143084982,8245.217155818751,9329.37319051918,8786.583988097544,61.71919109897739,61.21672052088713,1
2023-08-07,9123.132588667524,8290.130859375,8178.404028386119,8178.404028386119,55589300,63.277344879387385,8292.518230918367,7746.6630259047915,8082.461997094949,9103.617428126618,9549.982521688144,126.56004274732405,70.16788678342057,0
2023-08-08,7807.885669065605,8312.477178158968,8223.095703125,8290.131809400476,43373400,59.90818063085084,8363.613330379674,6761.047855674515,8785.633161479225,8285.9436379241,7674.245740271943,23.85693279221624,82.81345513446,1
2023-08-09,8396.783925986887,8401.859375,8267.787150930852,8290.132521609043,77056800,66.40433157263536,8185.779887824083,8574.60521070668,8620.62326582098,8721.476752978373,7525.601362981206,22.77039478849738,18.723773282492477,0
2023-08-10,7630.16789882473,8424.204745678191,8357.168633643618,8401.859375,76738100,65.69424594750845,7533.956691427054,8595.835093252077,8942.809524595394,7474.360337557921,7303.420474590782,57.37344317944509,34.25059202211251,1
2023-08-11,8212.294769798324,8446.550116356382,8379.514004321809,8424.204745678191,68898600,61.069114609253276,7354.499995279316,8188.115298645943,8013.716570670006,8248.23315687076,9971.616780046217,62.240586651989155,105.83183269437848,0
2023-08-14,7487.39232504906,8357.16796875,8245.441124247995,8334.822599849598,75495400,60.73386404282701,7369.366361070235,8412.729548707757,7313.122098297246,8732.93573858757,8245.561709718047,86.42566937077366,47.20961785119517,1
2023-08-15,8608.89241366657,8379.513648248489,8312.4775390625,8334.822908791162,59303700,45.645792476937004,8030.770248982351,8244.367591062752,8426.290163898142,9471.825020653,7517.8839390881885,30.40131383049741,109.91461428598576,0
2023-08-16,7405.866267783796,8334.822908791162,8267.786799605175,8290.132169333838,53440000,56.13799358488817,8350.023558875666,7352.501359562037,8964.553648385267,8957.87376877828,7339.771143971853,58.863602731317016,62.16365573408501,1
2023-08-18,8520.274504634202,8357.167604518581,8267.7861328125,8267.7861328125,79328900,61.41062700958257,7324.641143796871,7887.748969489989,7082.033561734053,7900.459754469954,9465.244971081866,51.143602591825285,56.28747043853435,0
2023-08-21,8233.313434650083,8267.786103542234,8200.75,8245.440735694823,73573000,48.326452501510396,7190.926314815063,6695.250088819844,8566.85376088547,7359.066722997485,8593.26870912435,-9.166632795121863,81.00240431410734,1
2023-08-22,9659.165370894634,8334.822908791162,8178.405320690524,8178.405320690524,65664600,52.4922392513909,6376.32005984651,8949.608727105857,9008.587250520683,8848.041541904286,7994.200911661665,72.08776022997027,57.90870926424358,0
2023-08-23,8828.609562871901,8334.822908791162,8290.132169333838,8312.4775390625,63749800,48.723852669360085,7910.326813351731,8321.23417224031,9518.614982606108,7392.609787621104,7808.46647122845,73.50091326895102,-1.2806813569796631,1
2023-08-24,10215.775480503866,8334.82254691746,8223.095703125,8267.786440641985,53725900,45.01218055681079,6716.256069110701,8713.799833555322,9191.767991692866,8680.998826059127,9731.241561833001,69.15615978371466,66.53989822205892,0
2023-08-25,9157.974103729684,8290.130859375,8200.749394583896,8223.09476078167,50379000,58.61883753315248,8260.847005982809,8857.218492821079,8400.913624822953,7704.027930454244,8884.36531400752,-123.39276674568214,77.6844435069263,0
2023-08-28,8480.767652601191,8267.786440641985,8223.095703125,8267.786440641985,44423100,43.89001209941616,8225.186834582559,7491.893889412077,7597.739807310158,7961.302959983209,8130.942417440385,72.38407825364048,51.02456390321784,0
2023-08-29,8191.38586152997,8312.47686866554,8223.09539695946,8290.13150073902,45428500,47.169226217948044,8007.520159577802,7457.437557219361,8849.794517344297,7769.592132308341,7546.683213722425,9.316982167379825,65.89518667493277,1
2023-08-30,8851.902385316733,8312.477178158968,8223.095703125,8312.477178158968,56227000,38.09773156789974,9018.048293020258,9538.124666594189,8368.602607127117,7551.888375665145,7316.470111042647,-53.77780905606859,48.11286841651321,0
2023-08-31,7169.743528425468,8245.440735694823,8133.713896457765,8223.09536784741,136107200,36.76264303287713,9551.949647544048,9278.723201743345,8458.426284635056,8860.663549698736,9188.583376917772,-9.177707656505746,4.46414462396454,1
2023-09-01,7880.074227750409,8290.131163723747,8200.749695651253,8223.095062669376,42152700,37.843576248253385,7648.794269054914,7173.0456348467815,8016.720374841057,7711.276183461513,7345.617454519321,17.970914241894484,61.15435668647392,0
2023-09-04,7106.254402098887,8290.131163723747,8200.749695651253,8245.4404296875,40610600,31.280963760636705,8101.659014430005,7677.808384579174,9729.576611324206,8967.68434011444,6480.089577204589,58.3242798722751,-32.97099153912427,1
2023-09-05,8129.7172954460175,8267.785796705622,8223.095062669376,8267.785796705622,42007200,39.50130167395054,8388.497536332205,7145.597807344743,7673.642231511605,7096.53022719215,7962.688974146879,33.537241391664864,106.65097787342933,0
2023-09-06,7781.999445883861,8267.78724545338,8178.40576171875,8223.096503586066,49318400,50.67854316662716,7551.668619955412,9379.551664813524,7614.678775332795,7217.655855554981,9175.101276911373,44.51667352359242,44.012505101628996,0
2023-09-07,7649.666901650049,8200.75,8133.713896457765,8156.059264305177,61405200,31.988134809114094,8264.481006674454,7659.786951486495,7643.815893675509,7254.704403655567,9205.082424049333,14.074560880644068,-127.13747426017153,1
2023-09-08,8232.342010866605,8178.404449379281,8089.022979987158,8133.713714683219,80732300,44.351509532237884,7132.813651753941,8608.2267676711,8319.707511501916,7535.7519888439265,9108.461851946844,-1.6387161582780898,-104.6641667114777,1
2023-09-11,8971.93740857557,8156.05908203125,8111.368347335188,8111.368347335188,53155900,43.97590612679032,8073.475799857716,9151.895346445668,8768.528534939276,9022.636199379009,7729.558117611584,57.20955898480874,50.356621951027016,0
2023-09-12,8639.260855552668,8156.0597245771805,8111.368986360319,8133.71435546875,66479000,38.69365539519982,9053.361601955836,8733.948693343556,8302.1027214978,7221.003081247844,7355.399166393323,49.02920033358755,-7.839295498833253,0
2023-09-13,6820.68938148333,8111.36865234375,8044.332547778926,8089.023284155475,69490200,24.417100349554666,9434.666327095214,8264.31223179801,8396.396003254442,9233.837831906561,8552.229084520142,-66.60323406828645,-32.25047601349651,0
2023-09-14,6744.798946139388,8156.0597245771805,8044.332879035028,8044.332879035028,112757900,39.6062198652548,9297.6184336959,8925.89454740542,7787.599931273573,7831.239014065344,7227.693170852868,-62.35801215251264,-5.7897552385346716,1
2023-09-15,7654.815892001407,8133.715473090278,8044.333984375,8089.024728732639,121005300,31.710640772107542,8816.914266858994,7955.741939391776,9228.569001359507,9184.390675168504,8460.240112784319,-58.13117229585437,8.094428926946662,0
2023-09-18,7342.778596824865,8111.370100911458,8044.333984375,8089.024728732639,34272200,12.653171665321782,7157.292220421715,7645.113232814542,7690.377082215812,7158.818873959391,8622.664000999066,-24.35804777309047,-22.14341967701444,1
2023-09-19,7688.187194005181,8111.36865234375,8021.987179590651,8044.332547778926,33325800,29.76246667333818,7721.998559838837,6566.444445275878,7148.128199935134,8191.250464542261,7749.559889167948,4.432479227103748,-46.767569742220275,1
2023-09-20,8068.153204515958,8200.751132652407,8111.369648917777,8156.060390785093,54305500,45.287999471128515,8865.837257502159,9023.171338747681,7711.416514760562,8435.462368616218,6544.628603443587,2.2485557286494213,-76.23515559768728,1
2023-09-21,8186.117450563908,8178.404449379281,8111.368347335188,8156.05908203125,40607000,43.753783517639185,8037.093495004357,8133.002742617519,8315.051882401616,6974.870603793486,9195.594397923946,-25.555027511788968,-14.311158701554309,0
2023-09-22,6991.001287210264,8178.404756908575,8111.36865234375,8156.0593887203,42445300,32.32579315335206,8648.608434331105,7920.350878990928,8105.894342524272,7535.883623251322,8427.558414874235,-63.45984812487373,-30.40792135108738,1
2023-09-25,7659.431310091648,8111.370100911458,8044.333984375,8111.370100911458,56132200,33.021983214995366,7163.982307271172,7816.6027680796215,8465.257843740155,8929.733125537648,6877.762701126324,-1.0669146956133062,-95.45802157673964,1
2023-09-26,8947.358720062988,8066.678689114874,7999.642578125,8044.333318784916,73544700,36.62377060312083,8517.637839911327,7329.929446738181,8105.793472046916,7862.429829013779,9621.344113298761,37.355623589166356,-15.674772226894273,0
2023-09-27,8523.215845291463,8044.33329665493,7932.6064453125,7954.951815580986,84345000,15.571369970533379,8662.587430562162,8749.807743520612,8185.6874054315995,7225.15036003935,7819.748942382548,-9.759416881273104,-38.73247376132991,0
2023-09-29,8373.960851784797,7954.95114421034,7887.9150390625,7887.9150390625,118960000,33.02390633757187,8021.036913286588,8107.8078573815865,8687.732851180082,8884.611068901406,8073.297334605577,-43.05407360000971,-67.9801765904545,0
2023-10-02,7363.202630787866,8133.714020532026,7932.605706837552,7954.951075025827,93663000,36.21610077851928,9009.043361387721,7216.575941117171,9017.746390843224,8265.794985705006,6869.477106454481,19.17044269651683,-177.19520153128173,1
2023-10-03,8479.321635975579,8223.095703125,8066.678121815557,8111.368859332541,98380200,45.31672478664288,6082.719282021795,7902.753993723578,7402.116317258481,7916.122776779572,10089.906712893528,-91.94330313716269,-71.48915348261069,1
2023-10-04,9359.548281215484,8267.786440641985,8156.059596849524,8223.095703125,112582800,58.83746227094725,7692.293012689749,8396.393241301457,9210.56658072102,8890.34033012641,8298.865277875166,-42.40991116663973,-50.56851238135479,0
2023-10-05,8192.451716983234,8223.095493285124,8111.36865234375,8223.095493285124,72855700,49.54765415526391,8997.764163329293,8077.676417792772,8054.557457546064,7824.077162624308,8138.9523191449,-31.33975569882498,8.45556053863524,1
2023-10-06,8561.884177999536,8133.714822108725,8066.6787109375,8133.714822108725,53344400,57.8612977347404,8458.693824386159,7536.566229868643,8145.535017245768,8031.629389751444,8379.119024671427,31.573508527667276,-114.29395531268219,0
2023-10-09,7489.072188616932,8156.059543335635,8066.678068888121,8066.678068888121,43774500,71.88015882523013,7407.009342679556,8163.80235572863,7715.520444365544,8650.240406887811,7930.275990120123,-48.40388249841903,-90.45156089192457,1
2023-10-10,7864.243441755915,8044.333967962185,7977.2978515625,8044.333967962185,71966100,53.96035403824715,7654.875632725751,9004.682271060976,9300.45184304555,7626.457848938211,6241.819651313976,-23.956902257218015,-70.9787956576304,1
2023-10-11,9103.416759819249,8066.679340095413,7977.2978515625,7977.2978515625,84305800,38.773232809749274,8094.307899548089,8702.881117887184,7799.965828611217,7500.970895550402,7133.689750447465,-20.5256243907806,-55.526535903049655,0
2023-10-12,8594.323482291942,8133.7141747237565,8044.332700276243,8044.332700276243,71064500,49.450052646236045,7706.66201865798,7682.786289462654,6623.706798025446,8275.37503120594,8518.243238676972,56.228824567989605,-102.57013679505343,0
2023-10-13,8201.042436737911,8156.0593887203,8066.6779159672,8133.714020532026,62941800,53.41238363891971,7805.081186019074,8199.932786829315,9118.320080572434,8516.518218147354,8431.93394834623,24.816720219020407,-57.88338984800626,1
2023-10-16,8734.227879423288,8156.0597245771805,8089.023617251889,8156.0597245771805,29429200,59.66699709506749,8222.395641323661,7257.399406357883,7091.815309011238,8468.50398324361,8301.00218337995,-45.581025666679,-80.84068011668953,0
2023-10-17,7257.516372463132,8111.369429774791,7999.642578125,8089.024059444832,59606000,64.96477417959633,8753.632140074089,8059.844005770475,8587.22928097221,9124.053962681863,8324.302853070441,-18.592566610172618,-32.48486655167279,1
2023-10-18,7833.385092010659,7999.642713298906,7910.26123046875,7977.297342591367,50919200,45.22265410425385,7727.872379625172,8298.433083381608,9292.85284017761,7898.632610824821,8160.501808411883,-24.368220277989955,27.444319743994146,1
2023-10-19,7844.707320722485,7910.2613671875,7820.8798828125,7887.915996093749,89509700,40.56329227878655,7593.512626577878,7751.488947901358,7922.85488619516,7325.252357313727,8216.981100427816,-144.91185624412688,-30.670949972168835,0
2023-10-20,7294.236852817885,8066.678041760968,7798.53361932016,7798.53361932016,64554500,36.159407534866,8136.044078670244,8754.508425625074,8394.44261834178,6990.219529679365,8476.26317810277,-14.180333606421065,55.81668454770037,1
2023-10-23,7790.594950853962,7977.297342591367,7910.26123046875,7932.606601176289,50633500,41.67030445920349,8498.764032284755,6500.27031117509,8082.873304448119,8175.679569181903,8852.312853299578,-54.79637572456207,-20.2034420511856,1
2023-10-24,8764.010370600588,7932.606086404914,7843.224609374999,7843.224609374999,76963200,30.52657356152727,7294.303870929119,6590.3588498724075,7803.11959617376,8429.322979571294,6685.612488192069,-15.502959026118447,-3.6657842631306963,0
2023-10-25,8015.954512204698,7977.297185849471,7887.915704775528,7887.915704775528,54748400,38.26576993665643,8351.333212057854,8299.989568182822,6983.899482137014,8723.241051754689,8526.929911613954,-65.97744118970164,-13.082241450884673,1
2023-10-26,8053.777146994394,7999.64301184187,7798.53466796875,7977.297640300412,63199400,48.71719385942887,6972.432079453471,8083.890943215551,7420.367157907712,7460.113922054501,7470.666795003617,-89.83618495949213,-70.1065024308032,0
2023-10-27,7034.481552955532,7865.569953304597,7776.1884765625,7798.533845748024,52450700,37.82236728546867,7013.355292898371,8640.802777781963,7550.444586529083,8687.130737653748,7012.241016609421,-40.37774289055608,-57.39086129120948,1
2023-10-30,8445.676332764371,7910.26123046875,7776.189006223517,7776.189006223517,51958200,50.57446788893284,7734.213934022775,7252.264675036045,7225.480306446831,8268.657752161578,8703.91017888131,23.140434993854186,-81.05187079578786,1
2023-10-31,9233.612635425918,7887.915996093749,7798.53451171875,7865.570624999999,64907600,43.81605277119703,8159.67598803531,8599.625957484412,7676.865856136934,8950.79476539081,8462.446242017759,-59.914146004458416,-85.74889313208433,0
2023-11-01,7929.654381324273,7843.224217614462,7686.806640625,7820.87884947311,67027600,26.40250669027943,7938.695302272328,9010.198549016186,8637.208744552618,7187.842692868062,7200.3515057655095,-104.18919067770914,3.5308172811434275,0
2023-11-02,7180.295049521505,7954.951971883827,7798.534376931056,7798.534376931056,56050900,48.74863269807169,8655.953906352559,7217.898577345126,8646.37369804532,7885.279889343653,8930.20339683795,-90.70522953047006,-74.67825963063108,1
2023-11-03,8513.914340666337,7999.6419087956465,7910.260434954354,7977.296540335323,60414100,39.46320868721322,7204.296676807928,8192.758001555274,9175.187321297553,7595.743361717593,7874.54987087696,-52.16794003925559,-19.009573500539474,0
2023-11-06,8418.889121506734,8089.0234375,7999.641963052486,8021.987331664364,84994200,49.99051240561328,8844.916182299248,7601.018847387967,8168.778503725344,7497.236464801053,7965.874837793257,-7.090662611608693,-141.9611015788726,1
2023-11-07,8595.412307154447,8066.678041760968,7954.951199077298,8044.332673224234,60648200,54.26027337480105,7498.137012726124,7657.471276056004,8846.4676439832,7771.749100377434,8799.829374578245,-46.97496847611539,-136.81192571694905,1
2023-11-08,8802.677049774486,8044.333984375,7954.952495659722,7999.643240017362,31829300,62.012944843789334,6785.988734287872,6198.334509460214,7347.361793159993,8206.922115594034,6524.362205382378,-110.1142789128045,-99.03725167415746,0
2023-11-09,7655.44906895205,8089.024728732639,7954.952495659722,7954.952495659722,46076800,54.85740863026407,7856.863578534127,8111.617384598819,8120.0211071613685,8022.521939698882,8206.665740959224,108.39169012355602,12.245170065559009,1
2023-11-10,8447.16101861684,8044.3326177407935,7887.9150390625,7999.641880975567,50754600,44.713182304336094,8733.508841716353,7395.883482391097,7673.640968004644,8736.411459362711,7697.257589545444,-39.048425820924,-72.76618555159577,0
2023-11-13,7893.5093695093365,7977.297185849471,7910.261075044013,7932.6064453125,20827700,51.306697262091134,8547.095139311043,7754.057192141362,7664.103105125826,7505.086453039916,7458.93828325451,-22.80887918601411,31.9515424534615,1
2023-11-14,9026.71340886701,7999.643223695728,7932.607107296044,7954.952479429272,37195700,37.487343072819996,7972.783101058512,8436.368281678098,6269.868438309677,7955.187083215744,7361.896929493875,99.39175001436739,19.6899544150746,1
2023-11-15,10028.0773326853,8089.0234375,7999.641963052486,8021.987331664364,84977900,56.65673631572807,7596.032116771201,8987.31768215296,8773.775947791633,7814.662155143359,8557.81905399432,-53.6716810440163,-91.46704792666297,0
2023-11-16,7741.750496725055,8111.36865234375,7999.641811402376,8089.023284155475,48714300,65.12267523252738,7014.238463971071,8786.919546600551,7930.295200390145,7707.3662705206625,8681.417124722137,-17.150567024241255,-13.193856732850444,1
2023-11-17,9015.681357835852,8111.36865234375,8021.987179590651,8066.6779159672,57050500,66.70520085711931,8991.551629264179,7785.184628756678,8230.939837290689,6761.244565993902,8649.30997509594,18.297613672950668,9.875253918865617,0
2023-11-20,7730.3324182238775,8066.678666923415,7932.6064453125,8021.987926386443,49216000,48.379306454090475,6947.069014399844,8413.479579481851,8872.84375598283,7859.899893820512,7441.761889935246,-10.120806683742213,-19.067322692918058,0
2023-11-21,7633.837704432015,7954.951455662393,7843.224609374999,7887.915347889957,107614800,50.987004637612195,8686.002182365804,7910.929373592753,8614.412558271264,7779.23923602397,7446.018198041598,0.2935331154341392,-42.12427494840917,0
2023-11-22,7065.082201449929,7932.6064453125,7843.224964238556,7843.224964238556,40364800,53.85713912675603,8392.063201192148,8895.453096609366,8390.350464366582,7644.154729356965,7925.578344633158,25.30650929498465,-0.3530643133712763,0
2023-11-23,6941.108120169923,8021.988595828957,7910.261735162815,7910.261735162815,55542100,53.825584363174336,7905.49325647719,7255.590484289422,8964.036837834214,7523.277325280123,7062.237267923677,-25.46572217210474,-51.754660583794205,1
2023-11-24,7072.412028827021,8021.988595828957,7954.952479429272,7977.2978515625,43631900,46.3399792894179,7835.909010831008,8215.191988911198,9215.2826681067,8953.142718826817,8667.039980516927,-12.602044216986352,51.28828404322163,0
2023-11-27,6722.027146727478,7999.642556117958,7932.6064453125,7954.951815580986,35679000,47.30204770686464,9172.11238726809,7315.49619244805,7879.914810335818,7977.621473326432,8160.521388479929,5.152331892606531,76.25850345500457,1
2023-11-28,7783.1448547574255,7999.642556117958,7910.261075044013,7932.6064453125,69070600,42.652873795904505,8072.320636735623,6698.10931548507,7604.611687594057,7896.436671830177,8372.081341794024,-14.747334900287763,24.872078429957696,1
2023-11-29,8272.460794008495,7999.6419087956465,7954.951171875,7954.951171875,54715600,39.61671849796475,8172.697146463207,8740.358543494087,8248.212297729036,7600.219856351354,7298.167663344739,-30.10259685700549,-39.90561178864971,1
2023-11-30,9069.009488695734,8021.9873046875,7954.951199077298,7977.296567614032,205312100,72.14211622679566,8592.80913268149,7267.67138327887,7741.9749091140475,6798.995555590034,8905.680029310011,-14.241951122583341,80.08127657731399,0
2023-12-01,8397.358445899486,8021.987948454958,7954.951837465083,7977.297207795042,80566400,43.603117051477916,6785.386674229849,7259.064899750794,7857.773099944075,7896.270412674534,6760.295701911737,28.86649510806167,25.312774782970934,1
2023-12-04,8440.344728535725,8105.166829427083,8015.35888671875,8037.810872395833,54747400,56.43930520626902,7284.258871316516,8376.405628937786,9412.626211159366,7486.225260150225,7205.252537428071,-32.31050007927936,1.6717453455289242,0
2023-12-05,8022.373228690637,8037.810217696629,7925.550298455057,8037.810217696629,94363900,31.947846264812434,8782.502254806235,8066.093026607005,8365.033199596732,6329.562083916118,7524.905761729894,-63.291911262200216,41.51713978861384,0
2023-12-06,7193.707378497405,8037.8115345348015,7903.099609375,7948.0035844282675,81852800,36.67614008680447,7889.930829664086,7897.965397492506,8229.507836569719,7319.415092423757,7179.106974344593,-32.77246971613259,-52.35762152934408,1
2023-12-07,9256.67114636514,7925.55029296875,7835.74235763766,7858.194341470432,91322500,47.52059522565485,7570.004699154465,8101.232827835304,8484.361716931586,6989.375708641086,7073.798830386961,54.230437654874706,24.591325220359785,0
2023-12-08,8123.790519131571,7948.002765066964,7858.19482421875,7903.098794642857,43891600,52.471144161294404,6892.568187645396,7700.344362239414,7384.408902541247,7237.413666518077,7522.539316258118,21.913188629359603,-83.34088847374164,1
2023-12-11,8725.685203211304,7880.646809430804,7790.838868582589,7790.838868582589,78642800,52.21181215174651,6450.213817246235,7927.493210860818,8047.187994432313,7602.194904246222,8017.152274115726,-72.83496661847184,12.362378714436652,0
2023-12-12,6790.29715936308,7858.194495891703,7813.29052734375,7813.29052734375,87589300,43.57246389340454,8497.725349935885,6887.510570688004,8342.399380430697,6735.315505678571,7972.0243471158,-42.89201336029811,-45.11737195720846,0
2023-12-13,6776.412672792239,7858.194822811599,7790.8388671875,7813.290852395533,51560500,35.146253391293456,7669.303415309779,9148.635135353117,7533.0532156332865,7990.807107237975,7380.223817413849,23.129113250511722,47.792872178599666,1
2023-12-14,7616.134619055221,8127.61767578125,7858.193885423861,7880.645867953643,115332800,57.0870215616853,7289.3401331326295,7372.510782647125,8486.797264838653,8726.408913436566,7531.250538851706,-68.89438495806093,16.1261124210554,0
2023-12-15,7315.588417217579,8284.7822265625,8150.070320439533,8194.974289147189,275013500,61.760632359477725,7291.792241893449,8388.364211721866,7759.187641379127,8044.543696006319,7051.406138277496,46.49486774847224,21.653298396150205,1
2023-12-18,8053.49631027378,8284.782062032948,8217.426110309103,8262.330078125,111712200,64.93433698804009,7419.210934730376,7052.110372524144,7448.962541900407,8541.657645347645,8608.242419442928,-8.61270553631244,-10.079149354920844,1
2023-12-19,8335.147206422726,8307.2333984375,8194.973487647805,8194.973487647805,65174500,54.9767666699186,7329.391593160572,7516.826669261918,7790.636509763555,7417.387765980665,8105.898317241248,92.05305207303445,-35.04693347674725,0
2023-12-20,8328.522871857673,8352.138671875,8284.78271484375,8307.234700520834,72938100,57.0826797627705,7988.456912274298,6478.527394086037,7277.631945998481,8159.6272774854,8469.338803854018,118.08343085475113,81.1361916384267,0
2023-12-21,7294.305633237324,8374.5888671875,8307.232924555965,8352.136886310322,88116700,74.21448603900224,7781.999086774336,7692.874238506791,8049.696726887624,8276.377535887274,8654.197802139357,103.91390242220498,-16.05459063937105,1
2023-12-22,8960.338459443294,8397.040848064678,8329.684905433143,8329.684905433143,64449600,69.55189111599493,7798.319467980612,8968.713273722777,9033.214867194522,8006.058643985012,8374.21351775694,90.59940527226321,67.26253423455834,0
2023-12-27,6963.767970158776,8441.945145833333,8374.589200520833,8419.4931640625,64464700,77.3958202640165,8193.46745918386,8264.816193465591,6903.9115346483195,7840.543184127236,7118.716940889389,127.33546673838156,72.37664510484068,1
2023-12-28,8954.451757588437,8464.398273873836,8374.59033462849,8374.59033462849,70184600,80.11179488104739,8064.630375908466,8738.347464137989,7923.533599833943,7463.32390635572,9038.122337793777,68.2273624768157,131.5587971397224,0
2023-12-29,7968.2671455061,8486.850258685174,8397.042319439828,8464.398273873836,79903400,95.05212054658718,8292.136066309246,7677.463356034663,8885.234512355586,7768.255283964881,8048.970073407651,108.30721646563661,100.09772409567499,1
2024-01-02,8985.727805860088,8464.3974609375,8397.04151297248,8441.945478282492,30545200,73.35210662650469,8676.182137363818,8005.620053017548,8491.87274172559,7630.410458903791,6906.674638037556,241.94628839417862,115.05801773091548,0
2024-01-03,8483.755524571057,8464.397943996491,8374.590008251169,8464.397943996491,34603300,83.40582955038929,8571.25297135742,9194.929243288054,8910.27387039036,8453.174989875884,8039.967868555029,106.59085736979932,166.1808084946029,0
2024-01-04,8077.484307531884,8509.302734375,8419.494789948878,8441.946776055409,56501800,73.12500817228647,7212.166978068104,7746.7350092862835,10234.057844092196,8494.753940077895,8005.646848184145,148.5147374059078,133.43956097652634,0
2024-01-05,7915.729050011264,8621.56233681462,8509.302410554013,8531.754395806136,85290100,90.50222652351574,8778.10500649909,9465.42502717528,8484.501036103149,8574.166094627517,7914.819207689961,173.58877922330282,72.13745590817223,1
2024-01-08,7918.850181714129,8644.014322066743,8509.302410554013,8621.56233681462,50896000,73.70693063642435,6655.083404698135,9156.555838010696,9055.722652121276,8663.29295170283,8251.626656686998,147.9898317876659,175.65879417999304,0
2024-01-09,7710.380351465645,8644.0146484375,8599.110676237824,8621.562662337663,59848600,89.6100183994999,8992.494422007056,8068.945690453906,9453.676845768694,8767.99474831931,7897.194387652761,177.02572039739394,60.25794933617199,0
2024-01-10,7699.803589013971,8666.467129213022,8576.6591796875,8666.467129213022,52774900,83.1457091673071,9271.386451122784,9572.574625610872,8622.477022449853,8273.521106432487,7037.461251866438,192.08774974869638,118.53683325728531,1
2024-01-11,8377.008008105217,8666.466307318864,8599.1103515625,8644.014322066743,39381500,88.57442405236932,8068.823938832297,8460.46624188596,7973.353037314089,8031.312642767512,7575.9155396060705,169.53983011333898,127.4787177809372,1
2024-01-12,8993.94955074842,8711.3701171875,8621.56217783505,8666.466147511275,68253400,57.94244443625689,7238.5376363265,9304.290923828927,8611.484506594508,8345.129895917871,8693.737600259778,150.28757428880832,228.96299306870512,1
2024-01-15,9022.851053448823,8756.274250883676,8666.466309848973,8756.274250883676,88399500,87.85700666275407,9320.434708860172,8289.596773777084,7566.988216088285,8448.693335626469,9661.153191871197,138.90216845872834,173.9693065330494,0
2024-01-16,8145.727836518946,8756.274086863725,8688.918132349389,8711.3701171875,44869200,56.906319550332,7970.120093152262,8387.803233009734,9095.310784015443,8834.9620756784,7615.43713326798,232.96487521080198,66.53081627401167,1
2024-01-17,8719.836627471892,8756.2744140625,8666.466471354166,8756.2744140625,107706100,85.29782115573894,9200.607865984712,9519.021122123353,8282.093963216768,7690.664392786923,8369.51429892497,172.11545198957077,156.74896152914707,1
2024-01-18,9279.841885687558,8756.274906128876,8644.014971434915,8688.9189453125,71048900,80.33591299004715,7407.422292408278,10151.550853367764,9479.138238535072,7154.52870749627,7511.28308147388,202.42186411343857,141.13304000848336,0
2024-01-19,7873.014181008424,8778.726565036526,8621.562662337663,8778.726565036526,63176500,64.78042183650686,8404.879260823229,7877.548882325505,9219.299539961099,7756.303450510987,7582.549604767328,120.54882219104238,163.20817711669488,1
2024-01-22,8740.342392814022,8666.466634537337,8554.20670403815,8621.562662337663,52868300,48.56179751707514,9254.80018579051,9573.331653318139,9573.330246534035,8268.157005521283,8493.372808311049,159.62204280952398,119.48408571907845,0
2024-01-23,7630.160179372714,8621.5625,8486.8505859375,8486.8505859375,92348600,86.25296269754573,8758.502810002312,9674.369187771006,9806.242661814464,9266.509709300844,8198.075688069246,45.71493439663658,180.73233810451046,1
2024-01-24,8456.56355207936,8621.562992125984,8509.303057332678,8621.562992125984,84906000,65.18880461225265,8229.32123378586,8489.104521570029,9569.331273206162,7453.516069978011,9719.308728124202,98.87805961615415,116.03714792534021,1
2024-01-25,9238.935003135992,8599.109858141446,8486.849938322368,8486.849938322368,63212700,36.34441818274183,8954.012268988456,8363.534881733369,8839.829048273026,8697.355400447617,6857.807542967909,207.99250736920612,108.24781647598427,0
2024-01-26,7968.328780658033,8486.84992793282,8352.13802431484,8441.94596006016,78977300,39.66189578768346,6835.4884744638775,7583.069966820078,8647.533158818946,8604.228878448637,9582.827580595851,36.35720655528598,175.81559111404562,0
2024-01-29,7870.6446500366,8576.6591796875,8419.495268017834,8441.947255399215,73452800,38.264124944789636,9548.964738923678,7827.302173922571,7904.714765624323,8798.584805658236,8955.880703828221,76.90129849132458,150.20081839850593,1
2024-01-30,8861.261325058576,8666.4658203125,8509.301932379372,8531.753916369818,73136400,57.655702696188094,9142.814996611354,8645.284142203902,8577.006687285535,8959.511305532198,8631.50800296531,66.22438484895358,128.62240367321454,1
2024-01-31,9523.176909428827,8711.371103975785,8576.6591796875,8711.371103975785,102581200,44.47922459273431,7912.808346231222,9050.034413995754,8883.769895385127,8270.815781399599,8518.00526545759,42.15502142066856,138.0110667576236,0
2024-02-01,8104.616260852083,8733.822102025611,8599.110192996939,8666.466147511275,104208700,62.2638392193643,8692.293048405616,8609.803308767363,8309.377793605783,8627.830413789843,9875.479235823215,82.61366790805971,45.85393256290054,1
2024-02-02,8314.997789424995,8801.178056539948,8644.014162673164,8778.726071701836,99324000,41.23109652037226,6870.0919230310465,8805.352482419717,9784.565713593262,8789.553078871726,8647.469192225111,-14.087162155838953,111.25906994339917,0
2024-02-05,7913.036273772351,8688.918292570985,8554.206381058257,8688.918292570985,57983300,42.65899966083518,9076.868787937332,8631.664435201046,9772.796544881727,8345.7019843881,7812.491017810795,50.776915064883184,102.87025763528507,1
2024-02-06,8062.356100592622,8756.274578936687,8644.0146484375,8756.274578936687,87651000,52.63491982078298,8568.044851328314,9595.37823071879,9350.851982054086,7952.974940227495,7731.304086021285,-71.93694640029364,90.17116906078716,1
2024-02-07,8397.796438396836,8733.822102025611,8666.466147511275,8711.3701171875,92953500,50.96071939366999,9133.588141818715,7935.000602595972,7912.165579927028,10494.678147255798,8120.454893637887,-13.121278387122786,80.66867215995273,1
2024-02-12,9571.21084143941,8801.177734375,8711.369798309948,8756.273766342474,87949400,55.84302262689554,8688.981767144705,9985.148729354663,8998.218066100666,9726.93847013947,7968.519298413282,76.49755992482707,80.2902357419106,0
2024-02-13,9373.695517143717,8801.178221401029,8711.370280366324,8756.274250883676,66072400,66.27603673599849,8253.258716710725,8243.323885953518,8145.620183781652,8577.935128949344,9292.04310315763,19.719627093825693,133.98630818594643,0
2024-02-15,8977.47801568341,8958.34195550444,8846.08203125,8935.889970653552,164748900,67.72005772501447,8193.632575886546,9171.376042464362,8622.529825312642,7820.419144878937,8391.39350730357,56.760099709265546,144.94242312093894,0
2024-02-16,8042.517279031576,8980.794597989949,8868.534665515075,8958.342611494974,142277200,50.47011038834802,7804.326951977067,9320.848229074725,8733.475814768459,10060.238879342845,8835.15686580671,157.07111111513439,87.5966347789592,1
2024-02-19,10245.116740547172,8958.342120747628,8823.630209157436,8890.986164952532,53341300,64.43967668287644,8694.50670774053,8854.937654856678,7892.480879600533,8719.043324184137,8708.495409662111,133.90142850074025,142.38907396827676,0
2024-02-20,9343.500322809577,9003.2470703125,8846.083156366894,8846.083156366894,63997700,65.81936277400885,6993.21161781819,10095.859772799244,8432.200371472503,9460.930350943932,8225.323433932715,87.36077718945396,-11.718450648955681,0
2024-02-21,8595.585762376937,8980.794760338345,8846.082838933271,8935.890786536653,75371600,51.52503919640654,8483.188293893178,8471.669524510595,8441.245904615926,7611.405759101249,8004.063223104844,204.38222370294324,28.11703508219132,1
2024-02-22,9871.389717077896,8958.342120747628,8868.5341796875,8958.342120747628,66913000,46.62238977740735,8630.623859166271,8419.147127082979,8648.575911432146,8153.847097840137,8978.439488793607,94.25874021672857,-1.2395432252939997,0
2024-02-23,8316.859858783699,8913.438807053117,8801.178872455472,8890.986820133588,55192300,65.05891487012843,8654.36924998829,9502.667168953752,9206.583097816014,8286.352420126352,8743.879206051497,58.852551198714714,68.84606630202953,1
2024-02-26,9591.755265780388,8868.533686423789,8733.821782326211,8756.273766342474,41356000,60.04331541566764,8594.927312410775,8613.566156692887,9106.44032361269,8896.797788051237,8955.147888455624,66.9180805504329,83.62070065528138,0
2024-02-27,8831.408126198698,8890.986164952532,8756.274253362342,8756.274253362342,43735800,56.13213124350103,9075.62764205186,8466.35598746951,7807.896855080469,9554.075220069015,8734.476461127022,110.35291425887868,32.49528679491219,0
2024-02-28,8541.040234255788,8980.79296875,8890.9850390625,8958.340986328125,54043100,63.092778575202026,9457.32123200412,7952.179442868723,7362.639450875899,8540.007789617179,10706.089109583474,115.88648515343351,68.17381835170113,1
2024-02-29,8746.877183349001,8980.794106012658,8846.082194422468,8980.794106012658,126671200,55.995113736540034,9036.251968273433,10019.565649697739,8819.131242120595,9869.738199061494,9766.549612360046,125.72021088839317,128.19762188927896,1
2024-03-01,9768.152249562305,8913.438807053117,8801.178872455472,8890.986820133588,51520600,47.64773171769355,8062.401977994495,8544.633849496762,9042.129087786407,8660.553987469486,8148.037098894763,-12.69782205562349,119.87853621283857,0
2024-03-04,9370.353398292622,8823.63037109375,8756.2744140625,8801.178385416666,43822900,65.59525835905505,7866.888618472515,8511.754038870817,8872.466168627416,8039.864960843678,7224.558580176561,57.89434996952685,7.3862521510987165,0
2024-03-05,9027.521323294744,8890.985670440052,8778.725750358737,8890.985670440052,61952900,62.507513011992984,8382.849538660255,8721.386626647858,7762.246156712581,8559.340352134543,9657.691750777065,2.0590250480552825,165.26142089400372,0
2024-03-06,8512.70843060913,8980.794597989949,8778.726719535176,8890.98665201005,70242200,59.65480455227295,9335.785410515091,8143.343058525985,8504.7635409649,9409.445522500706,8885.302174277089,111.30597782407858,137.60954934443038,1
2024-03-07,8999.885798348469,9137.9576798804,8980.793788580248,9025.697757523149,118369300,64.59587817956489,9085.738469982603,9027.164755606937,9438.49663101164,8051.595492003056,7489.604086756253,45.376437438694595,135.30155581756762,1
2024-03-08,9473.21943229027,9250.217768626848,9093.053874499692,9205.313798876232,100947200,60.568242230492515,9220.920451067537,7722.535286949528,9732.574450397808,9491.283258449062,9035.152048518035,78.10782312449527,88.49155552462489,0
2024-03-13,9327.259064252106,9340.0246875,8980.79296875,9340.0246875,141622600,41.86327141456928,7775.9396160798715,11039.971598531363,7607.1808617091365,8461.19457243836,9324.17789479559,-10.252716848615592,86.89399359783366,1
2024-03-14,10433.825384178886,9272.669921875,9003.246098479116,9025.698083762109,110681100,69.57552709505214,8427.833548606808,8786.35653642108,9163.14419953671,7716.33451734156,8757.027260348368,105.3033388122038,73.23130055091262,0
2024-03-15,9745.583490873776,9250.217768626848,9025.697919873768,9160.409829125616,154176800,65.07079254800519,8777.822944394542,8457.837587008775,7728.686044727292,8624.874056989804,9828.842152579753,59.79645575877295,146.5654521485153,0
2024-03-18,9085.863229361934,9227.76578375154,9115.505859375,9137.957844250308,62444100,57.269858036284994,8948.399121899074,9248.427883216396,9252.570151118509,9186.137047067688,9844.505111421971,38.749351792946,96.08938979592143,0
2024-03-19,8699.921402496593,9205.31396364404,9115.50602253532,9115.50602253532,55004800,63.84986065857405,9111.622377692614,9427.743475086547,8771.14107660795,10349.978520799828,8831.830707850015,147.4884231184107,85.45059495309033,0
2024-03-20,8339.4154005603,9115.50569540895,9048.1497419946,9070.60172646605,66269700,66.29412548997048,8976.308864741184,8929.194762431147,8591.701815186221,9656.176616643268,9270.796619007328,127.5227574745998,127.23211560728716,1
2024-03-21,8433.558143244014,9182.861648823302,9025.697757523149,9137.9576798804,90279400,58.47242216689762,8260.73334637937,8734.338365860005,9427.23904704299,9459.665240286986,8465.940923802349,125.13610829445301,90.1722179719705,1
2024-03-22,9971.985885527369,9093.054525545327,8935.890620165532,8980.794593131188,91968200,48.139084105579826,9567.121231216639,9449.875925773866,8700.13278231963,6855.1611549394,7474.448778998916,74.62227556592057,91.53688315205537,1
2024-03-25,10074.986235390163,9256.6533203125,9118.83714184631,9256.6533203125,66971000,66.59508463484129,9080.631766143544,8493.99089488195,8958.28981622312,7916.273296324081,7266.841139004836,158.30553043280884,160.45998312749617,0
2024-03-26,9288.944549224852,9233.6845703125,9141.807111901431,9233.6845703125,65742700,81.79689014212983,9105.567605076265,9141.170342390256,8991.215070912922,9016.614524668894,8688.860536255808,134.98272267453916,240.77704200465985,0
2024-03-27,8865.381957903042,9256.6533203125,9187.745231079403,9210.714594157103,39514100,58.467783202636774,8672.322401254192,10459.461723282135,10130.09525496898,9670.695391413366,7895.955836542207,166.43115828157474,161.99333001660636,0
2024-03-28,8810.37207152311,9279.622683390198,9164.775868001709,9210.714594157103,79229700,60.122871492546736,8141.761955817652,10310.01937573402,10131.449392308437,8784.904951170061,8741.76511030595,88.26221744467128,95.8468411474896,1
2024-04-01,9293.979608862097,9279.624335739214,9026.96129689483,9256.654968571542,79248700,53.11807382698956,8413.761415510133,8371.501652962701,9111.616202639096,9570.676034450877,8233.320321942276,179.35688603558657,44.72555706944833,0
2024-04-02,8774.642103271559,9141.805910669193,9003.989741161617,9118.836549084595,76763100,42.44099457739861,8361.728595734457,9463.180001521774,9629.503581216728,9931.256965819508,7145.194938600959,87.69947181281924,81.39380763265387,0
2024-04-03,8736.838652352806,9003.990136975066,8751.3271484375,8958.051411786417,177418400,39.368134904415754,8985.064835968868,8659.567855671816,9337.896307848021,10234.035924368676,7898.971334077363,27.562378890535445,164.742171584473,1
2024-04-04,9828.34436329193,9049.9306640625,8797.267625218115,8797.267625218115,75993500,62.85893258863132,9782.341269467426,10268.58845630514,7532.619090002523,9940.319587268701,8574.781789321445,27.568069031728964,121.28890808705262,0
2024-04-05,9247.254553517982,9141.806779778944,9026.9599609375,9141.806779778944,70428600,49.589556714530204,8418.018763411086,9148.858128477825,10085.69391043905,9349.529166790893,9120.04979275532,55.218234934574184,84.84012850289463,0
2024-04-16,9244.858649317475,8797.267111745547,8498.665355994393,8590.54281930244,283265900,24.056584827935268,8429.432259805279,8694.69252098527,9931.124541887364,9085.894217257362,8290.437272099098,56.76053549869418,55.5979137663712,0
2024-04-17,9002.706809182682,8889.143324003446,8751.3271484375,8774.296511031824,95620700,41.14671244794846,9125.862580519839,8061.149050458013,7939.279060649568,9349.434989776682,8796.495523981863,35.09949547693781,118.96900075283325,1
2024-04-18,9185.44354486732,8797.267111745547,8682.420282610488,8751.328380091523,127134000,36.760382306034096,8408.053918977505,8463.973442360188,9605.382588094888,8361.589411867015,9564.19906159562,-34.16500178900696,44.43446273726687,0
2024-04-19,9046.712119289868,8728.359014264512,8544.604087648417,8590.54281930244,147784300,37.34469609407123,7735.192017148085,9089.22878073479,9336.37572254172,10622.662703681159,9294.521049219935,-83.77175497566634,-56.23096808297906,0
2024-04-22,7818.806838156543,8659.450083033924,8590.5419921875,8636.48071941845,128908000,29.732078854616823,8401.508608188105,8633.803667308612,8078.3645830983005,8513.595428494362,8819.26700444416,-130.29179421875284,73.25967853828209,1
2024-04-23,9094.828230765825,8981.020756346401,8636.480318123393,8636.480318123393,178833000,53.575093619723546,10779.367345974517,9717.717532673232,8847.929914761422,8486.513555931413,9302.219414849968,-125.39582880791025,15.421985868867592,1
2024-04-24,9559.679006570432,9141.8076171875,8958.052690208857,9026.960787825848,132832700,52.72531741485895,8986.635505016551,8556.795385169216,8539.824093239371,9152.3701278976,8648.427583339608,-41.42656467493035,-85.07930900320834,1
2024-04-25,9676.208814314674,9187.746763107418,8912.114360214195,9187.746763107418,104874100,46.06818680644572,8612.728079247065,9473.922980737552,8198.437386937707,7335.315424701161,7245.1435474264,10.501566565796235,-78.5975094873576,1
2024-04-26,10454.915743445808,9026.959988839286,8843.205078125,8912.113169642857,100932900,38.04865750976945,8904.531537837627,8431.686542870093,8826.629179316787,9144.81678430012,10664.458769807788,66.10244106809161,-85.35487138260115,0
2024-04-29,9714.580935884676,9049.928960060586,8751.327243104273,8751.327243104273,90063500,43.222201065194504,8656.018152188644,8111.871726350064,9587.711902985422,8237.617380679021,9954.532985777332,-59.702901967923516,19.90202108503311,0
2024-04-30,8637.765458654892,9233.683862802933,9003.990234375,9233.683862802933,109623000,38.4819310829254,9218.576284242094,9813.418606074962,7757.048736902686,7513.104138476139,9480.602998965824,50.33480289043818,1.6982645667412353,1
2024-05-02,9190.230779672782,9095.867964659688,8728.35814790576,9095.867964659688,97079400,46.64870583223413,8507.387758241683,8414.212361135555,7145.2611169102165,9361.18073649608,10252.91633928151,-58.20086265174423,-12.977432072953574,1
2024-05-03,9529.752834948325,9049.9306640625,8889.145093888801,8958.053195391814,81200400,56.00962306843275,8184.539686137614,8449.332294479233,8452.296552069512,10146.016051590344,9479.435930492156,-12.05928331210887,29.147797000786653,0
2024-05-06,8983.87642075132,9072.89832290338,8981.020871532206,9049.928960060586,53076200,43.93520045086321,10195.166186923669,10997.76072388167,9230.695954732984,9098.186018302893,9652.944321829518,-23.118077187655274,-15.327012206855477,1
2024-05-07,9847.796711942561,8958.052009503866,8843.2051888692,8912.11328125,66746800,40.05239251889461,8785.175904662983,8877.830773209573,8534.74677405988,7816.7319043773,8203.128446191979,-41.92253652119509,-29.292981564455296,0
2024-05-08,8466.50929396478,8912.112447916666,8613.5107421875,8820.235,112808900,40.05314555244635,8311.26679699243,9812.369725441378,10530.81250468241,8982.66392284759,10362.077578212033,3.1211655464580836,-25.102396021831552,1
2024-05-13,10598.206237534478,8751.3271484375,8452.725434711287,8452.725434711287,145469900,42.189724673815455,8679.490145055992,8631.383330766666,9271.578961894647,8875.770221883984,9528.134522630728,0.14147666523018643,-134.5971202884717,0
2024-05-14,8498.660499568636,8889.143692735603,8751.32751145288,8843.204965641362,95363500,51.80311204936531,10209.426636580409,8826.093547439468,9530.978161790978,10840.420293985231,8689.430053311353,-9.718313950734867,-5.114104411525258,1
2024-05-15,9231.141053997322,8820.236842105263,8659.451274671052,8728.359375,54741900,54.66406989753366,8089.035000435317,9298.251352904836,7963.068682620659,9210.275057830337,8058.62652526555,-58.38391620323259,-57.1640919593193,0
2024-05-16,8586.841259704368,8889.144424438477,8751.328231811523,8797.266962687174,61126000,60.42697892629287,8330.826184707397,7845.921477022946,9734.831108434757,9356.413770580872,8373.376169469751,-110.91693889152927,70.93850329967019,1
2024-05-17,8948.812173962398,9049.92921173878,8797.266213441506,8820.235576923076,99848500,58.29563516558666,8644.456468495886,8154.959920998912,7863.846792395528,9332.692181397575,8377.5726102315,18.00167595336388,17.68036798528096,0
2024-05-20,8771.872214373789,9003.991404188655,8705.3896484375,8912.113940880607,87890100,49.71055160030477,7802.390947311555,8718.12683900507,10008.52962358549,9578.579709331188,9807.07305568519,41.56686305975889,-10.586803811009965,0
2024-05-21,7311.535038372622,8797.265638020834,8613.5107421875,8682.418828125,75311400,48.58247869609705,8577.12911196022,9202.080079631627,9769.612298085853,9503.798146347328,8595.326372536272,-150.8685617808199,89.83135486509065,1
2024-05-22,7468.560116446022,8797.266378792276,8567.572739659317,8705.388923139091,121712700,39.10354880172472,9791.150628349475,7530.917223401638,8153.815799034309,9139.145122056012,8856.42678821628,-132.796858843535,-0.3902084666702592,1
2024-05-27,7798.033272371371,8613.511608492943,8521.634151335686,8544.603515625,128578500,18.5075023794638,9779.786125884071,9055.852172312083,9284.854535322864,9054.540703676257,9184.263563537339,-7.78650042240649,-54.69292240731545,0
2024-05-28,7547.897825533212,8636.480972782258,8544.603515625,8544.603515625,73945700,42.40552314570057,9855.093460169248,9035.255826307315,8364.359079234215,8790.531016384144,9917.905300369892,-147.25714597406062,-59.2526132180214,1
2024-05-29,8352.338230735053,8567.57265518272,8406.787109375,8521.633927809085,117351600,26.482477718523043,8453.452090910761,8863.540463734491,8684.322171747539,11044.98377498003,8213.812106164738,-148.1764889770268,-101.06963435263694,1
2024-05-30,9367.933412873763,8498.664333767361,8062.246435546876,8268.970703125,207115100,34.36266513520452,9575.356852410912,7223.320241532834,7226.564686859843,9134.39264066234,9376.046630275147,-166.38852164127945,-51.93106430841735,0
2024-05-31,8802.536672912587,8498.6650390625,8291.940754328547,8360.848849239865,756431600,48.198412457577874,9143.709296294212,8246.862978580972,6722.5964756618705,7682.670030265577,8533.601064715447,-163.59605328277328,-117.67951382919254,1
2024-06-03,8877.71131316124,8590.54187900101,8475.695062436826,8590.54187900101,72197700,40.885992752523414,7632.10152269854,8423.822318139912,8434.805274856537,7887.280199320956,9243.773410896205,-105.7583299172948,-146.54128334497494,0
2024-06-04,7455.168342328854,8751.327537495823,8590.5419921875,8751.327537495823,75353100,51.39447385606587,8633.37036588716,8891.842370405699,8204.151249210947,10283.48288442915,9164.747896493884,-161.1727895603099,-155.02710863205988,1
2024-06-05,8379.308494797344,8728.357669890873,8544.60277157738,8728.357669890873,82087300,41.10848497072518,10299.032860950327,8682.400398131169,8542.60619248604,8177.096674319352,9160.238742330388,-83.65226145745494,-67.00584653647472,1
2024-06-06,10307.212553068848,8751.328380091523,8682.420282610488,8751.328380091523,44991300,45.67296465773448,7467.634241893311,7947.653152845104,8133.205884210631,9447.882100731013,8607.052944362586,-146.33352414306273,-147.21715807716652,0
2024-06-07,9146.1261532339,8728.358799011394,8567.5732421875,8728.358799011394,51599800,40.601227771487615,9087.658055273068,8167.208601372595,7653.791590768638,8672.970794029423,8323.667739973465,-74.2043739488787,-124.92553408957676,0
2024-06-10,9009.978295139092,8751.3271484375,8682.419060654527,8728.357785843176,45584700,48.78111471944683,8547.016728775905,8833.890509378936,8950.963415337788,9741.111164707629,9000.390908414554,-115.91156549508321,-68.32803578143489,1
2024-06-11,9364.041154210012,8774.297158518146,8544.603515625,8774.297158518146,68690900,41.45650354679563,7732.294101271355,9221.573924613864,8511.626564436972,9024.231271644576,9610.324930328321,-116.91777671753806,-47.71372047045686,0
2024-06-12,8865.624483607753,8567.573133973818,8498.6650390625,8544.603769003379,49785700,35.62095460609736,9494.448310147576,8191.507429772443,8020.342016518774,9623.06678628373,9320.898150097903,-21.017880146185057,-67.33922488323017,1
2024-06-13,8991.700919823763,8705.388578995415,8452.7255859375,8705.388578995415,84652200,45.1510256381786,9138.957657070061,7690.811970665243,9084.09567873683,9447.728488319352,9762.280228602982,-71.9180332005029,-121.2587137104228,0
2024-06-14,7487.158622262165,8498.66431194803,8360.84813391644,8452.7255859375,52986300,37.47794729934706,8754.416175944507,8911.780850642286,9275.711697514183,8326.287883881385,8128.323441819068,10.326106636894792,-15.064194334113523,1
2024-06-19,7606.833392743528,8498.66507683011,8314.91015625,8498.66507683011,100051000,47.57419377195524,7592.770301458667,8692.479802485632,7720.7273603338335,8249.282034450622,8019.105209144659,-86.50427026466414,-38.566938315160684,1
2024-06-20,8452.861111286664,8659.4501953125,8360.848464439656,8406.787192266247,81474800,58.982455688437376,7755.608260196797,8642.252082892155,8594.21858480805,8618.919885302977,8058.517599911573,-127.8508192550162,-83.45704673326652,0
2024-06-21,8179.768115613284,8889.144424438477,8636.481404622396,8705.389500935873,166841200,57.44486061966204,8391.333588890484,7616.556027906229,8594.729561719174,8755.386014141342,8418.418360934813,15.757910043864435,-27.21704625866564,1
2024-06-24,8439.15731531087,8958.052520751953,8797.266962687174,8820.236328125,79592300,55.28926383493082,8447.108582860474,7746.378040491268,8714.023029512871,8898.23454584291,8993.133566268954,20.133962317736255,-55.175709154380066,0
2024-06-25,7893.076885966957,8820.236328125,8682.420135498047,8820.236328125,80029000,62.68082110505713,8933.04420096926,8286.551456051646,9082.673481705107,9586.040740308279,9315.91096979844,-21.40319199340323,-67.43244727250996,0
2024-06-26,7350.2919652809605,8866.175575657895,8682.420641447368,8751.328741776315,77913200,54.74607451444802,9293.298704728493,9461.498076624046,8600.041667826741,8749.311373556646,8721.01939589311,-83.62380428044172,48.47078662368756,1
2024-06-27,8118.688425070559,8958.0517578125,8774.296849959936,8797.266213441506,89150700,58.82563767698459,8303.000464594666,8062.769123839491,7624.904912943466,9062.66991387201,7274.488258482233,-98.68318753218111,-71.62107771534825,1
2024-06-28,9406.208234444373,9164.776620552582,8981.021700842253,9003.991065806045,166172300,74.14782436897907,9425.006809852137,8627.835260152071,8037.342688358513,7909.184322631172,8184.840192258819,142.45222347656178,-92.40643298854886,0
2024-07-01,8828.048964849822,9095.868779667722,9026.960682852055,9049.93004845728,68634600,60.07789729490389,10190.497591691414,8807.332294937893,9719.074492824591,8734.869983650031,8329.291716761463,75.37587874446963,76.03563372627201,1
2024-07-02,9694.79142573238,9187.744633838383,9049.928464330807,9187.744633838383,78848500,60.793924194593586,9239.130801612575,7619.101521727083,7884.1919162867725,9482.10018929318,8368.001176735735,65.10683022869561,27.52449671037057,0
2024-07-03,9066.229989927768,9187.74609375,9118.837998046874,9164.776728515624,55860200,67.14353673806882,9760.295121362991,9014.79342997859,8284.27770338617,8958.01355876666,9450.755693254096,87.55156169182911,23.341895964230968,0
2024-07-04,7907.881306480449,9187.745507315522,9026.9599609375,9164.776143547231,67054000,75.70860522262944,8484.19323778713,9509.440991908554,9701.934224133427,8914.542129890877,9752.649065322137,63.95776026864359,91.4098075495869,1
2024-07-05,9750.294133859745,9164.77698305983,9072.899519570508,9118.83825131517,36946900,78.08643770738199,8205.082461315631,10186.992825441466,9023.496641122665,9619.568245990878,8367.650170034609,74.6615518484675,24.090050124541293,0
2024-07-08,8457.755150714345,9233.6845703125,9141.807111901431,9187.745841106966,72903600,81.4802339075123,9009.838270343533,9274.445015528223,9474.705641483968,7927.2590708520165,8424.014348746923,96.99892429993206,90.41999087325537,1
2024-07-09,8782.995123158533,9325.561409545597,9256.6533203125,9279.622683390198,61853200,76.53812085867102,8831.161378316565,10063.504666461526,8899.192643214426,8010.4314232051265,9177.464223552553,265.5329043073964,122.32699247566677,0
2024-07-10,8740.314222457499,9394.469866762069,9233.684318920174,9348.53113880724,62325900,76.73829253475695,8362.204576663065,10307.089736176722,8190.989753912577,9874.713502159106,8633.616787189289,91.15018139358756,87.99472370819102,1
2024-07-11,9647.279451149414,9302.592046467898,9187.745231079403,9187.745231079403,55908400,81.25756303966757,8620.002632913891,7998.119941047878,8977.024011487436,8367.093757079085,8902.488958196769,181.82520530413834,142.20959175379235,0
2024-07-12,8423.891380964416,9279.622683390198,9210.714594157103,9233.683957234802,62646500,76.98087721773354,9668.863030077036,9192.82688286508,9933.772878470336,8500.606952025804,7361.623530528419,170.16570673543134,132.63252816053736,0
2024-07-15,8099.639016788461,9256.653934915268,9141.807111901431,9233.6845703125,36682600,76.44105055863427,8533.504505537878,9536.849466542082,8866.922922256701,9220.537557679809,8210.260568163485,135.5106039736773,168.31913719512826,1
2024-07-16,9649.236850259134,9210.715714804492,9141.8076171875,9164.77698305983,37192700,79.14320194958832,8974.19572469752,9099.043910562319,9610.431887952345,9832.49682125724,9044.477290290364,150.33476267978875,128.1555059822582,0
2024-07-17,8998.29329851681,9141.80641143176,9003.990234375,9095.867685746174,90666000,48.09807384634539,9526.377659441448,8926.730519674606,9409.564807458011,8922.02575353612,9016.528484479886,6.363559467640059,128.60921626770286,0
2024-07-18,8898.50618205014,9279.623046875,9003.99067914604,9003.99067914604,65383200,53.82444915282305,8581.929655045682,8992.309307839116,8447.22810541739,9404.411874102183,9241.794833429894,106.63288127642993,148.76936356183893,1
2024-07-19,8914.767145832015,9302.5927734375,9164.776584201389,9233.684678819443,53880300,57.94394931701799,9153.36819738854,8563.257239127754,8494.239492065388,7920.97689910187,8486.026607322896,77.08809578398956,164.72665921781896,1
2024-07-22,10238.643524128558,9325.561774829826,9279.623046875,9302.592410852412,31285300,55.43125552745578,10726.4495469401,8225.204094320186,9974.324150725428,9140.555512811115,8324.364380017054,142.5126260721786,157.61536301924707,0
2024-07-23,10182.69301970784,9371.500614250614,9302.592521498773,9371.500614250614,39321100,43.81016760008475,9543.744812630404,9760.685365044657,9746.17054909507,7730.020024755406,8161.465496711336,87.87760277973945,32.01710250488213,1
2024-07-24,10586.866993108972,9348.530772623297,9256.6533203125,9302.592046467898,24658000,69.93388080888272,10174.276272492596,10559.70454065509,8215.611378975189,8371.715928242735,8687.534731949398,157.32303047272163,114.55262736725996,0
2024-07-25,9055.376867350873,9463.37890625,9371.501441140776,9394.470807418082,98088100,74.25024925567756,8495.02006962459,8768.724320418538,9246.305042743352,9456.59672503714,8776.466720725974,117.71233420618408,134.5665564774257,1
2024-07-26,9929.80076950857,9555.255750605327,9463.378291464893,9532.286385820218,75565800,51.42195664607644,8907.123263684767,9458.016180455223,9226.950810098893,10678.773661821553,9363.542975994389,65.32219363750814,89.42720309828641,0
2024-07-29,9670.402207354442,9578.22500476372,9348.531359565548,9555.255640243902,69092500,63.03614405151749,10100.85982592583,9765.437900354278,8172.521684317684,8187.442141461108,9060.584837929206,150.7250187041419,111.68892245380376,0
2024-07-30,9407.639142653572,9463.378071253072,9348.53125,9463.378071253072,32122900,60.43641845744705,10101.307166143559,8950.254544104133,10563.361046332811,9146.954315338287,9092.279639043341,80.09864412342188,135.46606106486445,1
2024-07-31,10136.758309848565,9509.316292198906,9394.46947707573,9509.316292198906,82519900,54.83801590256729,9336.935017016887,8762.274016080219,8643.933356064827,8198.170166325395,9441.24206334367,82.02930888490064,71.36380893288266,0
2024-08-01,9050.912012318853,9532.2861328125,9371.500583584337,9371.500583584337,61176200,72.64080484691321,11462.456567967134,9981.094190395619,9798.916702888713,8506.117307119475,9560.822242856744,120.53978012198418,175.25939617174737,1
2024-08-02,10175.656699498677,9509.317167394302,9371.5009765625,9440.409071978402,55699900,49.249507994173285,10343.881681597386,8457.21698038113,10531.799046660035,7802.857654742353,9469.008522583117,44.22920373456911,72.2319096461854,0
2024-08-05,9006.421667314855,9325.562435719938,9072.8994140625,9187.746242088608,126328300,55.24211200183541,9483.307323547984,10058.360468260582,7436.120644696737,8634.798078278776,9298.385894095549,-49.155842448335704,166.6704047850959,1
2024-08-06,9578.833710902767,9256.654189453126,9141.80736328125,9256.654189453126,78473900,48.4209577900326,9848.642988662625,9561.597871325734,10232.817819866486,9635.649914732146,9896.681208138602,146.32760739638806,115.11003405260301,0
2024-08-07,8617.891678310822,9279.623046875,9187.745590965344,9187.745590965344,52327400,56.02402631619241,8269.84128691117,9900.253717914904,10258.723027099191,8843.901292827693,10025.646926061969,23.11236311413832,126.739483765209,1
2024-08-08,8886.803947031669,9394.470703125,9256.654506991135,9325.562605058069,54162100,61.313916445408694,9262.52464274122,10394.824504565158,9670.726676876231,9897.633396044304,9303.088230167932,14.159411191612811,111.36158136186349,1
2024-08-09,9377.703935237741,9417.439963054188,9279.623768472906,9394.47059729064,47062400,59.84146229064764,9694.396230040951,9706.716105846252,9121.809483329078,9353.670093941071,8443.155057611228,69.32742493252692,106.30166631679461,0
2024-08-12,7830.786150338028,9371.5009765625,9256.654150869332,9279.623516007969,40364100,42.087804904007285,10208.748640355003,8587.056911842548,11001.460154044757,10375.835553504166,8591.937869924719,149.49679477736055,106.34534310535128,1
2024-08-13,8852.488622070276,9463.37890625,9348.532074863471,9417.440173695388,55207100,55.96264394818726,10246.1391040881,10606.263454762617,9614.727618318992,8317.284077774102,8457.545505183829,131.7976293764259,69.94957148577961,1
2024-08-14,9127.574956061502,9463.378437117037,9371.5009765625,9463.378437117037,47999100,45.474282240035464,9000.803245633493,9308.156964828919,8057.133830121546,8818.07353825585,9331.11959159892,46.81791785756244,58.57806341961256,1
2024-08-15,9548.225114385521,9463.378801191931,9348.53197108038,9371.501337102687,33396600,39.49911062635655,9189.217939842933,9124.860439079857,9496.74211065248,9051.858469744477,9368.916814755023,129.2638713117487,106.32092824527506,0
2024-08-16,9074.11138238357,9486.34765625,9417.439561894673,9463.378291464893,40731400,60.339815894682346,7464.191226680527,8253.789165455673,9376.211557189012,8846.83328713489,9231.17012781623,40.736648104485376,80.58026382316217,1
2024-08-19,10290.481176530531,9578.224861163404,9440.408676110692,9486.347404461596,51054400,52.06114735806232,8707.830693968115,9318.652428795593,9015.74100980995,9224.583070032333,9166.8462055376,47.85889004682994,138.03846601439088,0
2024-08-20,10050.744124331479,9601.193972946645,9463.377791516788,9486.34715508843,60304400,44.26537703964642,9126.687127514211,9391.610327729362,9665.223755326424,9421.758949508456,9377.40998725297,138.69501281386496,94.99742268922029,0
2024-08-21,8705.125798642797,9647.13270008993,9578.224609375,9647.13270008993,84848800,43.52607948139734,9822.707899399724,8893.361303763351,9791.254712652395,10104.402836381181,8293.29881857109,122.52786489816422,97.32477161293154,1
2024-08-22,10564.737387625577,9555.255750605327,9394.470197109564,9509.317021035107,56611600,48.36727370846596,9203.170699154145,8386.90424167952,10261.564413051918,9471.195903266058,8596.857651149317,5.739755574517304,64.25399280158098,0
2024-08-23,8230.714458767354,9532.286385820218,9463.378291464893,9486.34765625,46651600,88.33061679435998,10311.267275060532,10151.580310857371,8899.14988169493,10221.261522009489,8586.115894618444,67.94622215502251,93.93993473886368,1
2024-08-26,10509.935756077075,9532.286385820218,9417.439561894673,9440.408926679782,35145600,54.68569368468723,9589.69048073392,9493.271106240889,10158.75680671868,9021.162541588943,8573.743937793295,77.05025174628065,156.80298475849756,0
2024-08-27,9413.762129486646,9463.378437117037,9348.531611423869,9440.409071978402,60448400,50.43027752753328,10675.355847003515,10961.292443199269,8630.942604500582,9081.65544769367,10880.91569364153,121.64034162740217,61.64228595870531,1
2024-08-28,10102.554497762307,9509.31640625,9417.438953049515,9463.37767964976,38489900,49.095411345464235,10067.495099017791,9569.78785115293,10352.81001356994,9448.698189856326,9116.5317442167,62.86021411698806,86.34489172200125,0
2024-08-29,9572.746869266815,9647.133729370416,9394.470703125,9647.133729370416,53004700,53.328761011533985,10381.945102625223,7769.251034351704,10005.901178093238,9442.34618649414,9219.4215101483,24.259575296731754,74.17735923926169,0
2024-08-30,9210.847129102676,9486.34765625,9371.500832324456,9486.34765625,158403700,54.448815602069445,9776.24961808418,10804.029939609423,9807.981731006053,9318.568844374644,10082.814002295834,68.07452361710347,17.106783159075334,0
2024-09-02,8172.801485051009,9532.28565522354,9371.500114051096,9532.28565522354,72008600,36.545316031282475,10278.111950579758,9737.551718311264,8796.227291771782,8713.36677169981,9114.183087936717,107.6368975458765,139.36329796454476,1
2024-09-03,9230.729875296403,9486.347435503683,9325.561885749385,9486.347435503683,50950200,44.82694021307495,7614.075855236107,9285.000692908305,8506.014348627828,10265.302034646216,9408.520295292528,20.921393925696222,56.91392316052113,0
2024-09-04,8845.632790440714,9463.37890625,9302.59334230886,9325.562708586163,44817000,55.51090185953922,10218.7380960364,9350.602001038174,8914.476661688896,8758.657549410676,9853.638289186607,-41.166311187953724,-11.611394845163098,0
2024-09-05,8070.1306050644225,9509.316911204269,9417.439453125,9509.316911204269,39332900,40.003976897568066,10077.851753525965,9017.034061850956,10424.808590017265,9492.040235933075,8707.768862134268,-17.089029076970036,108.85761425312819,1
2024-09-06,8276.449154900223,9463.37890625,9394.470807418082,9394.470807418082,31541800,35.96798220488475,9900.456971919424,9498.44174506642,9476.279264219465,9045.595171305564,10757.61091896332,28.723856601141875,79.29680842821587,0
2024-09-09,7738.535761263449,9509.316292198906,9371.500114051096,9463.377566149637,36185100,64.88345078689295,8754.078850059865,9426.893143091358,10224.043741391353,9483.683997238984,8440.151162646942,21.624700539261195,-9.20585332758305,1
2024-09-10,8862.898061007789,9509.31640625,9440.408316349638,9509.31640625,55093100,40.53569515171769,9258.965300684684,9211.440466342656,9873.958776890171,8384.309901229912,9079.216654781887,-20.23253731161011,89.34406371504889,1
2024-09-11,9011.68708612108,9578.224609375,9509.316518660073,9578.224609375,64621300,59.88037451475902,9347.306338418073,9014.261465409525,9328.05604238997,9925.938603212124,9273.598226078144,48.68465891741475,20.974685137357017,1
2024-09-12,9445.639723394732,9647.133427804296,9532.286601282816,9601.194697195704,70759100,54.4853946686578,8485.990037104833,9487.818889035327,10596.375749635054,8680.13227189864,10446.120702004257,-23.975215746588603,101.07351134827101,0
2024-09-13,9356.605384754721,9578.224609375,9486.34715508843,9555.255245803355,70057100,55.66900358601811,9327.817459923064,9210.624017192764,10314.108967419652,9873.772060958387,9109.496820700833,77.3356500484399,2.1353181505589163,1
2024-09-17,10457.586339754971,9647.1328125,9509.316629464283,9601.194084821427,89745000,61.883609820509456,8581.467301110313,8499.73623559647,10906.456486808827,9635.893070464708,9428.323007404237,90.03363881964731,27.859908101451328,1
2024-09-18,10526.168187606932,9761.9794921875,9601.193947610294,9647.132674632352,65420200,60.053790555933546,10545.544550053437,8425.230851456763,8851.38431106224,8254.15712383076,8827.12733838929,91.5781548733078,13.58574954040165,1
2024-09-19,10590.635060157601,10014.642578125,9784.94894101204,9830.887668434632,140886600,72.0129830103278,9165.855097565354,9945.63487445777,10543.718943218613,8315.61668269292,9253.637043136914,231.22867439693044,89.19211008438926,0
2024-09-20,10094.814718687925,10014.64370649652,9899.796875,10014.64370649652,142194600,70.94218532217526,9320.621140326406,8725.094996061136,10060.46471354363,8457.789908777895,9003.67777503377,165.82406556759116,92.99887855617567,0
2024-09-23,9977.839364544945,10060.58203125,9853.857742936643,9853.857742936643,72553800,79.77615194737398,9729.687470767576,10490.568078587743,8966.373967469863,9906.653370988297,9808.827522424093,239.86882753324258,179.99015399386803,0
2024-09-24,9478.63221819338,10060.581814236111,9899.796260127316,9899.796260127316,105191100,74.39615688390548,9939.606051671215,10167.308201633043,9697.23962432959,10737.758923343337,9113.614942755024,92.7083169296433,104.37076591202343,1
2024-09-25,9872.446735818443,9968.7041015625,9670.102365801413,9807.9185515373,158369100,67.77544027708436,9356.031995610843,9658.023397385434,9564.27149172622,8329.532225443425,8954.766796652382,158.37849452785437,94.3989520380703,0
2024-09-26,9050.765858130271,9991.67423426548,9807.919305819218,9991.67423426548,84960100,69.22663938663706,9929.291642237788,10287.269410972463,9585.220884731889,8063.520159120418,10471.941284974995,70.90589814564078,91.11522093144306,0
2024-09-27,8297.39254376421,9876.826676203053,9555.255575117371,9647.133032570422,93027400,57.684189965148796,9188.570860099273,9924.253232273444,10568.989767226285,9541.539102833274,10051.061990695945,197.92033682487494,50.13743971228293,1
2024-09-30,10809.100258184593,9693.07193931598,9486.34765625,9624.163844960654,144692100,41.222588496851344,8558.423882072191,10243.381369289014,10998.860784410563,9003.84435229394,10472.613423180444,33.52965856177382,126.47817669253135,0
2024-10-01,9520.003013864773,9693.0712890625,9532.285746352933,9555.255109597156,59797700,68.62848308519068,9299.94658537984,9612.97262936779,9648.664375320435,8522.031045154677,8947.898516406056,-33.614694693514735,73.68141471428018,0
2024-10-02,9207.78438334452,9693.071540178573,9486.347265625,9486.347265625,86746200,49.946627156354566,9944.359034952422,8016.023303729922,9946.508253565786,8981.611867484773,10327.079543778538,28.481153826916206,2.236361436247279,1
2024-10-03,9644.558327025356,9670.102429257626,9555.255607057416,9601.1943359375,60887000,43.612178226474164,9457.128720375782,11947.924537515006,9721.906817155032,9632.549694351183,9543.649658132605,53.949745772428386,112.71106424640347,0
2024-10-04,9391.526775414603,9624.1640625,9509.31723597852,9555.255966587112,58500400,52.05894835031799,7863.047978604398,9104.592539314226,10264.817638420976,9909.552866119207,10114.559162194297,89.59506067220451,23.73919937821517,1
2024-10-07,9774.529525021358,9532.287005081917,9417.440173695388,9509.317638804612,91867900,58.88564813404972,9101.220712213906,9419.728735657389,9505.121595048742,10634.88037055725,11461.561216587757,-49.75566048330124,41.91694320627417,1
2024-10-08,10129.134205777003,9647.1333195613,9325.562208909254,9371.500939002404,99622900,48.79431519061273,8475.32141731699,9929.420444363568,10260.031220533472,9645.062183145612,10806.424995131882,65.84162225154438,126.71137459049785,0
2024-10-09,9950.089541721909,9670.10206366157,9555.255245803355,9555.255245803355,56835200,42.81623456129035,9694.302009141304,8794.406781355676,9095.290194860318,8498.825657174591,8878.749256063857,41.329843638604785,61.01669900123041,1
2024-10-10,10726.00828360447,9647.1328125,9555.255357142858,9578.224720982143,51080000,35.93487643171282,10058.95599836996,8076.963124570912,11378.273717056925,8855.861634441972,9948.203837811217,-5.785085742487283,65.4904530421815,0
2024-10-11,9682.90539703545,9716.041046216114,9532.2861328125,9716.041046216114,44632100,40.368523301656765,9061.811840010356,10028.505975527969,10543.004042310973,9964.240149901303,8094.711415611435,-6.189355116711155,54.60178143699311,0
2024-10-14,8690.55607807869,9647.1328125,9532.28599330357,9532.28599330357,31738600,31.61441054525304,10118.948034766732,10318.217890863205,10404.497750842093,10167.000360600601,9817.31890959883,-76.00552743156663,60.319594502770656,1
2024-10-15,9212.101821522887,9761.9794921875,9601.193947610294,9693.071401654412,66635200,37.5037787458509,8892.896957164341,9295.171117960654,10018.52212636112,10507.314497330852,10047.991164190935,-66.00856561412,69.91335550008027,1
2024-10-16,9935.781810452932,9853.85771554296,9624.1640625,9830.888350238663,63255900,40.629847357482205,9804.886677919148,8654.951660753804,9184.37354196388,10095.640542117495,9071.787752196109,-52.18161081671963,18.264672473870974,1
2024-10-17,10467.614450012905,9922.764532342657,9647.132184222028,9693.0709089088,66993300,54.99136531880027,9313.402241182323,10434.836675644703,8789.743062023348,9830.528436160395,10413.809553691768,102.2840401957741,86.79428310504686,0
2024-10-18,10210.784970563458,9991.672987827034,9853.856808684592,9991.672987827034,56299600,77.01633279177639,9529.055275215202,10243.387421057985,10421.235397148805,8553.738676424411,10763.247850729425,73.85257620879699,-87.07724479994087,0
2024-10-21,9394.270334364093,9968.704501793032,9807.9189453125,9968.704501793032,36472500,58.789202204492454,9302.950392096394,10524.659477988047,9811.7151605307,9434.075118698043,9994.774031522331,113.07500547483974,146.96222106006667,0
2024-10-22,7963.2018842704,9739.010267857142,9624.163448660714,9624.163448660714,94799500,55.99455632582111,10463.304692296779,8517.990226042086,8741.961306942683,9677.872902166637,10197.678504331188,-6.399251388009908,-49.012821230379345,1
2024-10-23,9293.56858879046,9784.94921875,9624.16366820716,9624.16366820716,48903000,53.37454351901079,8822.795317057358,10680.56023072692,9723.236023715894,11232.340586160068,10678.032355913372,31.034981490201055,24.378010525741164,1
2024-10-24,10942.381653273442,9968.704868209696,9830.888671875,9853.858037930782,85341200,43.69644559145595,8719.604065240128,8892.497677031868,9118.346287087754,9303.265159455943,10096.492465680305,111.97521460589329,49.33595746576763,0
2024-10-25,9895.243442811265,9876.826171875,9761.979355922966,9784.948719113372,34847500,57.43911922242418,9171.34029378589,9547.080308825149,10530.30334706847,10683.088753461909,9524.34966086084,44.80319653823796,37.67974093502376,1
2024-10-28,10214.373793211393,9945.735026809403,9739.0107421875,9945.735026809403,39061500,50.40409839957099,9345.931820379894,9889.543487424444,9977.656931092295,8643.153180498846,9783.304151328823,24.695270690479084,19.82056444903693,0
2024-10-29,9577.13560564948,9716.040904017857,9647.1328125,9670.102176339286,49680100,57.34035793125942,10323.93295717282,9327.232654442654,9933.669024867293,8854.238189516902,9494.762987161226,-14.709524124336198,101.76872409610209,0
2024-10-30,8807.489937623117,9555.25513285024,9440.408316349638,9440.408316349638,114484100,46.017780333453416,8539.433791703801,9029.602436006913,10397.36809086605,8796.093845086887,10153.211422421331,42.027684227253076,84.41360808669964,0
2024-10-31,8222.518831378773,9624.163733803354,9417.439453125,9486.347546684452,97553400,48.43285099379311,8816.584014740552,10548.789220951343,10136.377140081186,10801.642567954688,9486.543065519347,-65.47924883990191,52.39285491658224,0
2024-11-01,8210.847933723991,9578.224609375,9440.408427945144,9440.408427945144,47710000,55.515724511030115,10556.505360802497,9197.604638897805,8446.463733329008,8992.691516165436,8022.36064498852,-10.409464109548017,38.10512154830363,1
2024-11-04,8939.980926566524,9647.13295368976,9463.378040286145,9578.224861163404,49275700,34.732641238905146,8695.32857934268,8962.386159420204,9081.277304776648,9838.12717213356,9230.713800754287,-14.637377313110553,-48.7683289320386,1
2024-11-05,9627.838710148952,9716.040904017857,9463.377901785714,9463.377901785714,50296500,50.776035885340434,9269.275976165782,9647.313586949485,11103.531164579046,9438.112324736183,9344.694930790929,-5.7370806377744366,64.82377234764168,0
2024-11-06,8721.819569015192,9647.133064817584,9532.286242617374,9624.163700377543,50324900,45.54646137651529,10405.81531189678,9874.123542281553,9875.984956752334,9646.051145023543,9616.364425125073,-64.18548678435698,20.577791863440545,1
2024-11-07,9636.237526060864,9601.194256756757,9348.53125,9486.347435503683,131579100,40.04564898801071,8417.890434333154,10037.224306066035,8150.885629100932,9304.319314407223,10021.569334264677,28.050948240380592,93.2338688897297,0
2024-11-08,7953.0050387654765,9394.469498778692,9233.683957234802,9371.500135700991,92166100,34.516961758747506,10449.937718767133,8300.630602317331,10501.980508037706,10043.451089097936,10060.638133815959,-66.7432492187378,-3.8042533577266546,1
2024-11-11,9140.658692006838,9233.6845703125,9003.990924284826,9003.990924284826,128707600,28.16821253890989,8136.907886537974,10295.342989685283,9296.414208980217,10425.326712967886,9407.695336253826,-110.65367742015296,-52.084569916216964,1
2024-11-12,9815.435980402883,9394.47059729064,9187.74630541872,9279.623768472906,80378500,27.72184181792344,9303.444775363689,9835.462431242822,9720.979669291757,9976.238877509772,10254.821396308464,-140.16921844428848,-101.98403707999304,0
2024-11-13,9783.303158445477,9417.439963054188,9325.5625,9394.47059729064,62933100,31.160935746192273,7731.613761513637,9614.062155668704,8416.25698932343,8167.588399358655,9537.743379541202,-97.4171580085841,-71.8688080271509,1
2024-11-14,10056.047874915677,9348.53113880724,9233.684318920174,9302.592410852412,56381400,23.649247668455196,9186.19249755734,8301.012476223023,11336.46371326799,8831.182634988014,9257.546349815222,-114.03631826917739,-105.0689467075893,0
2024-11-15,8693.542356640008,9440.408707002456,9233.684428746928,9233.684428746928,63598200,39.03134856650402,10099.516890308609,8539.53228970544,8971.210656151696,9176.214662940252,9236.310377237634,-91.31017932982843,-189.5020101216419,1
2024-11-18,9898.716753354227,9302.592919921875,9187.74609375,9256.654189453126,65716200,22.290973029754056,10001.236419168008,9610.651477693431,9223.942085790692,9100.62186375739,9036.510801345537,-66.75280571293015,-59.76642785958274,0
2024-11-19,9321.3788937234,9210.715350480164,9095.868525661208,9095.868525661208,85295300,43.16512575244371,9085.284771717412,9612.090048280192,10285.383862867648,7551.467306586055,10072.586231508507,-16.292822849739892,-100.32070868303559,0
2024-11-20,8956.812167086135,9325.561409545597,9187.745231079403,9210.714594157103,58584400,38.36367522468268,9255.951576856047,9776.634813908558,9170.63719736131,9272.579097533238,9183.403937158728,-158.00486334476398,-132.86651060175515,1
2024-11-21,9595.853480549915,9233.570947017766,9095.0673828125,9233.570947017766,93181200,41.016237652952135,9223.369147976686,8839.26500923086,8954.345940978043,9137.249463699329,8893.594811829393,-56.05878113635187,-32.276550792568585,0
2024-11-22,8928.27927057374,9187.403092282677,9095.0673828125,9164.319164915132,58396100,35.086293089304284,9972.033643142464,8007.094313049362,8746.50141975,8797.140878769347,9201.636543465465,-164.313404225175,-101.19630189284732,0
2024-11-25,8558.172437503523,9418.242129914004,9141.235008445943,9187.402862023955,165369400,38.22889066414905,9965.7646172193,9725.25406722218,9775.960403646744,8971.752652300065,9555.49903065872,-91.11525826742995,-102.1257419370517,1
2024-11-26,10343.495340425054,9464.4095703125,9233.5703125,9464.4095703125,62310100,50.04044541355286,8822.685289708797,10054.931371262679,9330.216808269673,9734.992210682769,9086.30582429435,29.18638486804872,-138.94383700081846,0
2024-11-28,9787.185867132057,9302.82208984375,9164.31853515625,9210.48638671875,57443500,54.13726492282409,10174.861531970631,9321.190198373622,8831.343707263644,9663.375990930843,9330.217223520593,-154.77042644419515,-51.304333117909884,0
2024-11-29,9379.6767305494,9325.906015625,9187.4024609375,9233.5703125,76886000,53.611638719301716,10106.559457857491,8039.258420107537,9870.80842552731,9322.17611222198,10759.613219449533,-58.38931738915042,-131.8565065505432,1
2024-12-02,9939.800374948429,9279.737560096157,9002.73046875,9233.56971153846,87879600,36.851566869086696,7746.815635057854,9358.953999445368,9645.470305661453,8185.575070222502,9775.406775228208,-122.68215132730911,-107.294938493708,0
2024-12-03,9898.99783564777,9441.325135474111,9141.23411649816,9256.65373918122,126087100,49.83844497445577,8803.155687525319,9665.548943904842,9150.40094533899,8360.79130969195,8768.414241061302,-163.59475477482516,-65.46000774506925,1
2024-12-04,9988.631515771098,9464.409060010725,9279.737663717831,9395.157286400889,97876300,57.15274995936578,9497.030055993204,7581.775071895587,8861.699753908917,8853.296830061527,8588.252313936442,-133.97094153012188,-59.97030793155342,0
2024-12-05,8523.728791788544,9556.745865091463,9441.326229039634,9464.41015625,96904400,53.12586175470388,9042.955539927576,8910.034926804567,8405.373206880024,9009.076603655083,8773.31898222417,-45.47032621234059,-121.14539575953427,1
2024-12-06,9001.36052856614,9395.157970494727,9279.738339407568,9325.90619184243,68247200,48.38345705320243,9436.461389216935,10203.603865474499,8223.568407593586,10250.549840495207,8660.842406032496,-48.06416005597809,-87.27740619279398,0
2024-12-09,8879.627493341424,9556.7451171875,9233.570161533817,9256.654086937651,64458400,66.69321830722245,9996.055768128539,9731.81296407151,8904.665629767573,8720.869790531717,8519.481887749233,-77.66600619921573,-138.85020207071705,1
2024-12-10,9265.450067776565,9556.7451171875,9487.493340975996,9533.661191783664,61230400,53.489566471129535,8239.989608480542,9804.266420805005,8603.634398603948,9833.006851112348,9668.687898527389,30.833818235419685,-52.571384937623804,1
2024-12-11,9538.785977644467,9625.99609375,9441.324705860312,9441.324705860312,37934300,73.92928119698075,9982.049401645565,9530.380120441603,8736.534091062747,9101.668006020554,9235.595523938924,2.9164610212955235,-12.368045899017446,0
2024-12-12,9328.264169818622,9579.82961743704,9395.158203125,9510.577837070025,44780100,54.546988529667864,9999.480158006923,9505.325338191873,9102.74834388304,9563.46246883993,9353.064048147193,20.43325724829066,-126.72741997860122,1
2024-12-13,9339.28884800365,9441.324770192008,9256.653381044,9348.989075618005,75126400,58.056781940906454,10150.625801317708,9431.888261368636,9095.921257497639,8633.17979917538,9121.364954514469,37.448529477729096,-42.33405467694738,0
2024-12-16,9012.981869401587,9348.989197381652,9233.56957766089,9233.56957766089,57746100,45.9109099507734,9502.627569495262,9195.183310313609,9284.767612751273,10124.897860137742,10060.313162489894,-69.30085665590906,-107.2891066414422,1
2024-12-17,9147.739377806734,9279.737926136364,9141.234375,9187.402225378788,99845900,42.116405383358355,10055.517369708072,10029.935870318457,8977.766617474997,9142.620974498186,9261.69627080539,-50.71894255221192,-27.782196098478643,1
2024-12-18,9539.577188957257,9256.653758769133,9048.8984375,9141.234135841836,84868500,33.64043558097702,9500.79693379497,9985.260848165912,8381.991408469936,9430.078160015079,8652.98182958139,-47.08784765409248,41.65860709633705,0
2024-12-19,8942.077758488746,9025.81421087694,8818.058896560078,8956.562439437985,104254100,43.96454761680898,9205.334555317357,9093.56356313352,8539.11154644704,9471.966165191949,9541.446161581429,-118.43784239879531,-41.97496413323309,1
2024-12-20,9640.723020882137,9002.730225874351,8887.310607593912,8910.39453125,91576900,66.42004274333777,9254.815073518228,9191.00595748707,9011.45890728374,7930.510109184628,9339.482387607608,-33.92919079117173,23.90183516426268,0
2024-12-23,8686.461178676414,9095.06721047794,8956.56364889706,8956.56364889706,43292100,34.67396873683913,9675.320534198667,8377.537556905228,10154.260393888673,10366.632204516194,10038.04751084507,-144.16838366917054,-30.53412580003285,1
2024-12-24,8798.527315328078,9141.234014423077,9002.73046875,9095.066165865384,32415700,36.898844811168814,9497.197409050921,8931.921706804407,10328.722550574694,10336.778496466626,9333.208405952546,-159.73355099798417,-86.4226756619156,0
2024-12-27,8387.673937471556,9071.98236208546,8979.646663743622,9048.8984375,24016700,50.772368449288194,9351.110901937553,9531.297630991276,9369.205367352934,9527.550814097598,9284.776449111547,-105.04344684628705,-54.6380281308375,1
2024-12-30,9983.841030109212,9071.982058502908,8933.478515625,9048.898134689924,56350100,45.366166546906,8778.740898988934,7984.4032932164555,9717.320455400084,9734.208787756856,10345.55794215264,-90.58480783441253,-115.02302814509633,0
2025-01-02,9166.735588163241,9141.234375,8910.39512310606,8910.39512310606,38124800,35.62851145226749,8500.000805871976,8854.755094834567,10034.295522554006,9691.696010932923,9014.137012799758,-149.56542011282028,-107.49862765444952,0
2025-01-03,9109.447955339796,9164.319164915132,9071.983455444955,9095.0673828125,41916000,40.98022719752233,7831.364593995541,8638.344907400744,10396.224687805628,8210.795544214141,8947.79205131826,-190.24753457991244,-75.01346981793047,1
2025-01-06,9220.97513705304,9118.149906128876,8910.394591812015,9095.065982315891,41593900,33.628033785393555,9533.430061787292,8591.553230372068,8352.701007029826,8860.112048648243,8572.373508229115,-74.65550123217697,-130.37954197686727,0
2025-01-07,7796.227563263748,8979.646989316765,8794.9755859375,8933.479138471948,71318600,32.09793758715418,8293.054115774396,9261.346871272928,9699.583854248038,8805.791615414595,9957.544059639398,-42.90601473285382,-0.02648391753211854,0
2025-01-08,7621.556592487544,9025.81421087694,8841.142820373063,8933.478515625,55943100,40.786032322223946,7921.532905036702,8844.591391448881,9579.379192489148,7706.305810611602,9492.985522337423,-183.74598152590994,-64.6602201981027,0
2025-01-09,7377.628874041067,9118.151310180045,8979.647745974778,9002.731673342321,42733800,32.135271879242126,9119.86190477577,8544.536310732614,8631.67839554693,10047.985723206555,9810.117436893746,-102.32688021135735,-126.53906187791053,1
2025-01-10,8457.196521283966,9164.317877369858,8979.646484375,9048.898256748073,72531300,48.62573914690448,9174.584581557348,10010.308559100995,9491.565403540662,9042.39805178466,9554.034626902003,-80.65089561996152,-9.876982091581553,1
2025-01-13,9297.421740130236,8979.64636325097,8887.31066799903,8887.31066799903,88270100,53.788431265771585,9182.209344494628,8304.41835455991,10368.134635417551,9056.314184984018,8898.634547781992,-84.6134719661385,-121.51234784752515,1
2025-01-14,10618.932198592453,8979.646989316765,8794.9755859375,8864.227362204725,70942600,36.5257305000065,8954.638300332766,8334.102744805108,8223.196733860217,8768.91180317508,8722.321567294443,-163.13748907032647,-107.82317870111922,0
2025-01-15,9938.357422998026,9048.8984375,8818.059191645409,8841.143116230867,77098000,55.779381975788056,9463.64896439928,8303.82615916511,9741.407323743566,9394.80555883484,8944.22497038398,-77.4351819082649,-91.79124487666499,0
2025-01-16,8293.177680623885,9164.317938701925,9002.73046875,9095.066165865384,76979000,49.85102635272822,9233.218645021621,7269.765613291478,8146.253401331052,8582.252565282399,8643.975678827817,-66.3604938589414,-43.23851619407585,0
2025-01-17,8172.55282304814,9141.234375,8910.39512310606,9002.730823863636,71033100,48.75907203348216,8739.612795087312,8813.708376467006,8070.650769248274,9201.58899315584,8910.722302567987,-88.10964127541682,-145.1366830846995,1
2025-01-20,8211.982074018873,9118.151785714286,8887.3125,9095.067857142858,112111200,52.40618553882742,9171.334970385618,7507.0639905875,7909.8315028071465,7255.674849356197,10096.60013312844,-73.83398855512269,-186.50304046765748,1
2025-01-21,9114.250930665075,8933.479257608518,8818.059628957246,8864.227480417754,124547900,37.266864335524964,8673.991208085801,8463.649035146553,8330.812979936502,9298.15157579,7708.488527125876,-66.38289984490933,6.491260587071849,1
2025-01-22,9389.300921873364,8933.479316711426,8841.143613179524,8910.39539082845,90154800,47.066245975467005,8051.679693042639,9433.009868540217,8705.333544846964,8089.703768837123,9180.336819597267,-1.5019780067380566,-145.1230900428454,0
2025-01-23,8417.092178188184,9002.731094360352,8864.2275390625,8864.2275390625,120515400,52.97255077484808,8666.150434698386,10096.705700569575,8933.5461895177,9660.057111347665,9725.530106072616,-51.79091806185171,-53.861482528059135,1
2025-01-24,8877.183803846223,8910.394787140709,8633.3876953125,8887.31086282169,152057000,42.83306751628933,8103.446586215448,8510.797417610576,9084.052559787886,9006.676441953872,8580.819749321116,-30.02352797260704,-124.8763570101004,0
2025-01-30,7594.128156980615,8564.136425247609,8448.716796875,8448.716796875,154645800,45.02778596224593,10094.69774815953,8003.669188741502,9566.512008184322,8795.73994596143,8371.387127354103,-147.73787013683466,-99.22320175710793,1
2025-01-31,9123.253741929691,8771.891482721561,8517.968308221727,8541.052233176257,112982800,33.50505832732986,9163.863436696021,8397.543817719925,9320.103797959207,8009.091401439133,9355.36254574635,-99.88818568537917,-90.8442640530621,1
2025-02-03,9368.543555455419,8679.555543950535,8517.968073717413,8679.555543950535,90439900,33.96800898027382,8459.443698083172,9298.423141861675,8429.125174671237,10104.1733227033,8423.576189921103,-126.2935847442247,-111.04751328854721,0
2025-02-04,8914.065687847578,8679.556113760218,8471.80078125,8633.388262091281,94607700,21.75757054807492,8031.586520993679,9657.24556887568,9549.67978469868,9864.52195331395,11323.194056396474,-130.6881254029389,-129.81124306945668,0
2025-02-05,8815.549647206606,8471.800663527398,8402.548886986302,8402.548886986302,98229900,39.414651909373255,8510.936322927588,9043.221832033296,9001.204005310079,8306.506139766625,7759.832406826302,-156.52314409932268,-133.8364468584595,0
2025-02-06,7801.364527426779,8402.548468051677,8171.709224423882,8379.464543688897,171477800,33.452860052275746,9152.081380727204,8446.417070616928,9730.983323044758,8536.243459254067,8572.831631744042,-174.5260130350583,-112.75630143649825,1
2025-02-07,9039.991978608834,8633.3876953125,8148.625284613135,8264.044906208223,131162200,37.50923982930752,8692.356021176021,9050.755730221124,8878.801041697294,8605.568704947009,9448.360283012724,-143.9669150299161,-142.07275115551158,0
2025-02-10,8247.664401173639,8541.052499573087,8333.297168502391,8333.297168502391,76209100,35.75317743688562,8809.42318973054,8425.92316454891,9178.466944790807,8453.68333814947,7171.187284076428,-86.4395430867568,-144.87665556453638,1
2025-02-11,9299.81233975044,8402.548768939394,8310.213068181818,8333.296993371212,71188300,32.51801912719963,7723.872580362018,7562.309623247238,8594.998851485669,9641.301187756031,9064.783553740812,-99.29091853341164,-117.57251790909413,0
2025-02-12,8533.125164602778,8448.716796875,8264.045391478825,8264.045391478825,121172600,41.174910508504404,8252.411974811726,7527.47437122616,8588.100841827669,8859.439291439672,9196.941427943511,-263.886011818272,-156.20304640669858,0
2025-02-13,6535.7573102345,8448.716438802083,8310.212890625,8402.548589409722,90439700,37.377110021174126,8968.721523888184,8383.457757378155,8312.173415306457,7826.824477958272,8600.560346499493,-158.10473411070953,-242.31226838689827,1
2025-02-14,8467.731854720378,8379.464604369778,8264.044981720055,8310.212830779943,116274500,36.84973058836208,8269.067462850202,9144.569080427997,7879.003566452831,9008.383765109927,9615.964532907732,-105.00250069038992,-144.48321855449234,0
2025-02-17,7922.276633323028,8610.3037109375,8287.12877272537,8287.12877272537,89096400,63.15099398941523,8126.724818071676,8302.467756833214,8282.894593757994,9438.177766676123,9652.539107318707,-152.57593567918263,-216.06626795189408,1
2025-02-18,8017.65413093444,8841.142890519994,8541.051878570228,8610.303650558635,107318300,55.97953780198243,9313.3498651897,8433.149527451473,8684.578461465127,8638.158381932812,9357.722320353656,-195.29495689293208,-114.2040880309778,1
2025-02-19,8023.350088899771,8541.052014228351,8264.044921875,8517.968089865572,154438200,40.69499993917623,9158.754940751141,7864.6133448742,7666.965897450666,9163.977747331484,6771.900241421517,-121.69621473070183,-101.43305010827608,1
2025-02-20,9274.640361307245,8333.29681532118,8264.045041232639,8287.12896592882,119260800,35.725935924758694,9433.477287511658,8722.137245807873,7983.091687267741,8587.94273623301,8473.971241902786,-133.5746283379631,-210.12261000150554,0
2025-02-21,8386.96606840904,8310.212890625,8240.961116536459,8264.045041232639,106054700,41.787485999866064,9632.021325155207,8594.76905138874,9012.182518502492,8870.51686996828,7797.317773937391,-122.02682320540053,-182.1061957850104,0
2025-02-24,7528.814989422026,8287.128785889356,8194.793089110644,8240.9609375,108530300,41.724275694346666,7402.315953617734,8542.32723959525,7938.049483282961,7509.050439009004,7880.445143798038,-99.71294131337768,-215.0862535928093,1
2025-02-25,9407.334187599994,8310.213460516998,8148.6259765625,8217.877755400143,101592700,58.42689942510941,8748.792658949327,9365.783045971077,8313.72368070186,8799.847936656326,8423.304937044411,-99.48740319710954,-198.97474863454886,0
2025-02-26,8157.929745859211,8217.877142316596,8056.289670417112,8125.541444088319,117843500,41.96629768624126,8461.31914708058,9066.566886251008,8887.048275230627,8664.026033916532,8879.932973017212,-87.64828580593169,-139.06370899816463,0
2025-02-27,8036.691111003309,8125.541330645161,7848.534239827713,8125.541330645161,199991600,31.988807335856293,8041.511981207049,8085.000242474947,9129.431955728305,8389.018504899777,9279.805546797577,-136.09068231277303,-212.15624013985945,0
2025-02-28,7212.306847837555,8010.122467312685,7779.283203125,7871.618908800075,293095000,23.033377163963436,8105.76050474747,8644.845415997273,7718.077016676888,8256.9764145027,8118.966466680343,-241.51822471770174,-145.7887068325859,1
2025-03-03,8569.494236099377,8217.877696644176,7894.70273104581,7940.870583274148,192944300,52.528181676531965,6676.936672330598,7014.83342368849,8746.01378367727,9526.994563769294,8964.626624240678,-275.87197093080425,-180.5955279790835,0
2025-03-04,7080.924660479642,8240.961247848252,8010.121997208245,8217.877322784252,125418500,38.287903640031686,9102.192517868827,7822.337068203844,9329.483320458474,8579.842172714649,7973.153368998157,-201.67195243424308,-204.39068861533804,1
2025-03-05,8801.38858746741,8471.800363498263,8148.625417751736,8148.625417751736,155207900,34.62075603506366,9752.100083154697,8430.230784002184,8735.237418271447,7793.828688360888,7723.851972442706,-206.4644692321879,-211.7204283339915,0
2025-03-06,7815.58423713823,8494.884227019498,8287.12890625,8494.884227019498,96270100,52.69882277568448,6833.213681276414,5932.177318049594,7905.018546768311,7606.0235689581,7439.97855213915,-75.94208915440171,-181.40015441781406,1
2025-03-07,9308.19169364858,8310.212710084033,8240.9609375,8310.212710084033,82295300,39.07884064760979,8751.336036014536,7825.750127650921,8101.2611882955525,7692.28689665806,8760.48392109802,-189.41035594004902,-90.02709760032522,0
2025-03-10,7351.8973638449515,8287.128785889356,8056.289543942577,8079.373468137255,97652100,41.05400728157633,8609.492057746415,7953.372887987035,9161.198102802779,8657.481161347696,7606.214407238188,-156.4898004036713,-146.44872587823312,1
2025-03-11,8279.844102275623,8356.38055847339,8194.793089110644,8264.044861694678,109295600,44.12181125143807,9047.034909550648,8192.14232454308,8360.353018900609,7841.211771457527,8400.885857570755,-148.57933942530678,-135.15294961635726,1
2025-03-12,8511.96231263295,8425.6328125,8287.129259417808,8333.297110445206,87968900,53.25877617304341,9610.979041386625,8806.947363200365,8639.135203163758,8613.26378118496,9759.158405821254,-74.78149277374783,-82.14868399618538,0
2025-03-13,8345.307169001077,8471.800302489553,8287.12890625,8448.71637795961,83030700,71.64256585822744,7444.7738700261025,7601.643065948794,9199.964785290667,7477.748939496987,8784.163373647187,-96.20684580750415,-102.3567481749543,0
2025-03-14,7965.118806458873,8240.96150390625,8079.3740234375,8125.541875,111397800,43.635937240641056,8542.662694395776,7520.594826004198,7820.364239723107,7283.148827307026,8381.555831239786,-71.80714812951005,-171.99230581523648,1
2025-03-17,8162.54768240174,8102.457590502362,7894.702267668968,8079.373665743096,151365700,49.991631372246566,7863.524444333497,8602.383868815943,8733.068918058485,7584.653552047513,9161.439916840702,-134.960664370396,-191.20709655900006,1
2025-03-18,8257.708357321826,7894.702033720821,7456.107476291887,7848.534185570407,417305700,43.65849148285438,8143.681084710313,9797.18112697752,7711.275494342458,8210.071660485195,8998.024028359563,-104.26259378544106,-207.19849526708808,0
2025-03-19,7144.200471876631,7756.198550112613,7594.6110803186,7663.862853087463,214108200,40.96227622227152,8454.985692193282,8075.501974791665,7678.264346710392,8180.20525021338,7409.926543814221,-195.53340180462544,-113.25292027034315,1
2025-03-20,7619.599263978887,7825.450444554571,7710.030821478545,7802.366519939365,152917300,34.696566492092394,7999.663236897879,8299.661674340086,8080.562443665897,8964.630334329448,7490.145822206765,-172.21779159786732,-71.75658174468828,0
2025-03-21,5153.493559347666,7875.880289198478,7518.96728515625,7875.880289198478,377916400,31.419697974347834,8628.941020740214,8114.532840281785,8622.160341524861,7942.840378124813,8332.095182848245,-227.11827587864292,-216.23256593149628,1
2025-03-24,9387.454093931603,7709.320367777123,7257.230593123526,7447.584182451356,331836800,26.459031074475725,6965.274045225295,7140.700797579164,8651.803017026485,8210.891210448422,9362.807341396303,-205.64337363512098,-114.15095442265284,0
2025-03-25,7948.082867839921,7756.909222146739,7614.14402173913,7685.526621942934,136341700,24.358214197934117,8310.545824819741,8453.153253732078,6656.843050473581,7477.337403856884,8038.872767375454,-148.31112334113558,-102.03476456667102,0
2025-03-26,6540.734878276651,8232.792771146444,7875.879789738362,7899.6739884989,283104600,42.19475881433455,7215.4796468007635,8745.155789145436,8217.561754592465,8274.615413160036,7281.382426504674,-176.82743138648397,-178.39368563202976,1
2025-03-27,8287.076792419131,8161.410430549173,7971.056834501379,8018.645233513327,122943900,51.771647918565954,8002.552705982124,7501.27461987149,7318.798286381872,8769.627453021762,7730.318416881785,-91.12566338080339,-153.83289439750786,0
2025-04-08,8032.528908633659,7614.143890675242,6924.112100582798,7043.083098874598,533073600,21.57640804523761,8538.213352842076,7086.839336011688,8817.612877222176,11022.705824109093,8299.93018717912,-191.41302982660298,-131.7781251927776,1
2025-04-09,8066.478846353227,7566.555429933951,7304.819235816739,7328.61343528194,136753900,31.928304965451755,6518.9008154498,7841.018608016423,8946.856749251921,6919.467753331964,7912.704764872839,-235.13479322877066,-201.57535118100694,0
2025-04-10,7953.8296949963815,8232.79340211816,7780.703591019187,8090.028198613222,144148600,42.95621588948467,8960.376835656612,7805.487384179896,9026.450897614091,8422.492349542725,9226.921110787707,-124.54681528664906,-189.65518792462834,1
2025-04-11,9047.387631875565,7923.46828089596,7661.732091436934,7804.497285687311,82603000,44.10383911438131,8454.095856316371,7950.866472508373,6469.304236757764,7900.560008520955,8215.270182425724,-130.60874310030357,-84.63950258728535,0
2025-04-14,6764.555416691412,7994.85107421875,7852.085876464844,7852.085876464844,83319300,44.71956747288325,9036.465058159163,7769.612664097014,7711.5952128005765,5584.306319095536,8601.025408653484,-189.82800116461414,-163.25967846551188,0
2025-04-15,6445.411179806801,8185.204844661078,8042.439643882106,8161.41064453125,83431800,45.59365411834573,8073.900969369053,7684.577080671618,7877.427717127499,7823.874148370485,6898.8416603382875,-180.77755756939808,-98.61978352191787,1
2025-04-16,8397.696408361371,8137.615994883849,8018.6450008066,8090.02759725295,76874900,60.285997911394595,7522.65100905482,9124.293410904094,6775.170146270513,8375.351785400146,7037.55402777747,-45.84043277485997,-55.847128196347256,1
2025-04-17,9373.215009547897,8090.02783203125,7947.262634995404,8042.439433019302,83540600,63.88297909852763,7804.926524672037,9104.1459317764,7147.243982396236,8318.673250130849,8847.524999182438,-25.592873380101626,-190.88831911259015,0
2025-04-21,7576.086136893182,8090.02741434488,7899.673828125,8090.02741434488,40683800,60.102972959020654,7507.972948498833,7839.989887798876,8602.662608718461,7896.222699344732,7919.451206842729,-56.26271736563477,-31.96638507219089,1
2025-04-22,7617.288178671133,8090.02783203125,7923.46843548943,7923.46843548943,56537100,61.49655980631586,7421.84489580103,7883.924032381584,7454.219223179506,9177.512366490286,7439.523904772564,-102.22866503580781,-51.2307544506237,1
2025-04-23,9129.498059769841,8304.17578125,8137.616381626074,8137.616381626074,92329600,64.59803027390541,7068.5017883018345,8152.414238199593,6704.035150094134,6766.176114872318,9535.93527060598,0.8620349372606555,-50.95741605410237,0
2025-04-24,7294.322237801411,8423.146380669248,8066.2333984375,8423.146380669248,143675300,55.30127362118125,8314.665901904915,8759.210184114927,6858.315362970992,8017.609625856961,7532.348065948312,-64.00334463292423,-15.675241055657779,1
2025-04-25,7821.732684220164,8232.792988621912,8161.41039045467,8232.792988621912,58297000,55.23759504688915,8146.483537786163,7688.042293150565,8012.9174995854155,7451.018320197806,7984.944053496515,37.38005703902469,-5.945398644629627,1
2025-04-28,8223.436808031174,8351.763671875,8232.792679398148,8327.96947337963,73235400,56.628789473668505,8660.805273193122,7802.627488139407,8574.927537782187,8089.496434979354,7491.375847522167,128.8698602310173,37.08625890632919,0
2025-04-29,6793.343382507773,8399.3525810351,8280.381581303725,8375.558381088826,60315700,68.24783025012027,6747.765117771704,8202.945950553234,8041.643531375854,8605.955837489391,7941.349534764818,9.414822237939177,49.44385850037604,1
2025-04-30,9463.66082808768,8494.52933837199,8256.587340098265,8375.558339235127,164597500,56.45869469626139,8380.306058559758,8297.299005172588,7644.13714111473,6761.480866730933,9170.71782695552,13.270931240196703,10.885924607516472,0
2025-05-02,7254.217158483574,8565.911385793872,8423.14619603064,8565.911385793872,92219000,77.22231087016732,7352.044099750898,8178.608509334866,7865.3539811270075,8132.85812148267,6900.099364250677,147.74578909006743,-2.4116994178948765,1
2025-05-05,8745.159203362025,8613.499782381616,8542.1171875,8565.911385793872,86385600,66.18320653478317,7084.791708846734,7626.341154408573,7114.192046963555,7300.468050846741,8154.330765830674,201.5335539794375,65.1573224925887,0
2025-05-06,7539.283717522292,8613.500254284972,8542.117655492555,8613.500254284972,48860500,59.15096657051791,9902.171763591361,8690.665125000138,8687.887417502201,7766.140106905182,6708.738729117204,78.25164388223216,101.93454741267635,1
2025-05-07,8756.614544595634,8661.088143508952,8565.91135072314,8637.2939453125,77382000,52.0053835246986,7603.855975919484,7755.848123180205,8024.862411845553,8596.318520700068,9244.89066477007,120.34861351300395,10.073480661564346,1
2025-05-08,8992.10772667001,8756.264972144847,8494.528790912256,8637.293980675488,99614500,50.701116981924585,9232.29998418743,8507.238110358838,8021.741458170028,7852.624182948758,8286.96279649605,221.3530774833107,50.441553087030535,1
2025-05-09,9755.433336136803,8613.49952799479,8542.116935221355,8613.49952799479,47167500,59.42707937007586,8203.229299006609,9197.751729763922,8913.796254678948,8112.264455878581,8309.479643952533,200.99575066693305,125.40618316692513,0
2025-05-14,8114.028035869148,8851.441658945418,8708.67647089791,8803.853262929582,149002900,78.61013970383215,9208.744480712174,7967.276376415735,7359.11039569646,8777.770720960667,8164.767164748813,215.15417966623707,152.4330151805624,1
2025-05-15,8692.623558246232,8946.618450977088,8803.853262929582,8827.6474609375,101401300,85.58688222650005,7357.95026156376,9187.349323711423,7587.289494536279,8761.360893858899,8219.47068081254,142.89618171619642,198.92663729268702,0
2025-05-16,8120.7555047579535,8875.235603578629,8780.058814264114,8851.44140625,63007500,69.88376203476471,9004.384934162532,8960.102511769994,10443.457276072773,8174.383130998064,7176.203276051463,208.46204893802621,125.77070468501724,1
2025-05-19,9055.146752134919,9041.7958984375,8803.853901110197,8827.648100842927,111597200,83.43402170884252,8642.77215512065,8522.716997186122,7763.732310125146,8574.620682548697,6957.272243098843,221.9262129331108,194.96904661656458,0
2025-05-20,8651.138052227712,9208.35555635719,9018.001953125,9041.796153529023,160614800,86.1799116734951,7896.071416534905,8034.922300875193,8573.081410872845,8370.062074832646,7779.546728862798,248.55514122898654,242.51859760079066,1
2025-05-21,9331.211418312369,9255.943613583278,9089.384216937822,9232.1494140625,169739200,79.1893920863318,8116.679587920354,9735.467815179609,9637.757142592007,7384.177411665528,8518.558972469364,242.60846130293365,165.01969083470175,0
2025-05-22,8492.234923199707,9327.325736722798,9184.560546875,9327.325736722798,103113000,88.78036628203317,8767.26091203925,9886.078411718194,9419.306574246108,9013.916864384128,10018.23820880656,265.7390120953701,200.57277123300355,1
2025-05-23,8730.494790790377,9232.148689841732,9160.766096879035,9208.3544921875,48521800,80.99878918006124,9666.207973552637,9028.942381832894,9694.666427497008,8524.807305186465,9418.65265222201,324.1103704499191,285.4515031535419,1
2025-05-26,9699.622428663166,9184.561779626623,9041.796570616883,9136.973376623377,56625300,68.11483575778142,8653.276676327056,9477.27716723653,9539.8586156655,8854.53862106511,7526.723443486783,308.09196878116495,221.52035403204604,0
2025-05-27,6875.296068612084,9136.972222222224,8994.20703125,9089.383825231482,93212000,73.72724094761078,9649.982320118314,9228.991272526366,10786.024878199505,8747.094090407907,7462.671385395439,254.34076979032676,199.08072390597698,1
2025-05-28,7988.318775099193,9089.384339677526,8946.619140625,8994.207540309175,236950800,64.75950835324517,9411.135974598335,9790.404779971179,10022.728299959683,9811.196129565456,8037.462851560592,241.958580086826,171.71755272685198,0
2025-06-02,7976.632155879476,8732.471467741243,8589.706266633757,8589.706266633757,264428700,47.834020875530854,8326.607746607657,8703.782772889735,9005.202382171548,9044.045131737923,8332.953209138477,317.98125714637536,142.4316156921879,1
2025-06-03,10522.62197770597,8684.882596685084,8518.323204419888,8613.5,128318100,57.91381282671172,9626.493635124007,9513.313363363943,9364.584801518024,7847.567256971559,9140.894922209256,238.73341952633,174.92967292984935,0
2025-06-04,8294.62875149617,8684.882377263231,8518.322989206128,8661.08817896936,93357200,43.66522036156991,8948.651069744343,9441.580554674978,7728.8247115472,8551.759034351742,8847.847263760876,116.86581618365307,185.119795033598,1
2025-06-05,9250.521409130586,8613.499305190826,8470.734123336835,8565.910911239496,95529000,37.280292564286725,7416.118520378512,8483.142517448745,8629.244680023103,7272.407852793507,9780.276804347764,116.99331700916552,240.7869599663925,0
2025-06-10,8400.041641175389,8661.0888671875,8518.323666080014,8542.117866264594,80406400,43.83071023162537,9384.550252146837,8225.616463180966,9588.168468818783,9275.736431346528,8943.079332147046,95.7149596078271,173.11921485018647,1
2025-06-11,9428.949865098244,8684.882596685084,8613.5,8661.088397790056,56632600,28.848793211955574,10261.579921230044,9273.730462462969,9168.073377673854,8410.689597576336,7244.119520803312,55.73796070152559,205.84680476460812,0
2025-06-12,8366.874693692007,8684.8828125,8565.911815068494,8565.911815068494,41337300,50.31663007812479,7348.207241466422,9771.596109636841,9376.995107725174,8686.202283564755,8700.338918444546,-29.82765744328215,116.52352017011054,1
2025-06-13,8581.548990630527,8684.88285307739,8542.117655492555,8661.088653479917,83318000,35.525228680990914,8699.837250268727,9527.260940874934,7794.2649208007315,7938.359845452966,7838.147592041571,56.51415683400367,69.35831159836334,0
2025-06-16,8313.525079073144,8565.910911239496,8470.734123336835,8494.5283203125,57825000,24.276330335651156,7711.15988547254,7289.544988161591,9081.307315682025,9129.086841846236,7711.15072302156,47.51008344838111,73.77226249248379,1
2025-06-17,8763.460009826365,8661.088143508952,8542.117152526687,8542.117152526687,54927900,20.22850904438635,7453.244896685038,7986.030474382792,8666.476838248082,8176.901647178361,10085.6388936012,-85.73741323501748,148.88875982682526,1
2025-06-18,9280.525582196238,8589.706353691186,8470.7353515625,8518.323752413975,86270200,31.850225559743986,8403.644377936473,8802.99894738924,8820.094608760832,10227.760390648858,9346.802617091504,-10.475973156368106,92.18593070539703,0
2025-06-19,9136.85749668381,8494.528862847223,8327.96947337963,8470.734664351852,78879500,34.34864623095129,8823.338432381881,7860.49147215719,7541.034158441158,8680.386900280146,8900.69860532534,-21.270693109330253,67.59080413115186,0
2025-06-20,7487.348455101318,8446.941240683369,8208.999233903556,8280.3818359375,445915100,30.557489874414184,9452.779114726018,8534.676291912294,6548.746072527304,7905.472683186754,9701.00664620704,-37.48440303136442,-25.250555163060692,1
2025-06-23,8271.003156959574,8280.381623641304,8090.028023097826,8161.41062330163,87324500,22.962364847404118,8514.01412284492,7657.378979962643,8449.03746922247,8265.87126779188,8118.122650358377,-33.81825071409463,-45.62579953435626,1
2025-06-24,9429.959600213097,8423.146267361111,8280.381076388889,8304.17527488426,110158900,40.414845710426846,7769.649375786654,6818.737498306258,7795.176718581882,7612.270111493627,8774.478465264749,-80.62413736454222,51.5829945365356,0
2025-06-25,7844.244805105186,8351.763985567315,8066.233592898347,8304.175586789153,117561000,31.97417909683825,9597.816771806894,9099.673311408485,9457.02951855847,8977.950396939983,8540.057225831853,-132.8887285292936,-52.955988597262774,0
2025-06-26,7064.371478780546,8232.79296875,8113.821972091762,8113.821972091762,117281700,48.63470573499205,8238.372188758416,9252.159012142401,8100.425121076701,8264.985353993583,9795.241095860702,-88.88575703761418,-51.26110928850361,1
2025-06-30,8192.387322587774,8399.352105660122,8137.615921064482,8161.410119664085,185441800,47.82615663197619,7684.722312205924,6530.733851244988,8374.353949642784,6587.1740498472045,9876.17483114745,-90.99550306135902,-73.47716369044502,1
2025-07-01,8194.052442759037,8351.764437971444,8185.205033225575,8327.970237293463,82364500,29.39984090001127,9066.164055331832,7628.7361078133,8653.327974521295,7611.227484352637,8403.400280871918,9.003666649368242,-25.48978148894762,0
2025-07-02,8128.228257849264,8256.5869140625,8161.410119664085,8161.410119664085,68545100,42.304923110879855,9148.066959109226,8812.452648940374,6845.134499011337,9272.064968241932,8443.883179526812,-131.84596610790283,-63.74021505503875,1
2025-07-03,8846.806561992382,8327.969786178235,8185.20458984375,8280.381387400073,50370800,28.129586620027375,7699.090542403766,7832.0624701188735,7615.395625672669,8640.687937511331,9684.824311201093,-88.40469161856552,-139.48158862171573,0
2025-07-04,8723.010598707842,8280.381367413294,8137.61617142341,8232.79296875,43593300,44.84294501777332,8316.111863560862,9674.53740951073,7652.525663945417,9662.127872728215,7765.5719869645045,-91.88249299669425,-35.42901861664158,0
2025-07-07,8533.90888852996,8232.793223505434,8137.616423233695,8208.9990234375,49936900,22.06516166765546,7891.754452445687,9644.308327072022,8121.737769266409,7887.394052509596,8738.6600879301,-82.58611930446625,-61.55454585634323,0
2025-07-08,7837.658889592742,8185.204630055147,8018.645233513327,8137.616231043198,215611000,32.338658041432375,8202.768015042897,8002.110606843556,7501.300655306278,6863.872910234064,8428.245502160134,-168.38442227689,-80.70090567224385,0
2025-07-09,7683.620921644008,8137.616231043198,8042.439433019302,8090.02783203125,94459300,29.88651249970352,8417.187259077355,7466.277119008117,7831.320385921576,9446.161960294745,8581.13563060736,-120.6281884067119,-181.96958277387498,0
2025-07-10,7330.546903928815,8232.792988621912,8090.0277922874275,8113.821991676508,111769400,49.69194102493994,7276.916029167517,8863.566928476313,8397.647584604856,7656.90316583886,8906.538202510483,-68.21393879662438,-204.6751214339037,1
2025-07-11,7594.114432327729,8256.58742357337,8161.41062330163,8161.41062330163,135986500,40.876437620615775,8313.786226509821,7542.699241181078,8864.355009620791,7956.1200092458585,7594.202345665556,-13.450963901690926,-138.91190657819962,1
2025-07-14,7998.119014704517,8256.586969906983,8042.439181062134,8232.792771146444,125196000,31.50094353546809,7226.131426948488,7704.935949780345,9388.77663686705,8045.873695850375,7942.884791018708,-98.23873553975665,-158.4295415375496,0
2025-07-15,7828.731333494812,8185.204609831871,8066.233612595944,8185.204609831871,77219300,28.25939208218381,7279.626665244614,7941.015062196405,7521.196509214086,7770.5025063069725,7723.456696089495,-62.37575105139523,-152.5197593807249,0
2025-07-16,7205.746557457824,8185.204373625366,8090.027578583211,8137.615976104289,97475300,51.62455309273929,8490.77084531147,9082.14244630507,8313.668410387994,8432.341631936564,8193.551825359571,-126.60737571657128,-118.01403026895176,1
2025-07-17,8843.69913221329,8137.615976104289,8090.027578583211,8090.027578583211,86016400,42.12894856301952,8006.630120619074,7928.425806163264,7823.347973044913,7697.839628792454,7807.47785532199,-40.843514142258876,-136.42897494640744,0
2025-07-18,6810.048869231921,8161.410709732011,8018.6455078125,8137.6165094120925,80432200,24.6473335740159,7246.327325337947,8954.603707026217,8997.908258355934,7781.018159440391,7610.106446631417,-195.4009401299561,-120.7179058034017,1
2025-07-21,7527.581105541643,8090.027361085429,7971.056370481231,8042.43896484375,95383500,34.03091682922599,8124.323603788452,8286.429621966567,7709.984232490373,7398.59779746801,8887.486282228161,-135.57924756030002,-134.68364661935806,1
2025-07-22,7607.8367146504825,8066.233673095703,7994.85107421875,8042.439473470052,77981700,41.68346094508891,8237.586593015609,8220.638569406665,8281.238647170885,8040.620482349311,8104.758343214435,-170.7235105781625,-92.80651877218979,1
2025-07-23,7714.838723022778,8090.028108772256,7994.851307492582,8042.439708132419,70969500,45.31056400059279,8453.402260313553,9316.381067695089,6910.491429368273,7346.3964110087745,8605.83565637956,-180.35720953249594,-40.69979446506484,0
2025-07-24,6945.75596925023,8137.616231043198,8042.439433019302,8066.233632525275,138256800,43.23401134952819,7167.524165733572,7784.766297549008,8056.041837839006,9218.794477994332,7442.504490476719,-150.5621155049383,-162.71008841551236,0
2025-07-25,6862.406946637213,8113.821559206268,8042.43896484375,8090.027361085429,58682800,48.007867176507446,7125.518120257484,7876.814214181795,8349.644328893728,8779.264706759792,8960.734406123715,-119.08877462038878,-74.79947889101277,1
2025-07-28,8057.126851696056,8208.998829561122,8066.233632525275,8208.998829561122,99484300,52.61707799953291,8466.440006731882,8613.338957082848,7481.854212206481,7103.04703828614,8380.239954690367,-154.389058794526,-149.1155052739966,0
2025-07-29,7085.222444281129,8090.027872721354,7971.056874593099,8090.027872721354,104240300,39.94409479180884,8213.084065808038,7953.291756328718,8770.361766805398,8150.074275112559,7777.545746471307,-37.60869789839595,-159.8634571614149,1
2025-07-30,7585.616388719818,8066.233436333955,7923.468242770522,8066.233436333955,98098100,35.41677867330526,7690.885282261549,9506.417876336673,7901.978630847456,9130.259861186854,8880.77724662709,-97.95185727276518,-97.59052672654293,0
2025-07-31,7288.509664343526,7971.056678979418,7852.085683770771,7947.262479937689,206006300,25.956666936233976,8141.175793083857,6617.363914073654,7396.713902819384,8031.131347012866,7875.922650886332,-179.7195599137588,-54.69252717446824,0
2025-08-01,7131.179897551023,8018.644819512425,7899.673828125,7994.85062123494,86196100,32.97530716677206,8414.752857356461,7600.667434677991,7200.516677428926,7885.478537723133,8102.754851745102,-71.9542054113756,-99.38081879075807,0
2025-08-04,6750.34949028544,7947.262479937689,7875.8798828125,7923.46828089596,49054500,35.853777006050045,7532.006036276087,8642.943220620173,8433.630461730538,7128.668039685233,6699.539836739663,-59.04035486046778,-79.39687117311259,1
2025-08-05,8487.43025842934,8042.439708132419,7923.468706532827,7947.262906852745,69475900,53.550155375820225,7811.320494224796,9106.162390552923,9082.099227885,8552.416499064564,7878.915377727361,-55.540674758565864,-75.01021839492262,0
2025-08-06,8254.444185696299,8018.644819512425,7899.673828125,8018.644819512425,56325400,27.5308779835203,7929.666853054029,7347.6509847954885,7954.189563420787,9475.286960390205,9857.095080930194,-122.49758577885454,-158.60748850491498,1
2025-08-07,9148.510086415916,7947.26222467997,7899.673828125,7923.468026402485,43621300,41.21175818755888,7878.429217070904,8370.103620739907,7569.158804811435,8238.465024582318,8218.664887147177,-67.38661882627346,-147.57394310563893,0
2025-08-08,7278.833846668117,7994.85062123494,7899.673828125,7923.468026402485,68378700,35.292546312668605,6681.848897859351,9863.67096579665,7056.561593450271,8326.911447248674,8593.690584577169,-105.07343277564111,-77.28419324010727,1
2025-08-11,7438.92497464411,8137.6162109375,8018.645213701572,8090.027812043129,128561300,61.47910939884445,7327.229050827691,8042.310441112733,8236.916294747269,8132.702078094772,7120.144812851361,-158.49235643540223,-47.27170060359884,1
2025-08-12,8793.019565571305,8446.940683483404,8161.410294182557,8208.998692399364,171015700,59.40273232492966,7566.207958066625,7598.3040827632385,8428.751918713899,7891.439535935608,7004.810006965872,-46.233235249491536,-173.56854024489553,0
2025-08-13,8008.37523985096,8542.11671426383,8304.174744507178,8542.11671426383,129083900,70.67420701661362,8055.888545583877,7947.943485499107,7404.557241396336,9105.209209857883,8206.60854219691,-11.04821777617689,-118.9777918268465,1
2025-08-14,8038.122643671309,8518.323061342593,8327.96947337963,8494.528862847223,122930900,61.92589533590746,7896.502978826944,8769.8767931358,8458.394508293217,8420.920086173537,7633.724595947314,62.785428207294785,-1.5971609189799167,1
2025-08-15,8095.407968869778,8423.147040005388,8280.3818359375,8399.352839327406,68754200,58.71186121019791,7548.037609248103,7791.17480043178,8283.963512823157,8384.464361546363,8383.40766911652,14.152396571442065,-82.29950896106038,1
2025-08-19,8290.818641136946,8185.204630055147,8042.439433019302,8185.204630055147,128591700,64.12431780482913,8591.857102819913,9337.362704557623,8351.942482855897,7144.835069956989,7640.389624888113,45.15953399223787,-67.691581334196,1
2025-08-20,8294.588320922783,8185.204373625366,7947.262386019978,7971.056584780517,202260200,31.641576326535354,9177.223872549863,7805.252836071676,8197.790717594016,6670.597907371355,8226.651470184865,-68.63162862882447,63.387121263236935,0
2025-08-21,7972.2973795832695,8161.410410384686,8090.027812043129,8137.6162109375,69470200,71.51416771452304,8076.283582948415,7417.491775029383,7487.788356196476,7922.992793435726,8508.781792551856,-94.74029782495997,-86.1099437349608,0
2025-08-22,7446.86529254712,8161.409955447947,8042.43896484375,8161.409955447947,66394100,56.82667327739769,8862.891832166944,8312.922105861398,7682.5881956247595,8169.1519691622725,8240.96884166388,60.234802430090205,-33.388494648914985,0
2025-08-25,6902.355109874319,8137.615994883849,8066.2333984375,8113.8217960684,64052700,62.127685687830436,6908.206974362956,7938.279891834177,9463.685869020625,6720.313531103959,6960.211195459656,117.17961545305285,33.88878815965352,0
2025-08-26,6260.694571960869,8066.233735795454,7852.0859375,8042.439535984848,326794200,51.61268422429051,8104.6765698585905,6746.0760504008695,7887.625073881965,8060.2148201256205,6795.644699631845,-10.30531639473541,-2.6184844059687737,1
2025-08-27,6619.010254379375,7947.26222467997,7804.497035015061,7852.08543157003,111915700,44.73059963405837,8540.707580013534,8148.952041277402,8899.352358701337,8925.158893094127,9310.552373030523,-1.0016930661283396,-44.93226885016058,1
2025-08-28,9551.553669964436,7971.056659687031,7875.87986375047,7947.262460702891,81281400,41.207997674744895,6565.307418779133,8183.930516756587,8289.067426393818,7636.037060648001,7602.884642934686,17.27343339653813,-7.453714818458746,0
2025-08-29,8763.815084038659,7875.880461796149,7685.52685546875,7852.086261005224,236499300,43.419927985133405,7522.305868573085,8165.599190375114,8548.749847648447,8376.683017017895,7645.917916429433,-70.75621619985456,-37.77569647076821,0
2025-09-01,7623.208727092046,7661.732443237304,7233.436840820313,7281.025241088867,421127500,32.53263967430407,8399.64238233664,8123.49519489318,7247.886957772362,8369.264708273677,7680.559710300433,-44.0390151077014,-16.981450571762,1
2025-09-02,7812.932097155091,7780.703443908691,7614.14404296875,7614.14404296875,155531500,13.653556274512628,8970.805671388756,7523.580234211923,7604.818472678488,9496.812813600392,9255.829234803372,-55.187074668766435,-34.980838285935846,1
2025-09-03,8293.491582065859,7614.143808777429,7518.967011167711,7518.967011167711,212372700,10.645391471801961,7657.323746827134,5875.790097622237,7765.789859510911,8476.372877738748,7650.3465854894475,-191.57248091175057,-81.7135652204656,0
2025-09-04,7478.1343200762985,7614.14404296875,7542.761442565918,7590.349842834473,103534800,26.495560587922512,7494.99791516113,8031.366789955628,7921.105199502348,7415.7070919941325,8558.12708169398,-149.89673957129716,-67.99986432784844,0
2025-09-08,7230.473263599829,7637.938376686789,7328.61376953125,7637.938376686789,321191900,11.301728526069462,7427.172720724474,8354.557439434833,8962.756223302955,7838.665116758993,7889.745927894587,-256.0537333850961,-125.98151796168182,1
2025-09-09,7537.046397827649,7352.407799197987,7114.465799223942,7257.230999208368,595368700,-0.0837293306003346,7737.868336576198,6963.3849481405805,7636.621827733359,8072.203577650139,7883.441992536073,-264.5654114724249,-181.68024037223955,1
2025-09-10,8688.799600440068,7423.7900390625,7185.84805063101,7185.84805063101,246849600,20.899824658980428,5977.043706069275,7119.010725101662,8635.770431304825,7513.692716519996,8383.22290130078,-254.98383339002933,-180.93097581549776,0
2025-09-11,7570.341841466606,7590.349907941879,7471.37890625,7518.967306926751,235173400,42.327822467723486,7791.838004022067,6969.934865110545,8909.007794014426,7236.168696251688,7603.4698070725635,-137.77417021507017,-234.8715269804215,0
2025-09-12,7221.684536709659,7590.349629399152,7471.378632073147,7590.349629399152,156084700,39.659919742966366,6877.79863494768,8054.636639167813,7822.553488272225,7868.780143790678,7860.377034624662,-244.54851091851492,-224.11033870639739,0
2025-09-15,6760.7876466786765,7709.32058630257,7590.34958960037,7614.14378894081,142567700,42.208155566317025,8102.720328301726,6885.954501556448,6594.324180989515,6456.398627651823,7890.266944190934,-189.84059256260446,-124.23793380745118,1
2025-09-16,7958.400486261615,7685.526427259957,7518.967031003549,7661.732227794756,129312900,56.23411921047587,6458.576270539843,7784.041340872392,8123.0895910513755,8558.224231837874,7886.9864312569525,-35.809493204768984,-130.11742221819256,0
2025-09-17,7861.062286676936,7518.967306926751,7423.790505573248,7471.37890625,183725900,35.169756709538646,7204.314872604795,7280.487209485326,8187.706141626502,8236.571248480668,7131.418541527311,-214.67266238927436,-55.931217267556505,0
2025-09-18,6439.0235755624135,7518.967373934659,7281.025368430398,7471.378972833807,275378700,48.4640162276241,9065.986431056823,7339.50244122351,7884.983436680985,6992.632109426558,7670.019792471361,-178.09645151738766,-125.97579939619878,1
2025-09-19,7216.744667677697,7447.584237905649,7281.024846003606,7281.024846003606,149025300,32.67466515408755,7717.496251471033,7854.792667018928,7140.603861848319,7297.216038006329,8006.301229654829,-89.38085992635901,-146.18667621768353,1
2025-09-22,7541.366590769647,7447.584019139361,7352.4072265625,7423.789820995146,92588800,46.5605694896233,7665.389890534505,7177.185370357074,8068.87759886754,7146.249574153804,7086.764140579342,-56.82851796939629,-321.88517478745655,0
2025-09-23,6393.970475186945,7518.96705109127,7376.201853918651,7376.201853918651,102606200,40.228826400739784,6997.184866612341,6764.4917694623755,7078.229702093586,7506.257523720913,6779.518320846801,-161.77970627864357,-173.7885392167458,1
2025-09-24,7112.839911711676,7566.555491358521,7352.40769443328,7566.555491358521,150428400,26.770360289051943,7786.898961217243,7896.373023723129,7991.054778168975,8327.849319960667,7329.129227783003,-254.25011577367277,-106.8608842976014,1
2025-09-25,7644.598221536582,7399.996371182528,7328.61376953125,7352.4079700816765,147986600,24.04199892422385,7198.777059849733,7375.416542834828,7865.454926464098,7977.289485296239,8422.99838225493,-161.9062181975591,-112.58347593479132,0
2025-09-26,7033.741999774098,7328.613556608607,7209.642557313013,7209.642557313013,121657700,37.87177066228946,8932.155546774075,8427.04759184783,7179.649823721784,7425.726688657895,9182.080539294404,-110.89655996535562,-93.72265406383718,0
2025-09-29,6910.539286625182,7423.79029340836,7328.61349477492,7376.20189409164,116454700,57.62549524294347,5652.8070960258865,6901.614288830144,8624.784992085095,7065.08050071786,7285.771757811044,-40.929280770467884,-227.9212108151888,0
2025-09-30,6320.685607751156,7399.996156185964,7257.23095703125,7328.613556608607,170666700,48.61621042881398,6961.810141302902,8584.394693211232,7703.849554805742,6842.10525428936,7891.375192372395,-188.4570739809987,-193.98278228335425,1
2025-10-01,7702.055726239396,7304.81916015625,7138.259765625,7233.4365625,202433400,30.16497616627946,5576.275848105093,6625.132192566982,7742.724393943098,7133.731250437181,7203.875161869332,-137.8724945422253,-59.46848822531483,1
2025-10-02,7945.281374395063,7233.4365625,7138.259765625,7138.259765625,126952400,36.923586110621216,6797.847804552241,6435.560512728392,6970.147969105565,7605.161985757539,7227.802402845978,-220.60201146408886,-116.95087131304439,0
2025-10-03,5516.79133539704,7185.848399216155,7138.259999221345,7162.05419921875,76787500,40.82653575378672,8992.863377246827,7477.763464816436,6343.436779621206,7502.482320573765,6306.063358837239,-172.69786825400413,-178.86524470527195,1
2025-10-06,7276.005491317133,7185.8481640625005,7090.6713671875,7138.259765625,104032400,22.0228222940943,7021.916344972862,7202.914493058979,6267.110274870565,8598.011628290098,7920.966966597479,-103.74935132612484,-151.67721739888023,0
2025-10-07,5148.245199119356,7233.436288160066,7138.259494894802,7185.847891527434,74282600,34.28530194259573,6983.331862843967,7384.315794155733,8135.8257712388095,7384.027926035774,8332.173661028688,-154.623434874059,-183.38717949726473,1
2025-10-08,5952.696781253213,7162.053765558792,7019.28857421875,7138.259567002118,168080800,21.378597341133034,7602.548563666326,6758.678632558824,7692.057840851375,7592.307166963709,7116.848024996418,-240.86711766312249,-186.3847254891036,1
2025-10-09,6842.279199882786,7328.613339455712,6947.90615299048,7019.288750452711,293567400,35.67888357612621,6740.627051797833,7167.588759013056,6132.902506407254,8016.451493513956,7716.823796915837,-161.0184212956373,-132.92166333389167,0
2025-10-10,6538.4461802475425,7090.671406513936,6995.494609111064,7090.671406513936,107426000,21.227282801322737,7446.005947327136,6708.559841501535,7575.075971395431,6914.9422059582,8545.00892669634,-158.03812103876268,-142.94968536774113,1
2025-10-13,6810.493251348521,7019.289084164356,6947.906483308448,6947.906483308448,101847900,23.92489098833789,6914.320198517106,5918.673121736756,7153.2292264304215,7561.762687111137,7383.301927761441,-162.16132139896635,-198.14413986518008,1
2025-10-14,7133.858247902388,6995.494669315733,6900.31787109375,6924.112070649246,151862300,42.81914874848226,6149.327288107062,7183.697994645404,7314.393294125884,7189.291899828298,6245.714356673094,-221.06244118792296,-179.65236967845652,1
2025-10-15,8064.796995160773,6995.494669315733,6876.523671538254,6900.31787109375,133206400,38.25825908339507,7551.30949114867,7240.84077389852,7628.878555007593,7337.234221693322,8877.720106380366,-285.79152532818705,-173.29069495625137,0
2025-10-16,6139.515917107959,6971.700449486301,6876.523651541096,6900.317851027397,120611200,30.019088987755524,8173.059922055478,7518.7751704355105,6532.644585657012,7486.676843300965,8424.965372438352,-207.02573101095055,-184.5299552337852,1
2025-10-17,7434.890469820174,7162.05396484375,6924.11197265625,6947.906171875,157334400,42.68686255332587,6822.257833277808,6197.387454248911,6953.08056338773,6137.24068953599,7244.413970771109,-57.891570635480804,-163.76057304853384,1
2025-10-20,7574.706634491945,7614.143849206349,7257.230856274801,7328.613454861111,393421800,47.05758119289939,6941.026449332238,6762.892866361421,6924.426997738659,5600.298511692665,8168.107793765954,-184.7433352228894,-164.67247474194295,1
2025-10-21,7681.868092966937,8066.2333984375,7709.320416205752,7709.320416205752,529802600,62.75749698797293,6017.762768330092,8328.153884862133,8293.510768403428,5960.275461341789,8454.983206625866,-51.96847150783496,-129.99150804458552,0
2025-10-22,7185.759347831383,8280.381556068978,7804.49755859375,8280.381556068978,392957200,72.9232442053075,7022.927966717296,8671.45152725286,7537.552773770976,6165.4507820466015,6832.907743407614,-26.91476084873269,-108.97869627960014,1
2025-10-23,8026.082402252384,7947.262460702891,7756.908868829768,7804.497266798048,187003900,62.350137765533354,5734.835469890163,8608.507341819393,8701.552985921877,6227.761710312154,5839.50067472221,10.75821402543005,-45.862222606813134,1
2025-10-24,8927.142171541396,7971.056678979418,7875.8798828125,7899.674081854229,133355100,56.85268536859938,6163.08439566768,7542.150597967522,7260.695783737287,7996.050801023504,6954.623092987356,16.16169963016695,-30.931862380670918,0
2025-10-27,6533.5183620294565,8018.645294372193,7804.497497193114,7923.468495625935,182275600,67.74867792118293,7964.48462038199,8876.942128051061,6418.403169666507,6497.1764987009465,8105.13188857623,150.46958872219616,-73.37351290271755,1
2025-10-28,7148.308098158468,7994.850878021149,7852.085683770771,7947.262479937689,180270000,61.29583621382722,7344.584619284829,7227.666888872621,8132.796926582188,6784.287464483054,7909.699086423121,125.76834501056972,25.49781077675828,1
2025-10-29,8300.426823543103,8185.20458984375,7875.879997785702,7899.674197174782,239156800,70.53995700714525,7152.669707670847,7749.107818078151,6485.487934875706,7340.181869258669,7578.8954699183605,162.52913560660878,56.44450816503549,0
2025-10-30,7963.898982184934,8327.9695661886,8066.233379822673,8161.410174864828,259009800,91.34112396157502,8145.103309377047,7563.881630709799,7727.453522004127,6908.689071728483,5981.470064709618,193.77035142953034,-10.338677995618681,0
2025-10-31,7236.57558471279,8232.792771146444,8113.82177734375,8137.615976104289,177088000,73.3421100484423,7637.508115788296,8862.760487125255,8426.110757442373,7385.586873555206,6467.009032578353,197.17961439776556,118.48385680176773,1
2025-11-03,8060.045321105291,8232.79296875,8113.821972091762,8232.79296875,115007100,96.19339529749261,7444.247473379553,8140.278697353492,8224.95872393158,8557.79480187023,6884.2058344770485,157.83860022001085,152.94092148807974,1
2025-11-04,8315.53788652779,8280.381367413294,8208.998769418353,8232.79296875,155231500,83.77042094176156,7724.3309195634065,8885.594235383845,9392.794002138777,7842.004960466744,6482.533438395574,274.6601860032083,123.38782323610106,0
2025-11-05,7610.803251377143,8280.3818359375,8185.205033225575,8208.999233903556,125731500,77.39003795036366,6830.294683023562,8468.137478526163,7032.186059815865,7461.820881725717,7608.700265542271,247.37590629036015,194.52558705991888,0
2025-11-06,7214.706270471574,8256.587208173429,8137.6162109375,8208.998809279057,89756900,83.43275976600944,7731.285676164398,8259.82727647523,7816.338804535133,7932.9872959441855,6545.976997321906,336.34027833936835,158.4075728911601,1
2025-11-07,7481.976136008899,8256.5869140625,8137.615921064482,8137.615921064482,75241900,79.22680656761752,7811.664996284547,7314.615535137382,8282.142572346358,7691.615250095884,7968.396486838374,182.62954113399027,158.04227022450604,1
2025-11-10,8337.810741768473,8256.587445050565,8161.41064453125,8256.587445050565,79897700,69.57784622341725,8311.291013029226,8786.861474895552,6839.032209701874,9374.569996086619,7968.000338873968,208.1321923495693,196.07676282152892,0
2025-11-11,7594.875307274583,8185.204671223958,7994.85107421875,8161.410471598308,130897600,66.00992988712143,8546.624959394918,6995.093805492079,8454.996440749735,8116.77629777094,6493.788730776749,245.28800200576032,176.49895028852637,1
2025-11-12,8314.40464606548,8137.616231043198,7994.851034007353,8018.645233513327,85415600,40.36344285755217,7241.084733813931,7293.678441348664,8092.076956031515,9214.94984892011,8461.326698758028,224.2623403812674,273.4730183973983,1
2025-11-13,8798.643810238545,8066.233436333955,7971.056640625,7994.8508395522385,104113800,51.24650767389326,7609.814211311008,9170.336028716505,7802.83953210217,8636.79051743087,7956.660879621718,139.7691910288597,188.89311645390367,0
2025-11-14,7871.372669587528,8090.028108772256,7971.057107172664,7971.057107172664,89815300,50.1721681658944,8666.247203708199,7895.466897658514,8323.721031212744,8617.278216218117,8343.418857547756,185.7116957226661,183.74431845887347,1
2025-11-17,8253.839610087764,8161.41064453125,8066.233844011935,8090.0280441417635,129411100,54.83831738175701,8698.687862478288,7608.982714870014,8145.641876579042,8242.251941245091,7535.125344436291,166.10880843749155,215.1271750017876,0
2025-11-18,7405.857557123993,8161.410471598308,7994.85107421875,8137.616271972656,119377900,41.943610774654445,8968.518745140875,5940.406461474902,7886.206456868147,7490.340078415038,7265.095767367165,142.09565149902727,209.33008271019293,0
2025-11-19,7358.838224017386,8090.02759725295,7923.468205544801,7947.262404360251,114209700,44.41530690511378,6834.1216960426555,8607.041735594892,8697.951028287069,7800.897697606454,7826.636913461251,113.57524431284038,162.20650505473648,1
2025-11-20,7378.120298707235,8185.204910051929,7994.851307492582,8066.233908452337,124087400,51.75617292734168,7586.496844853945,6724.753314048896,7287.079131214988,9474.698425074761,7981.889018187861,141.31258638641137,63.78182298455883,1
2025-11-21,8443.674168973641,8018.645273844401,7947.262674967448,7971.056874593099,103917100,37.60472594762927,8185.027784616415,9281.13693555785,7032.35795782623,8018.356114313775,8862.199017764236,149.79477823957,174.2514945976841,1
2025-11-24,8775.780809841508,8066.2333984375,7947.262404360251,7994.850801991151,279590600,35.75086094458684,7540.840531958362,7060.641755593859,7296.725040793597,8561.626162798544,8410.010283781334,103.75173834587552,133.71394939383498,0
2025-11-25,7953.465825328005,8090.02783203125,7971.056834501379,8066.233632525275,98807700,37.12422129810183,8519.413635342344,8192.865047635381,7669.455627076533,6590.975465716535,7990.273323323816,223.18651369763114,140.88221369247407,1
2025-11-26,8566.432773983131,8042.439708132419,7971.057107172664,7994.851307492582,77094400,42.139093604023216,7460.174892671943,8937.923886501436,8747.055760406996,6830.186237846408,7317.404933147387,96.80540011832659,157.03532167515726,0
2025-11-27,7089.733570790556,8042.439256639453,7923.46826171875,8018.645057655312,71051300,35.101649904218654,6537.4111757865585,7817.92392478936,8056.645499026631,7838.256079550868,7615.3270054950735,68.71919707469289,21.068101226808878,1
2025-11-28,7234.141203705826,7947.262479937689,7875.8798828125,7923.46828089596,67559300,29.982803554629314,8583.271442269934,8130.801597361644,8288.342433978572,6681.132319253555,7469.168677543876,49.1426165725763,139.03890595681264,1
2025-12-01,7989.801631436338,8042.439473470052,7947.262674967448,8042.439473470052,76359200,53.79617258590491,9531.037900319172,7229.255522828785,6680.164944369393,8318.881271732997,7930.397021514631,36.561761070305536,55.63203999199182,0
2025-12-02,7584.829733397923,8018.645038479477,7947.262441697761,7947.262441697761,97044000,60.306677834809534,8113.958036051999,8191.863093723625,7460.123479319984,7276.779660070348,7240.373278783052,39.73921794167927,101.40993892658372,1
2025-12-03,7879.924137791378,8047.701477786145,7951.8955078125,7999.798492799322,103550900,36.769827622000506,8050.4019250775555,5749.273848661254,7412.997658128124,7061.166253994016,6735.769512700481,-3.8151569536698773,18.294671553396313,0
2025-12-04,7877.763951753425,7999.798973570479,7880.04150390625,7975.847479637633,71410400,31.025682776412665,8142.518838353319,8854.176551301529,8329.335551148246,7262.2151008943965,7814.7320212939885,-7.053240005037782,62.35135373954971,1
2025-12-05,9727.563885352341,7951.8955078125,7856.089537838855,7856.089537838855,71162300,33.330968832642824,7069.761054712448,7848.8528891069,8374.833891670063,8283.808191587952,8611.779491843563,-53.35089821914946,102.95211188108105,0
2025-12-08,8289.544378958974,7999.798492799322,7903.992522825678,7999.798492799322,61745200,46.59054932160253,8669.548725256593,7023.385598869229,7577.123190443937,7544.413900507159,9245.241758261405,-1.472236385776462,25.452487759126534,0
2025-12-09,8203.802555118524,7951.895634403935,7760.28369140625,7951.895634403935,113057200,14.153970380303814,7778.566871892887,8511.284846913186,8294.560858014855,8191.0742534126575,7867.797542045967,-0.6300862260389561,79.01809527831605,0
2025-12-10,7284.030617116047,7832.138495005321,7688.429531794214,7760.284013399768,143418300,35.151243934129255,8176.340918716389,7939.937843364155,6939.416641526448,7780.979100801971,8795.834968477498,-63.90407691185546,-21.508578607027463,1
2025-12-11,9307.30552633184,7856.089978027344,7568.6720520019535,7832.138484191895,140766000,30.943823895448,9548.51558971809,8137.022090150373,9031.429576949937,8119.599970482753,7284.334175051774,37.02283982028443,123.39407971265388,0
2025-12-12,8817.608572630746,7664.47802734375,7520.769064331055,7568.6720520019535,100006800,37.49047409795733,7437.8171965574375,7793.757199423791,8128.448040801158,7140.776177265342,8014.397092547171,-58.262646376396255,17.314878413583266,1
2025-12-15,8881.068453477383,7951.8955078125,7592.623120411333,7592.623120411333,143105700,47.07389330842066,7393.700017037757,8463.326403892572,7421.326338669936,8191.815364441426,7617.338457516989,-68.68402995673442,7.738233575283607,0
2025-12-16,6614.549491637768,8023.750445953463,7688.429531794214,8023.750445953463,122332000,18.688745135959607,6664.525129713438,7637.749943538664,8624.36572108753,7161.600572231298,8130.880980374402,-106.0181304191066,46.34176987440547,1
2025-12-17,7380.5020813823,7784.235170548579,7640.526213553836,7664.477706386293,89802700,32.49565132507527,7695.189870322407,5653.551867149527,6689.063735206849,7315.646595255517,8022.166172188464,-190.83440996356762,-40.373228022550194,1
2025-12-18,8003.415582321991,7903.992662342316,7688.429226096617,7688.429226096617,88497200,54.12160275403026,8440.05143224163,7784.392624590389,7702.038774705211,6616.938499692705,8571.659075565201,29.322653425552495,29.03879927834123,0
2025-12-19,6163.007763813128,7880.041312839674,7712.380859375,7856.089819487577,131069800,44.62693194130464,7805.03574337212,6288.702758011174,8484.12150259056,8100.7452499790015,7058.9380729323875,-26.80099979315301,-39.94381770508356,0
2025-12-22,5931.751408581846,7832.13818359375,7688.429226096617,7712.380719012805,72424200,48.46594154793869,8249.049616994687,7307.594800250179,8963.155469752568,7838.358999490349,6848.819421561521,-63.77886697638439,12.635075267367093,1
2025-12-23,7744.589956159134,7784.235170548579,7640.526213553836,7760.283677716122,85044100,35.41965207402218,8113.530514261916,7341.21637287855,7300.39169331245,7841.944136815455,7877.901466915498,-4.574234131584795,-33.649202620976176,1
2025-12-24,8538.073205311452,7736.332184883665,7664.477706386293,7688.42919921875,71260500,56.439368905987116,8001.561174905315,6852.5006558771665,8477.425298520096,7735.484671372391,8441.45032774779,-103.80514060877861,29.039434961249597,0
2025-12-29,8143.4791745164775,7688.42919921875,7616.574720721379,7688.42919921875,78399400,61.2353841438242,8594.294367533836,7396.427760648818,8213.766747765665,6964.565230384293,8327.493475888925,-47.08524555877397,-54.559177838215135,0
2025-12-30,7898.069089830363,7832.138495005321,7616.57505018866,7616.57505018866,101995600,28.39093229018846,7526.730051723662,6999.380163248857,7582.638063066572,7547.217640121977,7918.829003645431,-37.065501292555865,-74.6435534542739,0
2026-01-02,6809.015994714216,7736.332184883665,7664.477706386293,7736.332184883665,68612400,64.81621484485808,7671.135507933442,7589.938320022998,7635.032813890233,7396.337254899321,7417.391802824266,-125.62986830034905,-91.79692711791742,0
2026-01-05,6187.390136470382,7760.284013399768,7664.478037925696,7664.478037925696,73408800,50.70633179813959,7145.427799645198,6894.9543543559785,8541.313261032292,8006.4736568814615,8283.081030350917,-28.235069152022866,-21.228041100393874,1
2026-01-06,9442.110735411477,7832.13818359375,7736.332211928995,7832.13818359375,97624300,57.880772330840294,7944.616893398659,8068.51543568629,8497.443816686786,7101.333107065308,7398.651690381171,-56.549118194778984,-15.688200667186983,0
2026-01-07,7171.613450107001,7832.138505619728,7688.429542213861,7784.235517817772,93152500,70.04245152984277,6963.90868433904,7362.611015479441,7381.38928287594,8001.94547755191,7388.392960935968,-17.625167398252664,-102.22816888774244,1
2026-01-08,7531.790821432962,7808.186832783385,7712.380859375,7760.283846079193,79823700,26.49492347065609,7139.535539821626,8213.076933043387,7309.174386401273,7687.450276319265,8545.55209738566,-122.42801815868458,-59.69103521276604,0
2026-01-09,6194.288570070892,7832.138338341346,7712.380871394231,7784.2353515625,79484700,41.590846307732534,8790.733416348103,7981.444491471439,7824.382913158798,8128.023564811841,7684.488088789471,-10.55708568372037,-6.685906158650845,1
2026-01-12,6753.99843813746,7760.283677716122,7664.477706386293,7736.332184883665,82935700,42.98093224936835,7477.683526960799,6688.836773592349,7780.9819307405305,8935.103516193321,6290.6640256496885,-62.00498491513883,-25.256220631434513,1
2026-01-13,7371.959896803802,7736.33251953125,7664.478037925696,7688.429531794214,80536300,52.25795253489466,6617.015823192833,6943.890002949399,7940.318410858375,7461.916509799987,8423.016887658448,-101.91149978296887,-111.62960178840864,1
2026-01-14,8210.143294774676,7712.381015014649,7616.575039672852,7688.4295211792,105724300,50.60051102145912,7848.184839832456,7735.819413623101,7566.066404086019,6124.906497343641,7776.238145668128,-27.913548109715883,14.777992746754258,0
2026-01-15,6412.648123791686,7832.138495005321,7640.526544057178,7664.478037925696,151753100,44.524258491038424,9288.862669659728,8258.247227047395,9036.59281464081,7476.057461696851,7492.793141491306,-22.807151067758156,103.64676974423709,1
2026-01-19,6592.0408076143685,7784.2353515625,7640.526391225962,7736.332364783653,172100000,59.08926784292325,6718.926819707206,8427.86149687259,7492.954988717501,7862.832155980782,7418.952984332948,-83.8320010216169,-9.2944276003564,1
2026-01-20,7662.919253358909,7784.235496520996,7664.47802734375,7712.381015014649,82672500,51.754643833060065,6975.29068543353,7737.578927163981,8572.728343026562,8015.49677562252,6385.753518706377,-2.107746619837375,-44.06679458303564,1
2026-01-21,8218.984829599927,7616.574995561079,7377.06005859375,7592.623501864346,301825600,41.05747756985385,7998.140218009667,7676.016355044894,6868.087247750711,8218.415488391813,7910.146318915132,2.1462763766628257,-6.2183128129215675,0
2026-01-22,5742.542706563785,7448.914201325061,7281.253753063725,7377.0597234987745,268025900,31.81502662404844,6771.416579885442,8487.900261857882,7376.421908228559,7168.0344438944085,7841.271152940893,-105.892460923911,-0.07513029916046321,1
2026-01-23,7014.456503294846,7353.108230890012,7233.350767846201,7281.253753063725,202878600,28.278571922651217,6762.059814254786,7718.844024736168,7531.020623540774,8426.191919989074,8877.07904494652,-97.29850535316496,-70.60982569560112,1
2026-01-26,8280.77728811631,7353.108230890012,7209.399275237439,7233.350767846201,213044100,25.797913544390425,6471.820388216968,6782.903562272803,8280.360231288923,7486.318451382087,8237.04452400082,-29.92432666657838,-135.8510739757615,0
2026-01-27,6848.896951233269,7305.205216471354,7185.44775390625,7257.302231445313,259830900,24.17573672356605,7762.900570672332,7267.848509130225,8225.512650780553,7883.128175534358,7522.131189335983,-152.35704635098065,-7.860702136340933,1
2026-01-28,7483.772511302529,7089.642029025801,6634.5636555410365,6754.321122247554,1027287500,21.915169450009344,8044.505509370472,8096.58486857067,7722.402511616885,7261.008132001509,7063.265317569313,-173.79889025179307,-86.82997989215747,1
2026-01-29,8197.149939038378,6969.884755452474,6107.630971272786,6395.048899332683,1432993400,21.57352497843419,8752.828345783719,7396.393592418964,7529.758115122882,7386.938586020056,8126.737201961989,-186.42553891810434,-146.7910207948092,0
2026-01-30,6224.384938655555,7281.254038217905,6898.030141469595,6898.030141469595,528434900,32.9775779489027,6939.208449096461,7217.508224925781,7246.401085639732,8619.654060472676,7589.077520008261,-170.04791248421498,-118.87348262696054,1
2026-02-02,7477.719147639793,7281.25390625,7017.787482010691,7281.25390625,326948700,33.527845497397095,7348.970105675932,7346.766574516847,6294.767058284674,8144.417341144197,7413.978168567199,-250.64499976071977,-179.77197685760092,1
2026-02-03,7543.251027580618,7329.15673828125,7065.6903195848645,7281.253753063725,206015400,34.221269682596684,5733.803226621227,5710.3599572217,6379.670092356603,7984.3904625008645,6803.5429646274,-147.80764083746377,-127.56846138978254,0
2026-02-04,6589.962952021862,7496.817215357071,7281.25378104968,7329.156766451322,193370800,48.26817895632504,7072.92793420365,7900.481259482269,7136.435807390675,7904.614073857301,6791.067221139946,-127.46172115572318,-136.6860586056818,1
2026-02-05,7078.263240433082,7592.623186160356,7472.86572265625,7472.86572265625,142332400,42.838939089127955,7572.415474742075,7763.16599993039,7143.906292312628,6341.096784723024,6020.8657953368975,-126.86706468500255,-86.80940644241565,0
2026-02-06,6423.36347215106,7448.914371055578,7281.253918973941,7377.059891592019,176352600,45.20752487448762,7528.757586673365,7488.938409796295,7177.679447499957,6250.31246983997,7583.389737122195,-122.82400351295777,-110.75581641871412,1
2026-02-09,6563.815702968634,7401.011186523438,7137.544768880209,7353.108201497396,174758300,35.80346679473706,8044.106651757803,7884.360364429291,9820.881149946705,7095.749696295061,6559.687512848939,-106.43973216408871,-169.21595541954485,1
2026-02-10,6744.235370469322,7233.351062787417,7137.545088445861,7185.44807561664,127704200,54.72413159183281,7832.224082323901,7207.787094086546,6334.452553230463,7332.835911012005,8143.701888635718,-160.2354020250275,-108.62405519162695,1
2026-02-11,7598.086102046477,7209.3994009542785,7089.641935822147,7161.496414901426,213505000,51.49664476533873,7168.236872946618,7721.734464214241,7280.102307779541,6439.4568575923095,6802.772029285705,-89.65979231344667,-99.14048644375487,0
2026-02-12,6559.249983956697,7161.496558700405,6993.836104148891,7137.545065193046,237465300,29.626547464394186,6842.502542458667,6850.155420009102,7296.375392951634,7349.589312085502,8142.976563554268,-93.68826974525871,-28.51419798233752,1
2026-02-13,7269.938193499735,7017.787743462457,6898.0302734375,7017.787743462457,356015300,48.459310270501355,8042.279537989021,6998.703557261837,6907.033199243136,7077.503760824128,7393.790266670609,-123.4421332866802,-130.30943210862813,1
2026-02-18,7442.762651494056,7065.690741784794,6921.981777545103,6921.981777545103,125301200,38.40526469337212,6373.155502120593,7630.988703336487,6493.489828099415,7032.328952081474,8353.591403085347,-123.88831974050761,-154.6801057301582,0
2026-02-19,7191.633800544817,7017.787573837652,6874.07861328125,7017.787573837652,133463400,60.46776541673832,6290.724131595436,8203.954440642372,8169.9511220899585,8248.049221634421,6691.355048969995,-120.18444722901309,-125.66964313840117,1
2026-02-20,7617.94458173858,6945.932938202855,6850.126966641436,6874.078459531791,122959500,48.01925458039978,6977.454482679139,6691.023839030907,7486.016764411605,8077.547285221712,9929.153470356554,-139.38931862028025,-240.68852236214542,0
2026-02-23,6862.231783329165,7041.738923373288,6969.884444563357,6993.8359375,100443800,42.40120799440365,8494.262253847774,7269.297052992598,8025.473443406868,7705.7010061830015,8226.838629245982,-151.88659952485744,-184.7236213509126,0
2026-02-24,6218.296676868529,7017.787416873919,6921.9814453125,6969.88443109321,159225400,35.84922477543361,6474.919221373382,7085.105705302324,6782.921552343574,6895.5354890464805,7920.738545247744,-181.9728868811268,-124.78256213831877,1
2026-02-25,8075.185691659465,7065.690584670968,6945.933117134172,6969.884610641531,133278000,37.237133992582876,7405.149516895358,6729.784167356802,5669.898693259989,6529.925438625118,7221.413832020585,-42.38185079884359,-122.82617058569517,0
2026-02-26,6745.29216718941,7065.690416309932,6898.029965753425,7041.738923373288,127811900,23.121360701180905,6434.177674279769,6885.900162898087,7754.941523469166,8227.048642505782,6327.984058084554,-161.48383889821488,-76.93044564803624,0
2026-02-27,6042.947500447704,6969.884586985518,6874.07861328125,6898.030106707317,193104700,6.761870927153346,5368.137945666083,6871.390432912436,7978.5830134583175,6286.168310299054,8704.220307555104,-161.47681886562484,-232.29432942774426,1
2026-03-02,6841.6272570117335,6850.127095612767,6682.466642223643,6778.272615588857,156182700,38.58144957502649,6651.351572482679,7166.262421623787,7313.708935507627,7298.410464540362,8023.076021507625,-142.57171153595064,-129.4851141289908,1
2026-03-03,7008.80007688105,6826.175446527164,6730.369475347836,6778.2724609375,103031100,21.48284374211198,8425.25206894828,7098.172862056851,5933.862208107299,7059.161603819608,7845.109363281199,-152.45188443063984,-161.59757327736085,0
2026-03-04,5824.991301457532,6778.272590553977,6538.757658025568,6778.272590553977,216518700,34.29537776666294,7053.224460207039,7046.140643508313,6473.755550830761,6604.914919628664,6863.750731428914,-262.9954017906936,-110.78469792287365,1
2026-03-05,7390.305204499971,6826.175614477883,6658.515160788952,6682.466654173085,110256300,37.47712680916103,7333.675324729979,6201.880056573868,8120.043826549353,8283.906375389462,8189.55703086032,-176.67299808648636,-138.34423687166168,0
2026-03-06,7032.176898609222,6802.223939732143,6706.41796875,6778.272446986607,102725700,60.30429126089903,8708.131819205093,7566.231085081201,6264.894876580222,6858.596471721157,5647.435466712038,-198.72300399476975,-199.6126609161218,0
2026-03-09,6486.348142075275,6658.515124289773,6538.757658025568,6610.612137784091,150426400,24.026875682720572,8329.945420691012,8147.3321649802165,6258.279977275002,7053.114662798142,5935.0495150579545,-91.89823174200535,-160.45222830588645,1
2026-03-10,6652.741254610795,6754.321278561828,6634.563809083781,6658.515302979391,129977900,56.250096356879936,6447.820809816251,7309.92435764826,8662.86269411162,6154.917240346702,7042.954160852295,-193.8272994499427,-161.55359770090928,0
2026-03-11,5687.1401308662225,6706.4182692307695,6538.7578125,6682.466775412088,91723400,29.24349468376322,6961.433416747895,5392.4889156656145,4891.908010166532,7376.99660125653,6555.968341221228,-222.70127844648547,-163.72002309818842,1
2026-03-12,7610.170913876231,6730.369773975317,6538.75782311481,6538.75782311481,98787400,38.952011921683976,6321.264808160788,6849.044449705524,7357.580342161709,7305.955530468125,7164.330836185183,-173.87611344735652,-96.20756085358381,0
2026-03-13,7487.325638885638,6730.369604048296,6562.709151278409,6562.709151278409,107940600,42.14156293744145,7260.041799153459,6966.4234755702155,7102.623324787437,6137.141728826608,6635.1192095341585,-148.5546319299723,-110.01213694770091,0
2026-03-16,6993.738632500474,6586.660789207176,6419.000332754629,6562.709295428241,127757500,31.61322029736562,6042.302671418772,6270.732033698509,6126.828460745526,6296.897138005956,7186.433717212667,-235.77804895097245,-109.57392504277432,1
2026-03-17,7082.8738505178035,6538.757477369696,6466.902999596402,6466.902999596402,160903900,32.45187922240925,7607.134211417192,6179.367373955976,6381.325678701639,6813.933971810024,7633.630051535138,-160.20034095100993,-146.01039541950993,1
2026-03-25,7799.161408524054,6634.563798545063,6395.048859969429,6395.048859969429,314281100,38.600186083462404,5941.179062972019,7386.329598656717,7366.826290866914,7229.987674620761,6370.851013059824,-82.50257877280004,-212.95419282373612,0
2026-03-26,6235.511936933117,6682.466617542614,6562.709151278409,6610.612137784091,145934900,48.5091237139676,6722.170163290677,7238.234138510153,5229.809304305416,7363.321562655724,7288.950168577004,-94.44604497096559,-192.06809913949465,1
2026-03-27,7563.142628205359,6562.70895522388,6419.0,6490.85447761194,283556500,47.55142427561407,8441.215609153543,6110.743621849696,6426.79093347965,6243.191843740265,7776.267383136851,-226.73095436842243,-121.2687810338424,0
2026-03-30,6878.86002295811,6500.0,6350.0,6400.0,242278100,55.82632343883141,6380.524659893766,6755.426389359059,6684.747586279168,5503.606187487961,8093.028391885182,-171.821560588922,-178.48518191650618,0
2026-03-31,6647.911864727888,6550.0,6450.0,6450.0,150657800,49.27767423692989,6639.003360472653,6975.2867505626,6634.463597573036,7095.909292123439,7486.011499006144,-130.2513089736372,-126.96831918545637,1
2026-04-01,7182.720584193217,6650.0,6500.0,6550.0,132798100,33.79541054918218,5073.405238039124,7881.313013375686,6088.154781605883,5487.317394697773,7388.976830066453,-134.7102009160307,-176.5491462859066,0
2026-04-02,6769.409165772146,6600.0,6500.0,6550.0,72725400,43.36254608558554,5683.1079285595315,7153.204959597859,5050.4207173240375,5750.838539135688,5925.395277736239,-187.2566559974673,-126.1999276707026,0
2026-04-06,5672.226952340339,6625.0,6450.0,6600.0,57914600,44.97836559500551,7051.750579925576,6395.50774907626,6113.727904673317,8182.374388118164,7671.259403062552,-48.6863018526892,-131.9122328842188,0
2026-04-07,5325.633654702078,6525.0,6450.0,6500.0,65168700,35.408686160214906,5802.6275071120635,6750.693674945739,6851.835708771724,7475.074646592746,7081.84798387156,-118.11174455257441,-144.1350986225018,1
2026-04-08,5794.73531011423,6850.0,6625.0,6650.0,163594000,75.41939197785031,7259.157299915739,5386.422112287281,6107.598292132952,6153.516098255519,7016.089954488355,-170.31922432977316,-141.82525748321657,1
2026-04-09,6387.989568347538,6800.0,6450.0,6775.0,182409800,44.89217703819308,5983.560082822166,6726.04488073277,6523.668487805353,8320.557885031873,6311.339800085817,-161.07689925573663,-136.36691002102043,1
2026-04-10,6552.259408964827,6700.0,6475.0,6525.0,167336100,59.028463372587915,6267.927862969645,6266.781634367691,6455.910032441714,5882.812871549633,7134.306090338974,6.304400565821453,-156.39432359797632,1
2026-04-13,7323.3440969827225,6700.0,6575.0,6650.0,81955300,51.46693294699902,7239.968299705263,7163.465839318684,6294.163729519219,5768.727858141545,6277.1228741752075,-150.278157913022,-82.34851399597977,0
2026-04-14,6772.029727715551,6800.0,6675.0,6675.0,105010900,54.49839870073513,7187.528878680879,6604.117769547221,6884.619400116656,6773.758301175645,7044.4109880826,-83.79927200551094,-70.16060304700024,1
2026-04-15,7381.1006382076785,6800.0,6550.0,6775.0,104880600,50.26284296644666,6855.6128634511115,7120.795464900824,5894.251831171024,6114.663299033587,7364.580837174097,-11.190567307150936,-170.68094236050888,0
2026-04-16,4596.563995380761,6650.0,6500.0,6575.0,122416100,48.396411280723434,6602.484519889097,6982.702110045053,5691.6026982072435,6972.79596681969,6446.289794636066,-3.131490091388301,-114.83740673731995,1
2026-04-17,7712.6610569919385,6550.0,6425.0,6500.0,156827000,49.588983187067754,8142.994897359832,5703.203979338866,7043.6513256763055,5914.536352946531,5654.516023071985,-61.687775058492335,-142.07299367681406,1
2026-04-20,8416.072807413804,6575.0,6425.0,6450.0,137435700,55.570628529537764,7040.570840265611,7880.27115397168,8506.874546905698,5791.775774725293,6750.394337077348,-109.30269878594878,-87.32992158983882,0
2026-04-21,5525.153243940854,6525.0,6425.0,6475.0,112151900,45.037455842924935,6819.465917890511,6793.818542968673,7388.474841870841,5516.054746071579,5914.3986364171105,-176.62368584176735,-76.86425207159415,1
2026-04-22,5824.85193924191,6525.0,6450.0,6475.0,95673700,55.621251519232324,5982.9577644942165,6971.940957025401,6874.075339556146,5611.947183678879,7449.913523464157,3.916353905760147,-158.0957804091446,1
2026-04-23,7518.593562149728,6550.0,6425.0,6450.0,95913400,51.19505520632085,5955.205572393497,7219.033180648676,7153.229156597012,6231.517522138483,6926.0877554261315,-111.37419395649195,-89.98338415939128,0
2026-04-24,6077.809558817582,6425.0,6050.0,6400.0,435004800,38.483811551712705,7010.937551721051,5764.710459948122,7338.26206480452,6369.130408493374,5720.509115634904,-128.79400120754056,-5.122673349508602,0
2026-04-27,5348.5950639563525,6050.0,5950.0,6025.0,273263100,21.505229837558517,5383.473256590149,6178.0666471031145,7029.632719716116,6119.75875838835,5923.6472395345645,-89.74189347163923,-98.2924119929076,1
2026-04-28,6582.699607435995,6075.0,5950.0,6025.0,174091200,21.800228207783142,6295.40127963803,6723.473895095427,5656.977051794576,6984.722410139186,6932.865696505542,-165.37788366641092,-126.37549064704803,0
2026-04-29,6020.920103252122,6050.0,5950.0,6000.0,176050900,41.16175172079197,5627.007575657737,6854.171863222635,5745.982199898094,7010.984353596827,6979.814161302744,-143.73448010908265,-90.82923646615188,0
2026-04-30,4494.8430057419,5975.0,5800.0,5950.0,303405400,14.982567849097261,6128.608526243446,6636.60144905989,7114.183529585455,5166.825439454119,6515.596205423748,-165.155733457091,-85.4763632876518,1
2026-05-04,6407.275295070224,5950.0,5800.0,5800.0,207566700,29.916984097838743,6692.803189875449,6167.774213844683,6825.026619865279,6305.0627990630355,7100.754363664779,-207.20754268388274,-139.3928203287357,1
2026-05-05,7048.533942277803,6075.0,5875.0,5900.0,179928300,10.823273138117045,5398.195193638134,5358.570458608703,6531.226405009727,6000.640175583866,6652.51584788296,-217.27119985810006,-191.33712200080254,0
2026-05-06,6331.972509345083,6000.0,5900.0,5950.0,90843100,17.020879408798365,6049.187037425694,5207.8400854599795,6747.710358634749,6535.11485962286,5487.139144032734,-147.2733483941758,-188.58640358727695,0
2026-05-07,5722.909061156362,6325.0,6000.0,6000.0,238690900,39.26242630125338,4678.053624631872,5184.375658714199,5783.0767430699525,6162.599941242626,6635.470859917943,-156.36106024651917,-158.96837621074562,0
2026-05-08,5437.39112865038,6425.0,6175.0,6225.0,201784700,40.93069330567281,5780.256989607773,6049.706919793367,7058.91585282341,6923.429834572439,5972.582977705879,-115.49842070597619,-135.53969227214338,1
2026-05-11,6534.383370840978,6275.0,6100.0,6225.0,126301300,25.878665078877553,5875.216109136794,5344.508048666137,4661.2643927787985,4497.513183520239,6013.655970081642,-164.5455725787525,-170.3994692005322,1
2026-05-12,7605.725435638893,6150.0,6050.0,6125.0,107394400,19.915854855113757,5759.692579592036,4851.059343599214,6217.384723345572,6464.393409266817,5666.936027858224,-143.92666127777042,-174.06771235626732,0
2026-05-13,4621.524805881898,6200.0,6025.0,6125.0,147339600,44.25557039921577,5544.0846749550965,6888.885908496749,6355.411268125037,5665.097767749758,6501.024978586853,-63.20979142948013,-174.5264799450035,1
2026-05-14,5989.197975602806,6100.0,6100.0,6100.0,0,45.13791736838766,6586.210760286473,6276.559110468431,6527.787881854821,6974.346676632835,6017.431626143213,-101.73303263423523,-95.0343937919547,0
2026-05-15,5682.599257757891,6100.0,6100.0,6100.0,0,50.839236040342385,6077.733920161872,5312.276290286212,4279.818199670265,6447.203782991748,6650.385164255078,-85.64554436242446,-138.68231137060346,0
2026-05-18,4673.89983241509,6125.0,5900.0,5950.0,208748400,47.05945834480408,5065.587407811868,5634.607054983821,6552.371487386425,7037.595194176344,6962.293678558441,-45.97603255329119,-63.98111585878506,1
2026-05-19,7394.118057605884,6200.0,5950.0,6050.0,184830100,53.483064269070866,6735.623727763393,5657.324232237932,6537.0128210483945,6136.105227304911,6978.507427086857,-167.21876491667825,-134.47668575810422,0
2026-05-20,5246.955200209819,6100.0,5875.0,5975.0,195107100,65.60971251943621,7370.599780663801,7261.4301450856665,5734.223654367965,6082.043299481616,6780.814160261275,-20.828427806122278,-170.6452975637648,1
2026-05-21,5725.547625243333,6150.0,5925.0,6000.0,210976100,39.08935341706356,6788.384473042471,6245.8704483500715,5625.5901213572115,6489.664838670771,6837.938491071171,-135.24109102747204,-15.080559780289391,0
2026-05-22,5217.182339468858,5975.0,5825.0,5900.0,288919700,45.659940168218164,5871.7623095980525,6492.020667902477,5799.049872005013,6004.16261937819,6667.174647631355,-137.73887154692537,-91.24967365265518,1
2026-05-25,6050.617078895307,6175.0,5925.0,5950.0,263179200,60.201346058029635,6684.981935682758,5572.777790204835,5661.660830813329,5687.10268871644,5174.193973550544,-66.36914202099445,-84.19864056597514,1
2026-05-26,7123.0038719096565,6100.0,5950.0,6050.0,225158700,58.58129430215059,6721.55599074274,6288.755547657327,6364.429486744546,4779.873845926626,6541.942594998396,-116.81024944860766,-160.5673833200033,0
2026-05-27,5926.329026923696,5975.0,5975.0,5975.0,0,46.50812486963576,6658.747178489624,6912.368124375356,6338.271355314054,6501.724475359392,5219.996058318325,-111.70579339540316,-137.53744553489412,1
2026-05-28,6477.188123503685,5975.0,5975.0,5975.0,0,31.78609900019468,4890.599926420057,6225.166387152016,5905.599798184029,6255.286691398331,5764.987530991309,-57.537982910447724,-61.594342801180076,0
2026-05-29,5966.785625142056,5875.0,5700.0,5750.0,1014028000,27.347154408126983,6117.91588639972,5817.702255635477,7316.690084459973,6677.887308498649,6613.086741954009,-100.33341165671551,-141.424913498249,1
2026-06-02,6150.777605777208,5875.0,5700.0,5750.0,346305200,39.06560731110466,3984.649609987365,5233.956001460213,5857.760803187431,6625.195255391956,6713.523555837749,-128.09053821619744,-13.529523976949108,0
2026-06-03,5328.861578854842,5825.0,5525.0,5775.0,353332300,6.786592671895587,6656.227033867127,5907.0221899201715,5880.979462893517,5489.597096533623,6835.960065437867,-168.2203685396428,-178.34471960283526,1
2026-06-04,5418.891563898144,5600.0,5300.0,5475.0,550059500,22.653529754864167,5610.819403936531,5866.031428978403,5979.825736887736,5378.934741199105,6501.326229214134,-118.26352997462209,-57.830500584064595,0
2026-06-05,4985.989885841048,5375.0,5075.0,5325.0,572612000,31.73021866356455,6097.482124511025,5489.872913207297,5824.017151416924,4465.942765122355,6121.402988698303,-165.26595910302842,-63.479505999928335,0
2026-06-08,4591.143459804917,5050.0,4850.0,4950.0,705093300,28.7363892773633,6340.583276194363,4959.412616274171,4277.183313252022,6105.052153215646,5930.208630470372,-217.30341292704182,-173.3441936503358,1
